3	Product Version: USB-60x3
3	Executable File Version: 2.9.2,5 
3	Program Build Date: Jan  5 2012,  14:10:25
3	Customer Serial Number: 200-371-1-1
3	Customer Name:  Luis Hernandez 
3	Customer Organization:  Univerisity of Michigan
3	--------------------------------------------------------
3	TimeValues	2019	2	15	19	58	37	UTC
3	TimeStamp	Friday, February 15, 2019, 2:58:37 PM 
3	DataFormat	2.9.0,009
3	ScreenSize	142.964	107.285	// full screen size (not measured lines) in mm
3	ViewingDistance	100
3	ImageShape	Fit
3	SmoothingMethod	SimpleMovingAverage
3	SmoothingPoints	4
3	eyeA:pupilSegmentationMethod	Ellipse
3	eyeA:gazeNudge	0	0
3	--------------------------------------------------------
3	Data Notes:
3	 1) X_Gaze and Y_Gaze are uncorrected gaze values (no smoothing, etc...).
3	 2) X_CorrectedGaze and Y_CorrectedGaze are corrected gaze values that may include smoothing, averaging, parallax correction, nudging, etc...
3	 3) Regions are calculated with respect to the corrected gaze values.
3	 4) PupilWidth and PupilHeight calculations are relative to which pupil segmentation method is active.
3	    a) Ellipse - PupilWidth is the major-axis (larger value) and PupilHeight is the minor-axis (smaller value).
3	       The major-axis and the minor-axis are both normalized by the width of the EyeCamera window so the scales of the axes are commensurable.
3	    b) Oval Fit - PupilWidth is the HORIZONTAL dimension and PupilHeight is the VERTICAL dimension of the rectangular bounding box of the unrotated Oval.
3	       The HORIZONTAL and VERTICAL dimensions are both normalized by the width and height of the EyeCamera window respectively so the scales of the axes are incommensurable (see manual for details).
3	    c) Centroid - PupilWidth and PupilHeight are 0, because no pupil size is obtained.
3	--------------------------------------------------------
3	 idName	
3	 idTest	
3	 idSession	
3	 idNotes	
3	--------------------------------------------------------
6	ATT	ADT	ALX	ALY	ACX	ACY	ARI	APW	APH	AQU	AFX	CNT
5	TotalTime	DeltaTime	X_Gaze	Y_Gaze	X_CorrectedGaze	Y_CorrectedGaze	Region	PupilWidth	PupilHeight	Quality	Fixation	Count
7	 0.000000	EyeA FrameRate	60
2	 0.000000	+
2	 0.000000	+
16	 0.000000	STARTUP.BMP
10	  0.0000	   0.0000	0.5969	0.3922	0.5969	0.3922	-1	0.4665	0.4083	1	16.4362	0
10	  0.0130	  12.9818	0.5969	0.3922	0.5969	0.3922	-1	0.4665	0.4083	1	16.4491	1
10	  0.0297	  16.7169	0.5969	0.3922	0.5969	0.3922	-1	0.4665	0.4083	1	16.4659	2
10	  0.0465	  16.7516	0.5969	0.3922	0.5969	0.3922	-1	0.4665	0.4083	1	16.4826	3
10	  0.0631	  16.6858	0.5969	0.3922	0.5969	0.3922	-1	0.4665	0.4083	1	16.4993	4
10	  0.0799	  16.7525	0.5969	0.3922	0.5969	0.3922	-1	0.4665	0.4083	1	16.5160	5
10	  0.0963	  16.3840	0.5969	0.3922	0.5969	0.3922	-1	0.4665	0.4083	1	16.5324	6
10	  0.1132	  16.8893	0.5969	0.3922	0.5969	0.3922	-1	0.4665	0.4083	1	16.5493	7
10	  0.1297	  16.5367	0.5969	0.3922	0.5969	0.3922	-1	0.4665	0.4083	1	16.5659	8
10	  0.1465	  16.8352	0.5969	0.3922	0.5969	0.3922	-1	0.4665	0.4083	1	16.5827	9
10	  0.1631	  16.6134	0.5969	0.3922	0.5969	0.3922	-1	0.4665	0.4083	1	16.5993	10
10	  0.1799	  16.7664	0.5969	0.3922	0.5969	0.3922	-1	0.4665	0.4083	1	16.6161	11
10	  0.1965	  16.6212	0.5969	0.3922	0.5969	0.3922	-1	0.4665	0.4083	1	16.6327	12
10	  0.2133	  16.7776	0.5969	0.3922	0.5969	0.3922	-1	0.4665	0.4083	1	16.6495	13
10	  0.2299	  16.5953	0.5969	0.3922	0.5969	0.3922	-1	0.4665	0.4083	1	16.6661	14
10	  0.2467	  16.7495	0.5969	0.3922	0.5969	0.3922	-1	0.4665	0.4083	1	16.6828	15
10	  0.2633	  16.6215	0.5969	0.3922	0.5969	0.3922	-1	0.4665	0.4083	1	16.6994	16
10	  0.2800	  16.7531	0.5969	0.3922	0.5969	0.3922	-1	0.4665	0.4083	1	16.7162	17
10	  0.2967	  16.6261	0.5969	0.3922	0.5969	0.3922	-1	0.4665	0.4083	1	16.7328	18
10	  0.3134	  16.7290	0.5969	0.3922	0.5969	0.3922	-1	0.4665	0.4083	1	16.7495	19
10	  0.3301	  16.6683	0.5969	0.3922	0.5969	0.3922	-1	0.4665	0.4083	1	16.7662	20
10	  0.3468	  16.7408	0.5969	0.3922	0.5969	0.3922	-1	0.4665	0.4083	1	16.7830	21
10	  0.3634	  16.5904	0.5969	0.3922	0.5969	0.3922	-1	0.4665	0.4083	1	16.7995	22
10	  0.3802	  16.7918	0.5969	0.3922	0.5969	0.3922	-1	0.4665	0.4083	1	16.8163	23
10	  0.3968	  16.6209	0.5969	0.3922	0.5969	0.3922	-1	0.4665	0.4083	1	16.8330	24
10	  0.4135	  16.7284	0.5969	0.3922	0.5969	0.3922	-1	0.4665	0.4083	1	16.8497	25
10	  0.4302	  16.6460	0.5969	0.3922	0.5969	0.3922	-1	0.4665	0.4083	1	16.8663	26
10	  0.4469	  16.7510	0.5969	0.3922	0.5969	0.3922	-1	0.4665	0.4083	1	16.8831	27
10	  0.4636	  16.6264	0.5969	0.3922	0.5969	0.3922	-1	0.4665	0.4083	1	16.8997	28
10	  0.4803	  16.7426	0.5969	0.3922	0.5969	0.3922	-1	0.4665	0.4083	1	16.9165	29
10	  0.4969	  16.6236	0.5969	0.3922	0.5969	0.3922	-1	0.4665	0.4083	1	16.9331	30
10	  0.5136	  16.7178	0.5969	0.3922	0.5969	0.3922	-1	0.4665	0.4083	1	16.9498	31
10	  0.5303	  16.6590	0.5969	0.3922	0.5969	0.3922	-1	0.4665	0.4083	1	16.9665	32
10	  0.5470	  16.7492	0.5969	0.3922	0.5969	0.3922	-1	0.4665	0.4083	1	16.9832	33
10	  0.5636	  16.5901	0.5969	0.3922	0.5969	0.3922	-1	0.4665	0.4083	1	16.9998	34
10	  0.5804	  16.7882	0.5969	0.3922	0.5969	0.3922	-1	0.4665	0.4083	1	17.0166	35
10	  0.5969	  16.4733	0.5969	0.3922	0.5969	0.3922	-1	0.4665	0.4083	1	17.0331	36
10	  0.6136	  16.7365	0.5969	0.3922	0.5969	0.3922	-1	0.4665	0.4083	1	17.0498	37
10	  0.6303	  16.6381	0.5969	0.3922	0.5969	0.3922	-1	0.4665	0.4083	1	17.0664	38
10	  0.6470	  16.7489	0.5969	0.3922	0.5969	0.3922	-1	0.4665	0.4083	1	17.0832	39
10	  0.6636	  16.6233	0.5969	0.3922	0.5969	0.3922	-1	0.4665	0.4083	1	17.0998	40
10	  0.6804	  16.7510	0.5969	0.3922	0.5969	0.3922	-1	0.4665	0.4083	1	17.1166	41
10	  0.6970	  16.6252	0.5969	0.3922	0.5969	0.3922	-1	0.4665	0.4083	1	17.1332	42
10	  0.7138	  16.7477	0.5969	0.3922	0.5969	0.3922	-1	0.4665	0.4083	1	17.1499	43
10	  0.7304	  16.6285	0.5969	0.3922	0.5969	0.3922	-1	0.4665	0.4083	1	17.1666	44
10	  0.7471	  16.7456	0.5969	0.3922	0.5969	0.3922	-1	0.4665	0.4083	1	17.1833	45
10	  0.7638	  16.6279	0.5969	0.3922	0.5969	0.3922	-1	0.4665	0.4083	1	17.1999	46
10	  0.7805	  16.7474	0.5969	0.3922	0.5969	0.3922	-1	0.4665	0.4083	1	17.2167	47
10	  0.7972	  16.6409	0.5969	0.3922	0.5969	0.3922	-1	0.4665	0.4083	1	17.2333	48
10	  0.8139	  16.7326	0.5969	0.3922	0.5969	0.3922	-1	0.4665	0.4083	1	17.2500	49
10	  0.8305	  16.6487	0.5969	0.3922	0.5969	0.3922	-1	0.4665	0.4083	1	17.2667	50
10	  0.8473	  16.7426	0.5969	0.3922	0.5969	0.3922	-1	0.4665	0.4083	1	17.2834	51
10	  0.8639	  16.6294	0.5969	0.3922	0.5969	0.3922	-1	0.4665	0.4083	1	17.3001	52
10	  0.8807	  16.7465	0.5969	0.3922	0.5969	0.3922	-1	0.4665	0.4083	1	17.3168	53
10	  0.8973	  16.6288	0.5969	0.3922	0.5969	0.3922	-1	0.4665	0.4083	1	17.3334	54
10	  0.9140	  16.7257	0.5969	0.3922	0.5969	0.3922	-1	0.4665	0.4083	1	17.3502	55
10	  0.9307	  16.6457	0.5969	0.3922	0.5969	0.3922	-1	0.4665	0.4083	1	17.3668	56
10	  0.9474	  16.7480	0.5969	0.3922	0.5969	0.3922	-1	0.4665	0.4083	1	17.3836	57
10	  0.9640	  16.5802	0.5969	0.3922	0.5969	0.3922	-1	0.4665	0.4083	1	17.4001	58
10	  0.9808	  16.7963	0.5969	0.3922	0.5969	0.3922	-1	0.4665	0.4083	1	17.4169	59
10	  0.9974	  16.6270	0.5969	0.3922	0.5969	0.3922	-1	0.4665	0.4083	1	17.4336	60
10	  1.0142	  16.7531	0.5969	0.3922	0.5969	0.3922	-1	0.4665	0.4083	1	17.4503	61
10	  1.0308	  16.6176	0.5969	0.3922	0.5969	0.3922	-1	0.4665	0.4083	1	17.4669	62
10	  1.0474	  16.6677	0.5969	0.3922	0.5969	0.3922	-1	0.4665	0.4083	1	17.4836	63
10	  1.0640	  16.5584	0.5969	0.3922	0.5969	0.3922	-1	0.4665	0.4083	1	17.5002	64
10	  1.0809	  16.8971	0.5969	0.3922	0.5969	0.3922	-1	0.4665	0.4083	1	17.5171	65
10	  1.0974	  16.4812	0.5969	0.3922	0.5969	0.3922	-1	0.4665	0.4083	1	17.5335	66
10	  1.1142	  16.8537	0.5969	0.3922	0.5969	0.3922	-1	0.4665	0.4083	1	17.5504	67
10	  1.1308	  16.5150	0.5969	0.3922	0.5969	0.3922	-1	0.4665	0.4083	1	17.5669	68
10	  1.1475	  16.7559	0.5969	0.3922	0.5969	0.3922	-1	0.4665	0.4083	1	17.5837	69
10	  1.1641	  16.6203	0.5969	0.3922	0.5969	0.3922	-1	0.4665	0.4083	1	17.6003	70
10	  1.1809	  16.7465	0.5969	0.3922	0.5969	0.3922	-1	0.4665	0.4083	1	17.6170	71
10	  1.1975	  16.6279	0.5969	0.3922	0.5969	0.3922	-1	0.4665	0.4083	1	17.6337	72
10	  1.2142	  16.7450	0.5969	0.3922	0.5969	0.3922	-1	0.4665	0.4083	1	17.6504	73
10	  1.2309	  16.6291	0.5969	0.3922	0.5969	0.3922	-1	0.4665	0.4083	1	17.6670	74
10	  1.2476	  16.7501	0.5969	0.3922	0.5969	0.3922	-1	0.4665	0.4083	1	17.6838	75
10	  1.2642	  16.6239	0.5969	0.3922	0.5969	0.3922	-1	0.4665	0.4083	1	17.7004	76
10	  1.2810	  16.7465	0.5969	0.3922	0.5969	0.3922	-1	0.4665	0.4083	1	17.7172	77
10	  1.2976	  16.6430	0.5969	0.3922	0.5969	0.3922	-1	0.4665	0.4083	1	17.7338	78
10	  1.3144	  16.7350	0.5969	0.3922	0.5969	0.3922	-1	0.4665	0.4083	1	17.7505	79
10	  1.3310	  16.6442	0.5969	0.3922	0.5969	0.3922	-1	0.4665	0.4083	1	17.7672	80
10	  1.3478	  16.7528	0.5969	0.3922	0.5969	0.3922	-1	0.4665	0.4083	1	17.7839	81
10	  1.3644	  16.6182	0.5969	0.3922	0.5969	0.3922	-1	0.4665	0.4083	1	17.8005	82
10	  1.3811	  16.7522	0.5969	0.3922	0.5969	0.3922	-1	0.4665	0.4083	1	17.8173	83
10	  1.3978	  16.6221	0.5969	0.3922	0.5969	0.3922	-1	0.4665	0.4083	1	17.8339	84
10	  1.4145	  16.7501	0.5969	0.3922	0.5969	0.3922	-1	0.4665	0.4083	1	17.8507	85
10	  1.4311	  16.6279	0.5969	0.3922	0.5969	0.3922	-1	0.4665	0.4083	1	17.8673	86
10	  1.4479	  16.7468	0.5969	0.3922	0.5969	0.3922	-1	0.4665	0.4083	1	17.8840	87
10	  1.4645	  16.6209	0.5969	0.3922	0.5969	0.3922	-1	0.4665	0.4083	1	17.9007	88
10	  1.4813	  16.7562	0.5969	0.3922	0.5969	0.3922	-1	0.4665	0.4083	1	17.9174	89
10	  1.4979	  16.6209	0.5969	0.3922	0.5969	0.3922	-1	0.4665	0.4083	1	17.9340	90
10	  1.5146	  16.7577	0.5969	0.3922	0.5969	0.3922	-1	0.4665	0.4083	1	17.9508	91
10	  1.5312	  16.5732	0.5969	0.3922	0.5969	0.3922	-1	0.4665	0.4083	1	17.9674	92
10	  1.5480	  16.7888	0.5969	0.3922	0.5969	0.3922	-1	0.4665	0.4083	1	17.9842	93
10	  1.5645	  16.4818	0.5969	0.3922	0.5969	0.3922	-1	0.4665	0.4083	1	18.0006	94
10	  1.5814	  16.8992	0.5969	0.3922	0.5969	0.3922	-1	0.4665	0.4083	1	18.0175	95
10	  1.5979	  16.4715	0.5969	0.3922	0.5969	0.3922	-1	0.4665	0.4083	1	18.0340	96
10	  1.6148	  16.8977	0.5969	0.3922	0.5969	0.3922	-1	0.4665	0.4083	1	18.0509	97
10	  1.6312	  16.4797	0.5969	0.3922	0.5969	0.3922	-1	0.4665	0.4083	1	18.0674	98
10	  1.6480	  16.7489	0.5969	0.3922	0.5969	0.3922	-1	0.4665	0.4083	1	18.0841	99
10	  1.6646	  16.6297	0.5969	0.3922	0.5969	0.3922	-1	0.4665	0.4083	1	18.1008	100
10	  1.6814	  16.7420	0.5969	0.3922	0.5969	0.3922	-1	0.4665	0.4083	1	18.1175	101
10	  1.6980	  16.6285	0.5969	0.3922	0.5969	0.3922	-1	0.4665	0.4083	1	18.1341	102
10	  1.7147	  16.7498	0.5969	0.3922	0.5969	0.3922	-1	0.4665	0.4083	1	18.1509	103
10	  1.7314	  16.6246	0.5969	0.3922	0.5969	0.3922	-1	0.4665	0.4083	1	18.1675	104
10	  1.7481	  16.7474	0.5969	0.3922	0.5969	0.3922	-1	0.4665	0.4083	1	18.1843	105
10	  1.7648	  16.6436	0.5969	0.3922	0.5969	0.3922	-1	0.4665	0.4083	1	18.2009	106
10	  1.7815	  16.7311	0.5969	0.3922	0.5969	0.3922	-1	0.4665	0.4083	1	18.2176	107
10	  1.7981	  16.6076	0.5969	0.3922	0.5969	0.3922	-1	0.4665	0.4083	1	18.2342	108
10	  1.8149	  16.7827	0.5969	0.3922	0.5969	0.3922	-1	0.4665	0.4083	1	18.2510	109
10	  1.8315	  16.6315	0.5969	0.3922	0.5969	0.3922	-1	0.4665	0.4083	1	18.2677	110
10	  1.8483	  16.7510	0.5969	0.3922	0.5969	0.3922	-1	0.4665	0.4083	1	18.2844	111
10	  1.8649	  16.6158	0.5969	0.3922	0.5969	0.3922	-1	0.4665	0.4083	1	18.3010	112
10	  1.8816	  16.7501	0.5969	0.3922	0.5969	0.3922	-1	0.4665	0.4083	1	18.3178	113
10	  1.8982	  16.6264	0.5969	0.3922	0.5969	0.3922	-1	0.4665	0.4083	1	18.3344	114
10	  1.9150	  16.7522	0.5969	0.3922	0.5969	0.3922	-1	0.4665	0.4083	1	18.3512	115
10	  1.9316	  16.6212	0.5969	0.3922	0.5969	0.3922	-1	0.4665	0.4083	1	18.3678	116
10	  1.9484	  16.7571	0.5969	0.3922	0.5969	0.3922	-1	0.4665	0.4083	1	18.3845	117
10	  1.9650	  16.6158	0.5969	0.3922	0.5969	0.3922	-1	0.4665	0.4083	1	18.4012	118
10	  1.9817	  16.7498	0.5969	0.3922	0.5969	0.3922	-1	0.4665	0.4083	1	18.4179	119
10	  1.9984	  16.6288	0.5969	0.3922	0.5969	0.3922	-1	0.4665	0.4083	1	18.4345	120
10	  2.0151	  16.7465	0.5969	0.3922	0.5969	0.3922	-1	0.4665	0.4083	1	18.4513	121
10	  2.0317	  16.6239	0.5969	0.3922	0.5969	0.3922	-1	0.4665	0.4083	1	18.4679	122
10	  2.0485	  16.7501	0.5969	0.3922	0.5969	0.3922	-1	0.4665	0.4083	1	18.4847	123
10	  2.0650	  16.4806	0.5969	0.3922	0.5969	0.3922	-1	0.4665	0.4083	1	18.5011	124
10	  2.0817	  16.7462	0.5969	0.3922	0.5969	0.3922	-1	0.4665	0.4083	1	18.5179	125
10	  2.0983	  16.6224	0.5969	0.3922	0.5969	0.3922	-1	0.4665	0.4083	1	18.5345	126
10	  2.1151	  16.7547	0.5969	0.3922	0.5969	0.3922	-1	0.4665	0.4083	1	18.5513	127
10	  2.1317	  16.6221	0.5969	0.3922	0.5969	0.3922	-1	0.4665	0.4083	1	18.5679	128
10	  2.1485	  16.7501	0.5969	0.3922	0.5969	0.3922	-1	0.4665	0.4083	1	18.5846	129
10	  2.1651	  16.6261	0.5969	0.3922	0.5969	0.3922	-1	0.4665	0.4083	1	18.6013	130
10	  2.1818	  16.7501	0.5969	0.3922	0.5969	0.3922	-1	0.4665	0.4083	1	18.6180	131
10	  2.1985	  16.6221	0.5969	0.3922	0.5969	0.3922	-1	0.4665	0.4083	1	18.6346	132
10	  2.2152	  16.7507	0.5969	0.3922	0.5969	0.3922	-1	0.4665	0.4083	1	18.6514	133
10	  2.2318	  16.6185	0.5969	0.3922	0.5969	0.3922	-1	0.4665	0.4083	1	18.6680	134
10	  2.2486	  16.7571	0.5969	0.3922	0.5969	0.3922	-1	0.4665	0.4083	1	18.6848	135
10	  2.2652	  16.6372	0.5969	0.3922	0.5969	0.3922	-1	0.4665	0.4083	1	18.7014	136
10	  2.2820	  16.7371	0.5969	0.3922	0.5969	0.3922	-1	0.4665	0.4083	1	18.7181	137
10	  2.2986	  16.6484	0.5969	0.3922	0.5969	0.3922	-1	0.4665	0.4083	1	18.7348	138
10	  2.3153	  16.7109	0.5969	0.3922	0.5969	0.3922	-1	0.4665	0.4083	1	18.7515	139
10	  2.3320	  16.6556	0.5969	0.3922	0.5969	0.3922	-1	0.4665	0.4083	1	18.7681	140
10	  2.3487	  16.7510	0.5969	0.3922	0.5969	0.3922	-1	0.4665	0.4083	1	18.7849	141
10	  2.3654	  16.6264	0.5969	0.3922	0.5969	0.3922	-1	0.4665	0.4083	1	18.8015	142
10	  2.3821	  16.7211	0.5969	0.3922	0.5969	0.3922	-1	0.4665	0.4083	1	18.8182	143
10	  2.3987	  16.6224	0.5969	0.3922	0.5969	0.3922	-1	0.4665	0.4083	1	18.8349	144
10	  2.4155	  16.7794	0.5969	0.3922	0.5969	0.3922	-1	0.4665	0.4083	1	18.8516	145
10	  2.4321	  16.6267	0.5969	0.3922	0.5969	0.3922	-1	0.4665	0.4083	1	18.8683	146
10	  2.4489	  16.7465	0.5969	0.3922	0.5969	0.3922	-1	0.4665	0.4083	1	18.8850	147
10	  2.4655	  16.6221	0.5969	0.3922	0.5969	0.3922	-1	0.4665	0.4083	1	18.9016	148
10	  2.4822	  16.7498	0.5969	0.3922	0.5969	0.3922	-1	0.4665	0.4083	1	18.9184	149
10	  2.4989	  16.6264	0.5969	0.3922	0.5969	0.3922	-1	0.4665	0.4083	1	18.9350	150
10	  2.5156	  16.7202	0.5969	0.3922	0.5969	0.3922	-1	0.4665	0.4083	1	18.9517	151
10	  2.5321	  16.5068	0.5969	0.3922	0.5969	0.3922	-1	0.4665	0.4083	1	18.9682	152
10	  2.5490	  16.8953	0.5969	0.3922	0.5969	0.3922	-1	0.4665	0.4083	1	18.9851	153
10	  2.5655	  16.4797	0.5969	0.3922	0.5969	0.3922	-1	0.4665	0.4083	1	19.0016	154
10	  2.5822	  16.7202	0.5969	0.3922	0.5969	0.3922	-1	0.4665	0.4083	1	19.0183	155
10	  2.5988	  16.6544	0.5969	0.3922	0.5969	0.3922	-1	0.4665	0.4083	1	19.0350	156
10	  2.6156	  16.7528	0.5969	0.3922	0.5969	0.3922	-1	0.4665	0.4083	1	19.0517	157
10	  2.6322	  16.5941	0.5969	0.3922	0.5969	0.3922	-1	0.4665	0.4083	1	19.0683	158
10	  2.6489	  16.7510	0.5969	0.3922	0.5969	0.3922	-1	0.4665	0.4083	1	19.0851	159
10	  2.6656	  16.6209	0.5969	0.3922	0.5969	0.3922	-1	0.4665	0.4083	1	19.1017	160
10	  2.6823	  16.7752	0.5969	0.3922	0.5969	0.3922	-1	0.4665	0.4083	1	19.1185	161
10	  2.6989	  16.6122	0.5969	0.3922	0.5969	0.3922	-1	0.4665	0.4083	1	19.1351	162
10	  2.7157	  16.7450	0.5969	0.3922	0.5969	0.3922	-1	0.4665	0.4083	1	19.1518	163
10	  2.7323	  16.6227	0.5969	0.3922	0.5969	0.3922	-1	0.4665	0.4083	1	19.1685	164
10	  2.7491	  16.7691	0.5969	0.3922	0.5969	0.3922	-1	0.4665	0.4083	1	19.1852	165
10	  2.7657	  16.6463	0.5969	0.3922	0.5969	0.3922	-1	0.4665	0.4083	1	19.2019	166
10	  2.7825	  16.7293	0.5969	0.3922	0.5969	0.3922	-1	0.4665	0.4083	1	19.2186	167
10	  2.7991	  16.6448	0.5969	0.3922	0.5969	0.3922	-1	0.4665	0.4083	1	19.2353	168
10	  2.8158	  16.7221	0.5969	0.3922	0.5969	0.3922	-1	0.4665	0.4083	1	19.2520	169
10	  2.8325	  16.6520	0.5969	0.3922	0.5969	0.3922	-1	0.4665	0.4083	1	19.2686	170
10	  2.8492	  16.7477	0.5969	0.3922	0.5969	0.3922	-1	0.4665	0.4083	1	19.2854	171
10	  2.8658	  16.6249	0.5969	0.3922	0.5969	0.3922	-1	0.4665	0.4083	1	19.3020	172
10	  2.8826	  16.7486	0.5969	0.3922	0.5969	0.3922	-1	0.4665	0.4083	1	19.3187	173
10	  2.8992	  16.6243	0.5969	0.3922	0.5969	0.3922	-1	0.4665	0.4083	1	19.3354	174
10	  2.9160	  16.7540	0.5969	0.3922	0.5969	0.3922	-1	0.4665	0.4083	1	19.3521	175
10	  2.9326	  16.6236	0.5969	0.3922	0.5969	0.3922	-1	0.4665	0.4083	1	19.3688	176
10	  2.9493	  16.7459	0.5969	0.3922	0.5969	0.3922	-1	0.4665	0.4083	1	19.3855	177
10	  2.9660	  16.6233	0.5969	0.3922	0.5969	0.3922	-1	0.4665	0.4083	1	19.4021	178
10	  2.9827	  16.7537	0.5969	0.3922	0.5969	0.3922	-1	0.4665	0.4083	1	19.4189	179
10	  2.9993	  16.6327	0.5969	0.3922	0.5969	0.3922	-1	0.4665	0.4083	1	19.4355	180
10	  3.0161	  16.7374	0.5969	0.3922	0.5969	0.3922	-1	0.4665	0.4083	1	19.4522	181
10	  3.0327	  16.6312	0.5969	0.3922	0.5969	0.3922	-1	0.4665	0.4083	1	19.4689	182
10	  3.0495	  16.7444	0.5969	0.3922	0.5969	0.3922	-1	0.4665	0.4083	1	19.4856	183
10	  3.0659	  16.4791	0.5969	0.3922	0.5969	0.3922	-1	0.4665	0.4083	1	19.5021	184
10	  3.0827	  16.7459	0.5969	0.3922	0.5969	0.3922	-1	0.4665	0.4083	1	19.5188	185
10	  3.0993	  16.6267	0.5969	0.3922	0.5969	0.3922	-1	0.4665	0.4083	1	19.5355	186
10	  3.1162	  16.8986	0.5969	0.3922	0.5969	0.3922	-1	0.4665	0.4083	1	19.5524	187
10	  3.1327	  16.4772	0.5969	0.3922	0.5969	0.3922	-1	0.4665	0.4083	1	19.5688	188
10	  3.1494	  16.7217	0.5969	0.3922	0.5969	0.3922	-1	0.4665	0.4083	1	19.5856	189
10	  3.1661	  16.6466	0.5969	0.3922	0.5969	0.3922	-1	0.4665	0.4083	1	19.6022	190
10	  3.1828	  16.7498	0.5969	0.3922	0.5969	0.3922	-1	0.4665	0.4083	1	19.6190	191
10	  3.1995	  16.6584	0.5969	0.3922	0.5969	0.3922	-1	0.4665	0.4083	1	19.6356	192
10	  3.2162	  16.7187	0.5969	0.3922	0.5969	0.3922	-1	0.4665	0.4083	1	19.6523	193
10	  3.2328	  16.6360	0.5969	0.3922	0.5969	0.3922	-1	0.4665	0.4083	1	19.6690	194
10	  3.2496	  16.7396	0.5969	0.3922	0.5969	0.3922	-1	0.4665	0.4083	1	19.6857	195
10	  3.2662	  16.6448	0.5969	0.3922	0.5969	0.3922	-1	0.4665	0.4083	1	19.7024	196
10	  3.2830	  16.7722	0.5969	0.3922	0.5969	0.3922	-1	0.4665	0.4083	1	19.7191	197
10	  3.2996	  16.6116	0.5969	0.3922	0.5969	0.3922	-1	0.4665	0.4083	1	19.7357	198
10	  3.3163	  16.7224	0.5969	0.3922	0.5969	0.3922	-1	0.4665	0.4083	1	19.7525	199
10	  3.3330	  16.6650	0.5969	0.3922	0.5969	0.3922	-1	0.4665	0.4083	1	19.7691	200
10	  3.3497	  16.7287	0.5969	0.3922	0.5969	0.3922	-1	0.4665	0.4083	1	19.7859	201
10	  3.3663	  16.6224	0.5969	0.3922	0.5969	0.3922	-1	0.4665	0.4083	1	19.8025	202
10	  3.3831	  16.7371	0.5969	0.3922	0.5969	0.3922	-1	0.4665	0.4083	1	19.8192	203
10	  3.3997	  16.5947	0.5969	0.3922	0.5969	0.3922	-1	0.4665	0.4083	1	19.8358	204
10	  3.4164	  16.7903	0.5969	0.3922	0.5969	0.3922	-1	0.4665	0.4083	1	19.8526	205
10	  3.4331	  16.6188	0.5969	0.3922	0.5969	0.3922	-1	0.4665	0.4083	1	19.8692	206
10	  3.4498	  16.7568	0.5969	0.3922	0.5969	0.3922	-1	0.4665	0.4083	1	19.8860	207
10	  3.4664	  16.6224	0.5969	0.3922	0.5969	0.3922	-1	0.4665	0.4083	1	19.9026	208
10	  3.4831	  16.6940	0.5969	0.3922	0.5969	0.3922	-1	0.4665	0.4083	1	19.9193	209
10	  3.4998	  16.6553	0.5969	0.3922	0.5969	0.3922	-1	0.4665	0.4083	1	19.9360	210
10	  3.5165	  16.7456	0.5969	0.3922	0.5969	0.3922	-1	0.4665	0.4083	1	19.9527	211
10	  3.5330	  16.4999	0.5969	0.3922	0.5969	0.3922	-1	0.4665	0.4083	1	19.9692	212
10	  3.5498	  16.7272	0.5969	0.3922	0.5969	0.3922	-1	0.4665	0.4083	1	19.9859	213
10	  3.5664	  16.6565	0.5969	0.3922	0.5969	0.3922	-1	0.4665	0.4083	1	20.0026	214
10	  3.5832	  16.7773	0.5969	0.3922	0.5969	0.3922	-1	0.4665	0.4083	1	20.0194	215
10	  3.5998	  16.5775	0.5969	0.3922	0.5969	0.3922	-1	0.4665	0.4083	1	20.0359	216
10	  3.6165	  16.7571	0.5969	0.3922	0.5969	0.3922	-1	0.4665	0.4083	1	20.0527	217
10	  3.6332	  16.6547	0.5969	0.3922	0.5969	0.3922	-1	0.4665	0.4083	1	20.0693	218
10	  3.6499	  16.7278	0.5969	0.3922	0.5969	0.3922	-1	0.4665	0.4083	1	20.0861	219
10	  3.6665	  16.6267	0.5969	0.3922	0.5969	0.3922	-1	0.4665	0.4083	1	20.1027	220
10	  3.6833	  16.7350	0.5969	0.3922	0.5969	0.3922	-1	0.4665	0.4083	1	20.1194	221
10	  3.6999	  16.6412	0.5969	0.3922	0.5969	0.3922	-1	0.4665	0.4083	1	20.1361	222
10	  3.7167	  16.7450	0.5969	0.3922	0.5969	0.3922	-1	0.4665	0.4083	1	20.1528	223
10	  3.7333	  16.6131	0.5969	0.3922	0.5969	0.3922	-1	0.4665	0.4083	1	20.1694	224
10	  3.7500	  16.7649	0.5969	0.3922	0.5969	0.3922	-1	0.4665	0.4083	1	20.1862	225
10	  3.7667	  16.6466	0.5969	0.3922	0.5969	0.3922	-1	0.4665	0.4083	1	20.2028	226
10	  3.7834	  16.7070	0.5969	0.3922	0.5969	0.3922	-1	0.4665	0.4083	1	20.2196	227
10	  3.8001	  16.6632	0.5969	0.3922	0.5969	0.3922	-1	0.4665	0.4083	1	20.2362	228
10	  3.8168	  16.7296	0.5969	0.3922	0.5969	0.3922	-1	0.4665	0.4083	1	20.2529	229
10	  3.8334	  16.6502	0.5969	0.3922	0.5969	0.3922	-1	0.4665	0.4083	1	20.2696	230
10	  3.8502	  16.7423	0.5969	0.3922	0.5969	0.3922	-1	0.4665	0.4083	1	20.2863	231
10	  3.8668	  16.6255	0.5969	0.3922	0.5969	0.3922	-1	0.4665	0.4083	1	20.3030	232
10	  3.8835	  16.7051	0.5969	0.3922	0.5969	0.3922	-1	0.4665	0.4083	1	20.3197	233
10	  3.9002	  16.6680	0.5969	0.3922	0.5969	0.3922	-1	0.4665	0.4083	1	20.3363	234
10	  3.9169	  16.7525	0.5969	0.3922	0.5969	0.3922	-1	0.4665	0.4083	1	20.3531	235
10	  3.9336	  16.6221	0.5969	0.3922	0.5969	0.3922	-1	0.4665	0.4083	1	20.3697	236
10	  3.9503	  16.7522	0.5969	0.3922	0.5969	0.3922	-1	0.4665	0.4083	1	20.3865	237
10	  3.9669	  16.6215	0.5969	0.3922	0.5969	0.3922	-1	0.4665	0.4083	1	20.4031	238
10	  3.9837	  16.7480	0.5969	0.3922	0.5969	0.3922	-1	0.4665	0.4083	1	20.4198	239
10	  4.0002	  16.4782	0.5969	0.3922	0.5969	0.3922	-1	0.4665	0.4083	1	20.4363	240
10	  4.0171	  16.8974	0.5969	0.3922	0.5969	0.3922	-1	0.4665	0.4083	1	20.4532	241
10	  4.0335	  16.4812	0.5969	0.3922	0.5969	0.3922	-1	0.4665	0.4083	1	20.4697	242
10	  4.0503	  16.7435	0.5969	0.3922	0.5969	0.3922	-1	0.4665	0.4083	1	20.4864	243
10	  4.0669	  16.6309	0.5969	0.3922	0.5969	0.3922	-1	0.4665	0.4083	1	20.5031	244
10	  4.0837	  16.7444	0.5969	0.3922	0.5969	0.3922	-1	0.4665	0.4083	1	20.5198	245
10	  4.1003	  16.6246	0.5969	0.3922	0.5969	0.3922	-1	0.4665	0.4083	1	20.5364	246
10	  4.1170	  16.7519	0.5969	0.3922	0.5969	0.3922	-1	0.4665	0.4083	1	20.5532	247
10	  4.1336	  16.6107	0.5969	0.3922	0.5969	0.3922	-1	0.4665	0.4083	1	20.5698	248
10	  4.1504	  16.7616	0.5969	0.3922	0.5969	0.3922	-1	0.4665	0.4083	1	20.5866	249
10	  4.1670	  16.6282	0.5969	0.3922	0.5969	0.3922	-1	0.4665	0.4083	1	20.6032	250
10	  4.1838	  16.7474	0.5969	0.3922	0.5969	0.3922	-1	0.4665	0.4083	1	20.6199	251
10	  4.2004	  16.6264	0.5969	0.3922	0.5969	0.3922	-1	0.4665	0.4083	1	20.6366	252
10	  4.2171	  16.7287	0.5969	0.3922	0.5969	0.3922	-1	0.4665	0.4083	1	20.6533	253
10	  4.2338	  16.6230	0.5969	0.3922	0.5969	0.3922	-1	0.4665	0.4083	1	20.6699	254
10	  4.2505	  16.7471	0.5969	0.3922	0.5969	0.3922	-1	0.4665	0.4083	1	20.6867	255
10	  4.2672	  16.6710	0.5969	0.3922	0.5969	0.3922	-1	0.4665	0.4083	1	20.7033	256
10	  4.2839	  16.7459	0.5969	0.3922	0.5969	0.3922	-1	0.4665	0.4083	1	20.7201	257
10	  4.3005	  16.6279	0.5969	0.3922	0.5969	0.3922	-1	0.4665	0.4083	1	20.7367	258
10	  4.3173	  16.7293	0.5969	0.3922	0.5969	0.3922	-1	0.4665	0.4083	1	20.7534	259
10	  4.3339	  16.6415	0.5969	0.3922	0.5969	0.3922	-1	0.4665	0.4083	1	20.7701	260
10	  4.3507	  16.7519	0.5969	0.3922	0.5969	0.3922	-1	0.4665	0.4083	1	20.7868	261
10	  4.3673	  16.6297	0.5969	0.3922	0.5969	0.3922	-1	0.4665	0.4083	1	20.8035	262
10	  4.3840	  16.6967	0.5969	0.3922	0.5969	0.3922	-1	0.4665	0.4083	1	20.8202	263
10	  4.4006	  16.6185	0.5969	0.3922	0.5969	0.3922	-1	0.4665	0.4083	1	20.8368	264
10	  4.4174	  16.7447	0.5969	0.3922	0.5969	0.3922	-1	0.4665	0.4083	1	20.8535	265
10	  4.4340	  16.6351	0.5969	0.3922	0.5969	0.3922	-1	0.4665	0.4083	1	20.8702	266
10	  4.4508	  16.7948	0.5969	0.3922	0.5969	0.3922	-1	0.4665	0.4083	1	20.8869	267
10	  4.4674	  16.6233	0.5969	0.3922	0.5969	0.3922	-1	0.4665	0.4083	1	20.9036	268
10	  4.4841	  16.7118	0.5969	0.3922	0.5969	0.3922	-1	0.4665	0.4083	1	20.9203	269
10	  4.5006	  16.5168	0.5969	0.3922	0.5969	0.3922	-1	0.4665	0.4083	1	20.9368	270
10	  4.5175	  16.8941	0.5969	0.3922	0.5969	0.3922	-1	0.4665	0.4083	1	20.9537	271
10	  4.5340	  16.4806	0.5969	0.3922	0.5969	0.3922	-1	0.4665	0.4083	1	20.9702	272
10	  4.5508	  16.7465	0.5969	0.3922	0.5969	0.3922	-1	0.4665	0.4083	1	20.9869	273
10	  4.5674	  16.6282	0.5969	0.3922	0.5969	0.3922	-1	0.4665	0.4083	1	21.0036	274
10	  4.5841	  16.7468	0.5969	0.3922	0.5969	0.3922	-1	0.4665	0.4083	1	21.0203	275
10	  4.6008	  16.6249	0.5969	0.3922	0.5969	0.3922	-1	0.4665	0.4083	1	21.0369	276
10	  4.6175	  16.7462	0.5969	0.3922	0.5969	0.3922	-1	0.4665	0.4083	1	21.0537	277
10	  4.6341	  16.6318	0.5969	0.3922	0.5969	0.3922	-1	0.4665	0.4083	1	21.0703	278
10	  4.6509	  16.7492	0.5969	0.3922	0.5969	0.3922	-1	0.4665	0.4083	1	21.0870	279
10	  4.6675	  16.5760	0.5969	0.3922	0.5969	0.3922	-1	0.4665	0.4083	1	21.1036	280
10	  4.6843	  16.7993	0.5969	0.3922	0.5969	0.3922	-1	0.4665	0.4083	1	21.1204	281
10	  4.7009	  16.6252	0.5969	0.3922	0.5969	0.3922	-1	0.4665	0.4083	1	21.1370	282
10	  4.7176	  16.7471	0.5969	0.3922	0.5969	0.3922	-1	0.4665	0.4083	1	21.1538	283
10	  4.7343	  16.6541	0.5969	0.3922	0.5969	0.3922	-1	0.4665	0.4083	1	21.1705	284
10	  4.7510	  16.7211	0.5969	0.3922	0.5969	0.3922	-1	0.4665	0.4083	1	21.1872	285
10	  4.7676	  16.6197	0.5969	0.3922	0.5969	0.3922	-1	0.4665	0.4083	1	21.2038	286
10	  4.7844	  16.7275	0.5969	0.3922	0.5969	0.3922	-1	0.4665	0.4083	1	21.2205	287
10	  4.8010	  16.6674	0.5969	0.3922	0.5969	0.3922	-1	0.4665	0.4083	1	21.2372	288
10	  4.8178	  16.7519	0.5969	0.3922	0.5969	0.3922	-1	0.4665	0.4083	1	21.2539	289
10	  4.8344	  16.6227	0.5969	0.3922	0.5969	0.3922	-1	0.4665	0.4083	1	21.2706	290
10	  4.8512	  16.7477	0.5969	0.3922	0.5969	0.3922	-1	0.4665	0.4083	1	21.2873	291
10	  4.8678	  16.6255	0.5969	0.3922	0.5969	0.3922	-1	0.4665	0.4083	1	21.3039	292
10	  4.8845	  16.7519	0.5969	0.3922	0.5969	0.3922	-1	0.4665	0.4083	1	21.3207	293
10	  4.9012	  16.6236	0.5969	0.3922	0.5969	0.3922	-1	0.4665	0.4083	1	21.3373	294
10	  4.9179	  16.7480	0.5969	0.3922	0.5969	0.3922	-1	0.4665	0.4083	1	21.3541	295
10	  4.9345	  16.6276	0.5969	0.3922	0.5969	0.3922	-1	0.4665	0.4083	1	21.3707	296
10	  4.9513	  16.7770	0.5969	0.3922	0.5969	0.3922	-1	0.4665	0.4083	1	21.3875	297
10	  4.9679	  16.5648	0.5969	0.3922	0.5969	0.3922	-1	0.4665	0.4083	1	21.4040	298
10	  4.9846	  16.7211	0.5969	0.3922	0.5969	0.3922	-1	0.4665	0.4083	1	21.4207	299
10	  5.0011	  16.5114	0.5969	0.3922	0.5969	0.3922	-1	0.4665	0.4083	1	21.4373	300
10	  5.0180	  16.9225	0.5969	0.3922	0.5969	0.3922	-1	0.4665	0.4083	1	21.4542	301
10	  5.0345	  16.4776	0.5969	0.3922	0.5969	0.3922	-1	0.4665	0.4083	1	21.4707	302
10	  5.0512	  16.7462	0.5969	0.3922	0.5969	0.3922	-1	0.4665	0.4083	1	21.4874	303
10	  5.0679	  16.6285	0.5969	0.3922	0.5969	0.3922	-1	0.4665	0.4083	1	21.5040	304
10	  5.0846	  16.7498	0.5969	0.3922	0.5969	0.3922	-1	0.4665	0.4083	1	21.5208	305
10	  5.1012	  16.6209	0.5969	0.3922	0.5969	0.3922	-1	0.4665	0.4083	1	21.5374	306
10	  5.1181	  16.8980	0.5969	0.3922	0.5969	0.3922	-1	0.4665	0.4083	1	21.5543	307
10	  5.1346	  16.4788	0.5969	0.3922	0.5969	0.3922	-1	0.4665	0.4083	1	21.5708	308
10	  5.1514	  16.7776	0.5969	0.3922	0.5969	0.3922	-1	0.4665	0.4083	1	21.5876	309
10	  5.1680	  16.5823	0.5969	0.3922	0.5969	0.3922	-1	0.4665	0.4083	1	21.6041	310
10	  5.1847	  16.7371	0.5969	0.3922	0.5969	0.3922	-1	0.4665	0.4083	1	21.6209	311
10	  5.2013	  16.6252	0.5969	0.3922	0.5969	0.3922	-1	0.4665	0.4083	1	21.6375	312
10	  5.2181	  16.7486	0.5969	0.3922	0.5969	0.3922	-1	0.4665	0.4083	1	21.6543	313
10	  5.2348	  16.6783	0.5969	0.3922	0.5969	0.3922	-1	0.4665	0.4083	1	21.6709	314
10	  5.2515	  16.7299	0.5969	0.3922	0.5969	0.3922	-1	0.4665	0.4083	1	21.6877	315
10	  5.2681	  16.6390	0.5969	0.3922	0.5969	0.3922	-1	0.4665	0.4083	1	21.7043	316
10	  5.2849	  16.7462	0.5969	0.3922	0.5969	0.3922	-1	0.4665	0.4083	1	21.7210	317
10	  5.3015	  16.6270	0.5969	0.3922	0.5969	0.3922	-1	0.4665	0.4083	1	21.7377	318
10	  5.3183	  16.7465	0.5969	0.3922	0.5969	0.3922	-1	0.4665	0.4083	1	21.7544	319
10	  5.3349	  16.6249	0.5969	0.3922	0.5969	0.3922	-1	0.4665	0.4083	1	21.7710	320
10	  5.3516	  16.7067	0.5969	0.3922	0.5969	0.3922	-1	0.4665	0.4083	1	21.7878	321
10	  5.3682	  16.6402	0.5969	0.3922	0.5969	0.3922	-1	0.4665	0.4083	1	21.8044	322
10	  5.3850	  16.7308	0.5969	0.3922	0.5969	0.3922	-1	0.4665	0.4083	1	21.8211	323
10	  5.4016	  16.6227	0.5969	0.3922	0.5969	0.3922	-1	0.4665	0.4083	1	21.8377	324
10	  5.4183	  16.7438	0.5969	0.3922	0.5969	0.3922	-1	0.4665	0.4083	1	21.8545	325
10	  5.4350	  16.6732	0.5969	0.3922	0.5969	0.3922	-1	0.4665	0.4083	1	21.8712	326
10	  5.4518	  16.7565	0.5969	0.3922	0.5969	0.3922	-1	0.4665	0.4083	1	21.8879	327
10	  5.4684	  16.6252	0.5969	0.3922	0.5969	0.3922	-1	0.4665	0.4083	1	21.9045	328
10	  5.4851	  16.7160	0.5969	0.3922	0.5969	0.3922	-1	0.4665	0.4083	1	21.9213	329
10	  5.5016	  16.5086	0.5969	0.3922	0.5969	0.3922	-1	0.4665	0.4083	1	21.9378	330
10	  5.5184	  16.7516	0.5969	0.3922	0.5969	0.3922	-1	0.4665	0.4083	1	21.9545	331
10	  5.5350	  16.6261	0.5969	0.3922	0.5969	0.3922	-1	0.4665	0.4083	1	21.9711	332
10	  5.5517	  16.7465	0.5969	0.3922	0.5969	0.3922	-1	0.4665	0.4083	1	21.9879	333
10	  5.5683	  16.6004	0.5969	0.3922	0.5969	0.3922	-1	0.4665	0.4083	1	22.0045	334
10	  5.5851	  16.7752	0.5969	0.3922	0.5969	0.3922	-1	0.4665	0.4083	1	22.0213	335
10	  5.6017	  16.6252	0.5969	0.3922	0.5969	0.3922	-1	0.4665	0.4083	1	22.0379	336
10	  5.6185	  16.7486	0.5969	0.3922	0.5969	0.3922	-1	0.4665	0.4083	1	22.0546	337
10	  5.6351	  16.6258	0.5969	0.3922	0.5969	0.3922	-1	0.4665	0.4083	1	22.0713	338
10	  5.6519	  16.7462	0.5969	0.3922	0.5969	0.3922	-1	0.4665	0.4083	1	22.0880	339
10	  5.6685	  16.6001	0.5969	0.3922	0.5969	0.3922	-1	0.4665	0.4083	1	22.1046	340
10	  5.6852	  16.7752	0.5969	0.3922	0.5969	0.3922	-1	0.4665	0.4083	1	22.1214	341
10	  5.7019	  16.6267	0.5969	0.3922	0.5969	0.3922	-1	0.4665	0.4083	1	22.1380	342
10	  5.7186	  16.7492	0.5969	0.3922	0.5969	0.3922	-1	0.4665	0.4083	1	22.1548	343
10	  5.7353	  16.6469	0.5969	0.3922	0.5969	0.3922	-1	0.4665	0.4083	1	22.1714	344
10	  5.7520	  16.7483	0.5969	0.3922	0.5969	0.3922	-1	0.4665	0.4083	1	22.1882	345
10	  5.7686	  16.6230	0.5969	0.3922	0.5969	0.3922	-1	0.4665	0.4083	1	22.2048	346
10	  5.7854	  16.7483	0.5969	0.3922	0.5969	0.3922	-1	0.4665	0.4083	1	22.2215	347
10	  5.8020	  16.6297	0.5969	0.3922	0.5969	0.3922	-1	0.4665	0.4083	1	22.2382	348
10	  5.8187	  16.7423	0.5969	0.3922	0.5969	0.3922	-1	0.4665	0.4083	1	22.2549	349
10	  5.8354	  16.6246	0.5969	0.3922	0.5969	0.3922	-1	0.4665	0.4083	1	22.2715	350
10	  5.8521	  16.7525	0.5969	0.3922	0.5969	0.3922	-1	0.4665	0.4083	1	22.2883	351
10	  5.8687	  16.6224	0.5969	0.3922	0.5969	0.3922	-1	0.4665	0.4083	1	22.3049	352
10	  5.8855	  16.7477	0.5969	0.3922	0.5969	0.3922	-1	0.4665	0.4083	1	22.3217	353
10	  5.9021	  16.6312	0.5969	0.3922	0.5969	0.3922	-1	0.4665	0.4083	1	22.3383	354
10	  5.9189	  16.7441	0.5969	0.3922	0.5969	0.3922	-1	0.4665	0.4083	1	22.3550	355
10	  5.9355	  16.6236	0.5969	0.3922	0.5969	0.3922	-1	0.4665	0.4083	1	22.3716	356
10	  5.9522	  16.7534	0.5969	0.3922	0.5969	0.3922	-1	0.4665	0.4083	1	22.3884	357
10	  5.9689	  16.6191	0.5969	0.3922	0.5969	0.3922	-1	0.4665	0.4083	1	22.4050	358
10	  5.9856	  16.7547	0.5969	0.3922	0.5969	0.3922	-1	0.4665	0.4083	1	22.4218	359
10	  6.0021	  16.4748	0.5969	0.3922	0.5969	0.3922	-1	0.4665	0.4083	1	22.4383	360
10	  6.0188	  16.7483	0.5969	0.3922	0.5969	0.3922	-1	0.4665	0.4083	1	22.4550	361
10	  6.0355	  16.6297	0.5969	0.3922	0.5969	0.3922	-1	0.4665	0.4083	1	22.4716	362
10	  6.0522	  16.7507	0.5969	0.3922	0.5969	0.3922	-1	0.4665	0.4083	1	22.4884	363
10	  6.0688	  16.6218	0.5969	0.3922	0.5969	0.3922	-1	0.4665	0.4083	1	22.5050	364
10	  6.0856	  16.7468	0.5969	0.3922	0.5969	0.3922	-1	0.4665	0.4083	1	22.5217	365
10	  6.1022	  16.6294	0.5969	0.3922	0.5969	0.3922	-1	0.4665	0.4083	1	22.5384	366
10	  6.1190	  16.7486	0.5969	0.3922	0.5969	0.3922	-1	0.4665	0.4083	1	22.5551	367
10	  6.1356	  16.6264	0.5969	0.3922	0.5969	0.3922	-1	0.4665	0.4083	1	22.5718	368
10	  6.1523	  16.7447	0.5969	0.3922	0.5969	0.3922	-1	0.4665	0.4083	1	22.5885	369
10	  6.1690	  16.6273	0.5969	0.3922	0.5969	0.3922	-1	0.4665	0.4083	1	22.6051	370
10	  6.1857	  16.7489	0.5969	0.3922	0.5969	0.3922	-1	0.4665	0.4083	1	22.6219	371
10	  6.2024	  16.6384	0.5969	0.3922	0.5969	0.3922	-1	0.4665	0.4083	1	22.6385	372
10	  6.2191	  16.7540	0.5969	0.3922	0.5969	0.3922	-1	0.4665	0.4083	1	22.6553	373
10	  6.2357	  16.6291	0.5969	0.3922	0.5969	0.3922	-1	0.4665	0.4083	1	22.6719	374
10	  6.2525	  16.7547	0.5969	0.3922	0.5969	0.3922	-1	0.4665	0.4083	1	22.6887	375
10	  6.2691	  16.6146	0.5969	0.3922	0.5969	0.3922	-1	0.4665	0.4083	1	22.7053	376
10	  6.2859	  16.7516	0.5969	0.3922	0.5969	0.3922	-1	0.4665	0.4083	1	22.7220	377
10	  6.3025	  16.6215	0.5969	0.3922	0.5969	0.3922	-1	0.4665	0.4083	1	22.7386	378
10	  6.3192	  16.7510	0.5969	0.3922	0.5969	0.3922	-1	0.4665	0.4083	1	22.7554	379
10	  6.3359	  16.6212	0.5969	0.3922	0.5969	0.3922	-1	0.4665	0.4083	1	22.7720	380
10	  6.3526	  16.7489	0.5969	0.3922	0.5969	0.3922	-1	0.4665	0.4083	1	22.7888	381
10	  6.3692	  16.6303	0.5969	0.3922	0.5969	0.3922	-1	0.4665	0.4083	1	22.8054	382
10	  6.3860	  16.7474	0.5969	0.3922	0.5969	0.3922	-1	0.4665	0.4083	1	22.8221	383
10	  6.4026	  16.6206	0.5969	0.3922	0.5969	0.3922	-1	0.4665	0.4083	1	22.8388	384
10	  6.4194	  16.7534	0.5969	0.3922	0.5969	0.3922	-1	0.4665	0.4083	1	22.8555	385
10	  6.4360	  16.6233	0.5969	0.3922	0.5969	0.3922	-1	0.4665	0.4083	1	22.8721	386
10	  6.4527	  16.7462	0.5969	0.3922	0.5969	0.3922	-1	0.4665	0.4083	1	22.8889	387
10	  6.4692	  16.4803	0.5969	0.3922	0.5969	0.3922	-1	0.4665	0.4083	1	22.9054	388
10	  6.4861	  16.8612	0.5969	0.3922	0.5969	0.3922	-1	0.4665	0.4083	1	22.9222	389
10	  6.5026	  16.5029	0.5969	0.3922	0.5969	0.3922	-1	0.4665	0.4083	1	22.9387	390
10	  6.5193	  16.7631	0.5969	0.3922	0.5969	0.3922	-1	0.4665	0.4083	1	22.9555	391
10	  6.5360	  16.6261	0.5969	0.3922	0.5969	0.3922	-1	0.4665	0.4083	1	22.9721	392
10	  6.5527	  16.7604	0.5969	0.3922	0.5969	0.3922	-1	0.4665	0.4083	1	22.9889	393
10	  6.5693	  16.6137	0.5969	0.3922	0.5969	0.3922	-1	0.4665	0.4083	1	23.0055	394
10	  6.5861	  16.7224	0.5969	0.3922	0.5969	0.3922	-1	0.4665	0.4083	1	23.0222	395
10	  6.6027	  16.6448	0.5969	0.3922	0.5969	0.3922	-1	0.4665	0.4083	1	23.0389	396
10	  6.6195	  16.7547	0.5969	0.3922	0.5969	0.3922	-1	0.4665	0.4083	1	23.0556	397
10	  6.6361	  16.6249	0.5969	0.3922	0.5969	0.3922	-1	0.4665	0.4083	1	23.0722	398
10	  6.6529	  16.7863	0.5969	0.3922	0.5969	0.3922	-1	0.4665	0.4083	1	23.0890	399
10	  6.6694	  16.5856	0.5969	0.3922	0.5969	0.3922	-1	0.4665	0.4083	1	23.1056	400
10	  6.6862	  16.7507	0.5969	0.3922	0.5969	0.3922	-1	0.4665	0.4083	1	23.1224	401
10	  6.7029	  16.6653	0.5969	0.3922	0.5969	0.3922	-1	0.4665	0.4083	1	23.1390	402
10	  6.7196	  16.7085	0.5969	0.3922	0.5969	0.3922	-1	0.4665	0.4083	1	23.1557	403
10	  6.7362	  16.6421	0.5969	0.3922	0.5969	0.3922	-1	0.4665	0.4083	1	23.1724	404
10	  6.7530	  16.7390	0.5969	0.3922	0.5969	0.3922	-1	0.4665	0.4083	1	23.1891	405
10	  6.7696	  16.6378	0.5969	0.3922	0.5969	0.3922	-1	0.4665	0.4083	1	23.2058	406
10	  6.7863	  16.7498	0.5969	0.3922	0.5969	0.3922	-1	0.4665	0.4083	1	23.2225	407
10	  6.8030	  16.6556	0.5969	0.3922	0.5969	0.3922	-1	0.4665	0.4083	1	23.2392	408
10	  6.8197	  16.7196	0.5969	0.3922	0.5969	0.3922	-1	0.4665	0.4083	1	23.2559	409
10	  6.8363	  16.6218	0.5969	0.3922	0.5969	0.3922	-1	0.4665	0.4083	1	23.2725	410
10	  6.8530	  16.7033	0.5969	0.3922	0.5969	0.3922	-1	0.4665	0.4083	1	23.2892	411
10	  6.8697	  16.6668	0.5969	0.3922	0.5969	0.3922	-1	0.4665	0.4083	1	23.3059	412
10	  6.8865	  16.7507	0.5969	0.3922	0.5969	0.3922	-1	0.4665	0.4083	1	23.3226	413
10	  6.9030	  16.5889	0.5969	0.3922	0.5969	0.3922	-1	0.4665	0.4083	1	23.3392	414
10	  6.9198	  16.7870	0.5969	0.3922	0.5969	0.3922	-1	0.4665	0.4083	1	23.3560	415
10	  6.9365	  16.6306	0.5969	0.3922	0.5969	0.3922	-1	0.4665	0.4083	1	23.3726	416
10	  6.9532	  16.7673	0.5969	0.3922	0.5969	0.3922	-1	0.4665	0.4083	1	23.3894	417
10	  6.9697	  16.4558	0.5969	0.3922	0.5969	0.3922	-1	0.4665	0.4083	1	23.4058	418
10	  6.9866	  16.8953	0.5969	0.3922	0.5969	0.3922	-1	0.4665	0.4083	1	23.4227	419
10	  7.0031	  16.4890	0.5969	0.3922	0.5969	0.3922	-1	0.4665	0.4083	1	23.4392	420
10	  7.0198	  16.7362	0.5969	0.3922	0.5969	0.3922	-1	0.4665	0.4083	1	23.4560	421
10	  7.0364	  16.6215	0.5969	0.3922	0.5969	0.3922	-1	0.4665	0.4083	1	23.4726	422
10	  7.0532	  16.7390	0.5969	0.3922	0.5969	0.3922	-1	0.4665	0.4083	1	23.4893	423
10	  7.0698	  16.6146	0.5969	0.3922	0.5969	0.3922	-1	0.4665	0.4083	1	23.5059	424
10	  7.0866	  16.7731	0.5969	0.3922	0.5969	0.3922	-1	0.4665	0.4083	1	23.5227	425
10	  7.1032	  16.6910	0.5969	0.3922	0.5969	0.3922	-1	0.4665	0.4083	1	23.5394	426
10	  7.1199	  16.6882	0.5969	0.3922	0.5969	0.3922	-1	0.4665	0.4083	1	23.5561	427
10	  7.1366	  16.6209	0.5969	0.3922	0.5969	0.3922	-1	0.4665	0.4083	1	23.5727	428
10	  7.1533	  16.7510	0.5969	0.3922	0.5969	0.3922	-1	0.4665	0.4083	1	23.5895	429
10	  7.1699	  16.6276	0.5969	0.3922	0.5969	0.3922	-1	0.4665	0.4083	1	23.6061	430
10	  7.1867	  16.7447	0.5969	0.3922	0.5969	0.3922	-1	0.4665	0.4083	1	23.6228	431
10	  7.2033	  16.6064	0.5969	0.3922	0.5969	0.3922	-1	0.4665	0.4083	1	23.6394	432
10	  7.2201	  16.7673	0.5969	0.3922	0.5969	0.3922	-1	0.4665	0.4083	1	23.6562	433
10	  7.2367	  16.6442	0.5969	0.3922	0.5969	0.3922	-1	0.4665	0.4083	1	23.6729	434
10	  7.2535	  16.7556	0.5969	0.3922	0.5969	0.3922	-1	0.4665	0.4083	1	23.6896	435
10	  7.2701	  16.6215	0.5969	0.3922	0.5969	0.3922	-1	0.4665	0.4083	1	23.7062	436
10	  7.2868	  16.7447	0.5969	0.3922	0.5969	0.3922	-1	0.4665	0.4083	1	23.7230	437
10	  7.3034	  16.5877	0.5969	0.3922	0.5969	0.3922	-1	0.4665	0.4083	1	23.7396	438
10	  7.3202	  16.7918	0.5969	0.3922	0.5969	0.3922	-1	0.4665	0.4083	1	23.7564	439
10	  7.3368	  16.6206	0.5969	0.3922	0.5969	0.3922	-1	0.4665	0.4083	1	23.7730	440
10	  7.3536	  16.7740	0.5969	0.3922	0.5969	0.3922	-1	0.4665	0.4083	1	23.7898	441
10	  7.3702	  16.6061	0.5969	0.3922	0.5969	0.3922	-1	0.4665	0.4083	1	23.8064	442
10	  7.3869	  16.7447	0.5969	0.3922	0.5969	0.3922	-1	0.4665	0.4083	1	23.8231	443
10	  7.4036	  16.6233	0.5969	0.3922	0.5969	0.3922	-1	0.4665	0.4083	1	23.8397	444
10	  7.4203	  16.7468	0.5969	0.3922	0.5969	0.3922	-1	0.4665	0.4083	1	23.8565	445
10	  7.4369	  16.6255	0.5969	0.3922	0.5969	0.3922	-1	0.4665	0.4083	1	23.8731	446
10	  7.4537	  16.7151	0.5969	0.3922	0.5969	0.3922	-1	0.4665	0.4083	1	23.8898	447
10	  7.4702	  16.5147	0.5969	0.3922	0.5969	0.3922	-1	0.4665	0.4083	1	23.9063	448
10	  7.4869	  16.7480	0.5969	0.3922	0.5969	0.3922	-1	0.4665	0.4083	1	23.9231	449
10	  7.5035	  16.5962	0.5969	0.3922	0.5969	0.3922	-1	0.4665	0.4083	1	23.9397	450
10	  7.5203	  16.7616	0.5969	0.3922	0.5969	0.3922	-1	0.4665	0.4083	1	23.9564	451
10	  7.5368	  16.5095	0.5969	0.3922	0.5969	0.3922	-1	0.4665	0.4083	1	23.9729	452
10	  7.5535	  16.7498	0.5969	0.3922	0.5969	0.3922	-1	0.4665	0.4083	1	23.9897	453
10	  7.5702	  16.6194	0.5969	0.3922	0.5969	0.3922	-1	0.4665	0.4083	1	24.0063	454
10	  7.5869	  16.7224	0.5969	0.3922	0.5969	0.3922	-1	0.4665	0.4083	1	24.0230	455
10	  7.6036	  16.6762	0.5969	0.3922	0.5969	0.3922	-1	0.4665	0.4083	1	24.0397	456
10	  7.6203	  16.7477	0.5969	0.3922	0.5969	0.3922	-1	0.4665	0.4083	1	24.0565	457
10	  7.6369	  16.6212	0.5969	0.3922	0.5969	0.3922	-1	0.4665	0.4083	1	24.0731	458
10	  7.6537	  16.7540	0.5969	0.3922	0.5969	0.3922	-1	0.4665	0.4083	1	24.0898	459
10	  7.6703	  16.6421	0.5969	0.3922	0.5969	0.3922	-1	0.4665	0.4083	1	24.1065	460
10	  7.6871	  16.7565	0.5969	0.3922	0.5969	0.3922	-1	0.4665	0.4083	1	24.1232	461
10	  7.7036	  16.5403	0.5969	0.3922	0.5969	0.3922	-1	0.4665	0.4083	1	24.1398	462
10	  7.7204	  16.7788	0.5969	0.3922	0.5969	0.3922	-1	0.4665	0.4083	1	24.1566	463
10	  7.7370	  16.5953	0.5969	0.3922	0.5969	0.3922	-1	0.4665	0.4083	1	24.1731	464
10	  7.7537	  16.7465	0.5969	0.3922	0.5969	0.3922	-1	0.4665	0.4083	1	24.1899	465
10	  7.7704	  16.7085	0.5969	0.3922	0.5969	0.3922	-1	0.4665	0.4083	1	24.2066	466
10	  7.7872	  16.7468	0.5969	0.3922	0.5969	0.3922	-1	0.4665	0.4083	1	24.2234	467
10	  7.8039	  16.6910	0.5969	0.3922	0.5969	0.3922	-1	0.4665	0.4083	1	24.2400	468
10	  7.8207	  16.7996	0.5969	0.3922	0.5969	0.3922	-1	0.4665	0.4083	1	24.2568	469
10	  7.8373	  16.5947	0.5969	0.3922	0.5969	0.3922	-1	0.4665	0.4083	1	24.2734	470
10	  7.8541	  16.7815	0.5969	0.3922	0.5969	0.3922	-1	0.4665	0.4083	1	24.2902	471
10	  7.8707	  16.6230	0.5969	0.3922	0.5969	0.3922	-1	0.4665	0.4083	1	24.3068	472
10	  7.8873	  16.6674	0.5969	0.3922	0.5969	0.3922	-1	0.4665	0.4083	1	24.3235	473
10	  7.9041	  16.7082	0.5969	0.3922	0.5969	0.3922	-1	0.4665	0.4083	1	24.3402	474
10	  7.9208	  16.7510	0.5969	0.3922	0.5969	0.3922	-1	0.4665	0.4083	1	24.3570	475
10	  7.9373	  16.4739	0.5969	0.3922	0.5969	0.3922	-1	0.4665	0.4083	1	24.3734	476
10	  7.9541	  16.8606	0.5969	0.3922	0.5969	0.3922	-1	0.4665	0.4083	1	24.3903	477
10	  7.9706	  16.4745	0.5969	0.3922	0.5969	0.3922	-1	0.4665	0.4083	1	24.4068	478
10	  7.9874	  16.7860	0.5969	0.3922	0.5969	0.3922	-1	0.4665	0.4083	1	24.4236	479
10	  8.0040	  16.6261	0.5969	0.3922	0.5969	0.3922	-1	0.4665	0.4083	1	24.4402	480
10	  8.0208	  16.7459	0.5969	0.3922	0.5969	0.3922	-1	0.4665	0.4083	1	24.4569	481
10	  8.0374	  16.6306	0.5969	0.3922	0.5969	0.3922	-1	0.4665	0.4083	1	24.4736	482
10	  8.0542	  16.7501	0.5969	0.3922	0.5969	0.3922	-1	0.4665	0.4083	1	24.4903	483
10	  8.0708	  16.6212	0.5969	0.3922	0.5969	0.3922	-1	0.4665	0.4083	1	24.5069	484
10	  8.0875	  16.7284	0.5969	0.3922	0.5969	0.3922	-1	0.4665	0.4083	1	24.5237	485
10	  8.1040	  16.5391	0.5969	0.3922	0.5969	0.3922	-1	0.4665	0.4083	1	24.5402	486
10	  8.1209	  16.8262	0.5969	0.3922	0.5969	0.3922	-1	0.4665	0.4083	1	24.5570	487
10	  8.1375	  16.6578	0.5969	0.3922	0.5969	0.3922	-1	0.4665	0.4083	1	24.5737	488
10	  8.1543	  16.7432	0.5969	0.3922	0.5969	0.3922	-1	0.4665	0.4083	1	24.5904	489
10	  8.1709	  16.6439	0.5969	0.3922	0.5969	0.3922	-1	0.4665	0.4083	1	24.6071	490
10	  8.1877	  16.7513	0.5969	0.3922	0.5969	0.3922	-1	0.4665	0.4083	1	24.6238	491
10	  8.2043	  16.6267	0.5969	0.3922	0.5969	0.3922	-1	0.4665	0.4083	1	24.6405	492
10	  8.2210	  16.7507	0.5969	0.3922	0.5969	0.3922	-1	0.4665	0.4083	1	24.6572	493
10	  8.2377	  16.6221	0.5969	0.3922	0.5969	0.3922	-1	0.4665	0.4083	1	24.6738	494
10	  8.2544	  16.7504	0.5969	0.3922	0.5969	0.3922	-1	0.4665	0.4083	1	24.6906	495
10	  8.2710	  16.6215	0.5969	0.3922	0.5969	0.3922	-1	0.4665	0.4083	1	24.7072	496
10	  8.2878	  16.7178	0.5969	0.3922	0.5969	0.3922	-1	0.4665	0.4083	1	24.7239	497
10	  8.3044	  16.6584	0.5969	0.3922	0.5969	0.3922	-1	0.4665	0.4083	1	24.7406	498
10	  8.3212	  16.7507	0.5969	0.3922	0.5969	0.3922	-1	0.4665	0.4083	1	24.7573	499
10	  8.3378	  16.6243	0.5969	0.3922	0.5969	0.3922	-1	0.4665	0.4083	1	24.7739	500
10	  8.3545	  16.7489	0.5969	0.3922	0.5969	0.3922	-1	0.4665	0.4083	1	24.7907	501
10	  8.3712	  16.6276	0.5969	0.3922	0.5969	0.3922	-1	0.4665	0.4083	1	24.8073	502
10	  8.3879	  16.7477	0.5969	0.3922	0.5969	0.3922	-1	0.4665	0.4083	1	24.8241	503
10	  8.4045	  16.6233	0.5969	0.3922	0.5969	0.3922	-1	0.4665	0.4083	1	24.8407	504
10	  8.4213	  16.7513	0.5969	0.3922	0.5969	0.3922	-1	0.4665	0.4083	1	24.8574	505
10	  8.4378	  16.4791	0.5969	0.3922	0.5969	0.3922	-1	0.4665	0.4083	1	24.8739	506
10	  8.4547	  16.8941	0.5969	0.3922	0.5969	0.3922	-1	0.4665	0.4083	1	24.8908	507
10	  8.4711	  16.4776	0.5969	0.3922	0.5969	0.3922	-1	0.4665	0.4083	1	24.9073	508
10	  8.4879	  16.7513	0.5969	0.3922	0.5969	0.3922	-1	0.4665	0.4083	1	24.9240	509
10	  8.5045	  16.6221	0.5969	0.3922	0.5969	0.3922	-1	0.4665	0.4083	1	24.9407	510
10	  8.5213	  16.7498	0.5969	0.3922	0.5969	0.3922	-1	0.4665	0.4083	1	24.9574	511
10	  8.5379	  16.6270	0.5969	0.3922	0.5969	0.3922	-1	0.4665	0.4083	1	24.9740	512
10	  8.5546	  16.7462	0.5969	0.3922	0.5969	0.3922	-1	0.4665	0.4083	1	24.9908	513
10	  8.5713	  16.6276	0.5969	0.3922	0.5969	0.3922	-1	0.4665	0.4083	1	25.0074	514
10	  8.5880	  16.7242	0.5969	0.3922	0.5969	0.3922	-1	0.4665	0.4083	1	25.0241	515
10	  8.6046	  16.6484	0.5969	0.3922	0.5969	0.3922	-1	0.4665	0.4083	1	25.0408	516
10	  8.6214	  16.7513	0.5969	0.3922	0.5969	0.3922	-1	0.4665	0.4083	1	25.0575	517
10	  8.6380	  16.6218	0.5969	0.3922	0.5969	0.3922	-1	0.4665	0.4083	1	25.0742	518
10	  8.6548	  16.7522	0.5969	0.3922	0.5969	0.3922	-1	0.4665	0.4083	1	25.0909	519
10	  8.6714	  16.6638	0.5969	0.3922	0.5969	0.3922	-1	0.4665	0.4083	1	25.1076	520
10	  8.6882	  16.7543	0.5969	0.3922	0.5969	0.3922	-1	0.4665	0.4083	1	25.1243	521
10	  8.7048	  16.6058	0.5969	0.3922	0.5969	0.3922	-1	0.4665	0.4083	1	25.1409	522
10	  8.7216	  16.7779	0.5969	0.3922	0.5969	0.3922	-1	0.4665	0.4083	1	25.1577	523
10	  8.7382	  16.6206	0.5969	0.3922	0.5969	0.3922	-1	0.4665	0.4083	1	25.1743	524
10	  8.7549	  16.7525	0.5969	0.3922	0.5969	0.3922	-1	0.4665	0.4083	1	25.1911	525
10	  8.7716	  16.6188	0.5969	0.3922	0.5969	0.3922	-1	0.4665	0.4083	1	25.2077	526
10	  8.7883	  16.7187	0.5969	0.3922	0.5969	0.3922	-1	0.4665	0.4083	1	25.2244	527
10	  8.8049	  16.6596	0.5969	0.3922	0.5969	0.3922	-1	0.4665	0.4083	1	25.2411	528
10	  8.8216	  16.6885	0.5969	0.3922	0.5969	0.3922	-1	0.4665	0.4083	1	25.2578	529
10	  8.8383	  16.6511	0.5969	0.3922	0.5969	0.3922	-1	0.4665	0.4083	1	25.2744	530
10	  8.8550	  16.7607	0.5969	0.3922	0.5969	0.3922	-1	0.4665	0.4083	1	25.2912	531
10	  8.8716	  16.6146	0.5969	0.3922	0.5969	0.3922	-1	0.4665	0.4083	1	25.3078	532
10	  8.8884	  16.7537	0.5969	0.3922	0.5969	0.3922	-1	0.4665	0.4083	1	25.3246	533
10	  8.9050	  16.6288	0.5969	0.3922	0.5969	0.3922	-1	0.4665	0.4083	1	25.3412	534
10	  8.9217	  16.7163	0.5969	0.3922	0.5969	0.3922	-1	0.4665	0.4083	1	25.3579	535
10	  8.9382	  16.5014	0.5969	0.3922	0.5969	0.3922	-1	0.4665	0.4083	1	25.3744	536
10	  8.9550	  16.7507	0.5969	0.3922	0.5969	0.3922	-1	0.4665	0.4083	1	25.3912	537
10	  8.9716	  16.6215	0.5969	0.3922	0.5969	0.3922	-1	0.4665	0.4083	1	25.4078	538
10	  8.9884	  16.7586	0.5969	0.3922	0.5969	0.3922	-1	0.4665	0.4083	1	25.4245	539
10	  9.0050	  16.6206	0.5969	0.3922	0.5969	0.3922	-1	0.4665	0.4083	1	25.4412	540
10	  9.0217	  16.7202	0.5969	0.3922	0.5969	0.3922	-1	0.4665	0.4083	1	25.4579	541
10	  9.0384	  16.6544	0.5969	0.3922	0.5969	0.3922	-1	0.4665	0.4083	1	25.4745	542
10	  9.0551	  16.7278	0.5969	0.3922	0.5969	0.3922	-1	0.4665	0.4083	1	25.4913	543
10	  9.0717	  16.6140	0.5969	0.3922	0.5969	0.3922	-1	0.4665	0.4083	1	25.5079	544
10	  9.0885	  16.7628	0.5969	0.3922	0.5969	0.3922	-1	0.4665	0.4083	1	25.5246	545
10	  9.1051	  16.5823	0.5969	0.3922	0.5969	0.3922	-1	0.4665	0.4083	1	25.5412	546
10	  9.1219	  16.7888	0.5969	0.3922	0.5969	0.3922	-1	0.4665	0.4083	1	25.5580	547
10	  9.1385	  16.6273	0.5969	0.3922	0.5969	0.3922	-1	0.4665	0.4083	1	25.5746	548
10	  9.1552	  16.7468	0.5969	0.3922	0.5969	0.3922	-1	0.4665	0.4083	1	25.5914	549
10	  9.1718	  16.6230	0.5969	0.3922	0.5969	0.3922	-1	0.4665	0.4083	1	25.6080	550
10	  9.1886	  16.7516	0.5969	0.3922	0.5969	0.3922	-1	0.4665	0.4083	1	25.6248	551
10	  9.2052	  16.6243	0.5969	0.3922	0.5969	0.3922	-1	0.4665	0.4083	1	25.6414	552
10	  9.2220	  16.7462	0.5969	0.3922	0.5969	0.3922	-1	0.4665	0.4083	1	25.6581	553
10	  9.2386	  16.6270	0.5969	0.3922	0.5969	0.3922	-1	0.4665	0.4083	1	25.6748	554
10	  9.2554	  16.7525	0.5969	0.3922	0.5969	0.3922	-1	0.4665	0.4083	1	25.6915	555
10	  9.2720	  16.6206	0.5969	0.3922	0.5969	0.3922	-1	0.4665	0.4083	1	25.7081	556
10	  9.2887	  16.7501	0.5969	0.3922	0.5969	0.3922	-1	0.4665	0.4083	1	25.7249	557
10	  9.3053	  16.6270	0.5969	0.3922	0.5969	0.3922	-1	0.4665	0.4083	1	25.7415	558
10	  9.3221	  16.7474	0.5969	0.3922	0.5969	0.3922	-1	0.4665	0.4083	1	25.7583	559
10	  9.3387	  16.6258	0.5969	0.3922	0.5969	0.3922	-1	0.4665	0.4083	1	25.7749	560
10	  9.3555	  16.7471	0.5969	0.3922	0.5969	0.3922	-1	0.4665	0.4083	1	25.7916	561
10	  9.3721	  16.6270	0.5969	0.3922	0.5969	0.3922	-1	0.4665	0.4083	1	25.8083	562
10	  9.3888	  16.7486	0.5969	0.3922	0.5969	0.3922	-1	0.4665	0.4083	1	25.8250	563
10	  9.4053	  16.5008	0.5969	0.3922	0.5969	0.3922	-1	0.4665	0.4083	1	25.8415	564
10	  9.4222	  16.8739	0.5969	0.3922	0.5969	0.3922	-1	0.4665	0.4083	1	25.8584	565
10	  9.4387	  16.5041	0.5969	0.3922	0.5969	0.3922	-1	0.4665	0.4083	1	25.8749	566
10	  9.4555	  16.7525	0.5969	0.3922	0.5969	0.3922	-1	0.4665	0.4083	1	25.8916	567
10	  9.4721	  16.6122	0.5969	0.3922	0.5969	0.3922	-1	0.4665	0.4083	1	25.9082	568
10	  9.4888	  16.7483	0.5969	0.3922	0.5969	0.3922	-1	0.4665	0.4083	1	25.9250	569
10	  9.5055	  16.6279	0.5969	0.3922	0.5969	0.3922	-1	0.4665	0.4083	1	25.9416	570
10	  9.5222	  16.7483	0.5969	0.3922	0.5969	0.3922	-1	0.4665	0.4083	1	25.9584	571
10	  9.5388	  16.6230	0.5969	0.3922	0.5969	0.3922	-1	0.4665	0.4083	1	25.9750	572
10	  9.5556	  16.7480	0.5969	0.3922	0.5969	0.3922	-1	0.4665	0.4083	1	25.9917	573
10	  9.5722	  16.6236	0.5969	0.3922	0.5969	0.3922	-1	0.4665	0.4083	1	26.0084	574
10	  9.5889	  16.7435	0.5969	0.3922	0.5969	0.3922	-1	0.4665	0.4083	1	26.0251	575
10	  9.6056	  16.6387	0.5969	0.3922	0.5969	0.3922	-1	0.4665	0.4083	1	26.0417	576
10	  9.6223	  16.7359	0.5969	0.3922	0.5969	0.3922	-1	0.4665	0.4083	1	26.0585	577
10	  9.6390	  16.6303	0.5969	0.3922	0.5969	0.3922	-1	0.4665	0.4083	1	26.0751	578
10	  9.6557	  16.7743	0.5969	0.3922	0.5969	0.3922	-1	0.4665	0.4083	1	26.0919	579
10	  9.6723	  16.5983	0.5969	0.3922	0.5969	0.3922	-1	0.4665	0.4083	1	26.1085	580
10	  9.6891	  16.7746	0.5969	0.3922	0.5969	0.3922	-1	0.4665	0.4083	1	26.1253	581
10	  9.7057	  16.5983	0.5969	0.3922	0.5969	0.3922	-1	0.4665	0.4083	1	26.1419	582
10	  9.7225	  16.7782	0.5969	0.3922	0.5969	0.3922	-1	0.4665	0.4083	1	26.1586	583
10	  9.7391	  16.5904	0.5969	0.3922	0.5969	0.3922	-1	0.4665	0.4083	1	26.1752	584
10	  9.7559	  16.7827	0.5969	0.3922	0.5969	0.3922	-1	0.4665	0.4083	1	26.1920	585
10	  9.7724	  16.5977	0.5969	0.3922	0.5969	0.3922	-1	0.4665	0.4083	1	26.2086	586
10	  9.7892	  16.7957	0.5969	0.3922	0.5969	0.3922	-1	0.4665	0.4083	1	26.2254	587
10	  9.8059	  16.6122	0.5969	0.3922	0.5969	0.3922	-1	0.4665	0.4083	1	26.2420	588
10	  9.8226	  16.7423	0.5969	0.3922	0.5969	0.3922	-1	0.4665	0.4083	1	26.2588	589
10	  9.8392	  16.6236	0.5969	0.3922	0.5969	0.3922	-1	0.4665	0.4083	1	26.2754	590
10	  9.8560	  16.7568	0.5969	0.3922	0.5969	0.3922	-1	0.4665	0.4083	1	26.2921	591
10	  9.8726	  16.6149	0.5969	0.3922	0.5969	0.3922	-1	0.4665	0.4083	1	26.3088	592
10	  9.8894	  16.7679	0.5969	0.3922	0.5969	0.3922	-1	0.4665	0.4083	1	26.3255	593
10	  9.9058	  16.4579	0.5969	0.3922	0.5969	0.3922	-1	0.4665	0.4083	1	26.3420	594
10	  9.9228	  16.9509	0.5969	0.3922	0.5969	0.3922	-1	0.4665	0.4083	1	26.3589	595
10	  9.9392	  16.4483	0.5969	0.3922	0.5969	0.3922	-1	0.4665	0.4083	1	26.3754	596
10	  9.9560	  16.7465	0.5969	0.3922	0.5969	0.3922	-1	0.4665	0.4083	1	26.3921	597
10	  9.9725	  16.5434	0.5969	0.3922	0.5969	0.3922	-1	0.4665	0.4083	1	26.4087	598
10	  9.9893	  16.8352	0.5969	0.3922	0.5969	0.3922	-1	0.4665	0.4083	1	26.4255	599
10	 10.0060	  16.6258	0.5969	0.3922	0.5969	0.3922	-1	0.4665	0.4083	1	26.4421	600
10	 10.0228	  16.7939	0.5969	0.3922	0.5969	0.3922	-1	0.4665	0.4083	1	26.4589	601
10	 10.0393	  16.5769	0.5969	0.3922	0.5969	0.3922	-1	0.4665	0.4083	1	26.4755	602
10	 10.0561	  16.7510	0.5969	0.3922	0.5969	0.3922	-1	0.4665	0.4083	1	26.4923	603
10	 10.0727	  16.6291	0.5969	0.3922	0.5969	0.3922	-1	0.4665	0.4083	1	26.5089	604
10	 10.0895	  16.7429	0.5969	0.3922	0.5969	0.3922	-1	0.4665	0.4083	1	26.5256	605
10	 10.1060	  16.5412	0.5969	0.3922	0.5969	0.3922	-1	0.4665	0.4083	1	26.5422	606
10	 10.1228	  16.8174	0.5969	0.3922	0.5969	0.3922	-1	0.4665	0.4083	1	26.5590	607
10	 10.1395	  16.6644	0.5969	0.3922	0.5969	0.3922	-1	0.4665	0.4083	1	26.5756	608
10	 10.1562	  16.7251	0.5969	0.3922	0.5969	0.3922	-1	0.4665	0.4083	1	26.5924	609
10	 10.1729	  16.6463	0.5969	0.3922	0.5969	0.3922	-1	0.4665	0.4083	1	26.6090	610
10	 10.1896	  16.7543	0.5969	0.3922	0.5969	0.3922	-1	0.4665	0.4083	1	26.6258	611
10	 10.2062	  16.6170	0.5969	0.3922	0.5969	0.3922	-1	0.4665	0.4083	1	26.6424	612
10	 10.2229	  16.7088	0.5969	0.3922	0.5969	0.3922	-1	0.4665	0.4083	1	26.6591	613
10	 10.2396	  16.6662	0.5969	0.3922	0.5969	0.3922	-1	0.4665	0.4083	1	26.6758	614
10	 10.2564	  16.7483	0.5969	0.3922	0.5969	0.3922	-1	0.4665	0.4083	1	26.6925	615
10	 10.2729	  16.5654	0.5969	0.3922	0.5969	0.3922	-1	0.4665	0.4083	1	26.7091	616
10	 10.2897	  16.8066	0.5969	0.3922	0.5969	0.3922	-1	0.4665	0.4083	1	26.7259	617
10	 10.3064	  16.6252	0.5969	0.3922	0.5969	0.3922	-1	0.4665	0.4083	1	26.7425	618
10	 10.3231	  16.7326	0.5969	0.3922	0.5969	0.3922	-1	0.4665	0.4083	1	26.7592	619
10	 10.3397	  16.6399	0.5969	0.3922	0.5969	0.3922	-1	0.4665	0.4083	1	26.7759	620
10	 10.3565	  16.7501	0.5969	0.3922	0.5969	0.3922	-1	0.4665	0.4083	1	26.7926	621
10	 10.3731	  16.5832	0.5969	0.3922	0.5969	0.3922	-1	0.4665	0.4083	1	26.8092	622
10	 10.3899	  16.7951	0.5969	0.3922	0.5969	0.3922	-1	0.4665	0.4083	1	26.8260	623
10	 10.4063	  16.4742	0.5969	0.3922	0.5969	0.3922	-1	0.4665	0.4083	1	26.8425	624
10	 10.4231	  16.7504	0.5969	0.3922	0.5969	0.3922	-1	0.4665	0.4083	1	26.8592	625
10	 10.4397	  16.6230	0.5969	0.3922	0.5969	0.3922	-1	0.4665	0.4083	1	26.8759	626
10	 10.4565	  16.7547	0.5969	0.3922	0.5969	0.3922	-1	0.4665	0.4083	1	26.8926	627
10	 10.4731	  16.6083	0.5969	0.3922	0.5969	0.3922	-1	0.4665	0.4083	1	26.9092	628
10	 10.4898	  16.7637	0.5969	0.3922	0.5969	0.3922	-1	0.4665	0.4083	1	26.9260	629
10	 10.5064	  16.5959	0.5969	0.3922	0.5969	0.3922	-1	0.4665	0.4083	1	26.9426	630
10	 10.5232	  16.7779	0.5969	0.3922	0.5969	0.3922	-1	0.4665	0.4083	1	26.9594	631
10	 10.5398	  16.6264	0.5969	0.3922	0.5969	0.3922	-1	0.4665	0.4083	1	26.9760	632
10	 10.5566	  16.7495	0.5969	0.3922	0.5969	0.3922	-1	0.4665	0.4083	1	26.9927	633
10	 10.5732	  16.6001	0.5969	0.3922	0.5969	0.3922	-1	0.4665	0.4083	1	27.0093	634
10	 10.5899	  16.7740	0.5969	0.3922	0.5969	0.3922	-1	0.4665	0.4083	1	27.0261	635
10	 10.6066	  16.6396	0.5969	0.3922	0.5969	0.3922	-1	0.4665	0.4083	1	27.0427	636
10	 10.6233	  16.7368	0.5969	0.3922	0.5969	0.3922	-1	0.4665	0.4083	1	27.0595	637
10	 10.6400	  16.6466	0.5969	0.3922	0.5969	0.3922	-1	0.4665	0.4083	1	27.0761	638
10	 10.6567	  16.7465	0.5969	0.3922	0.5969	0.3922	-1	0.4665	0.4083	1	27.0929	639
10	 10.6733	  16.5790	0.5969	0.3922	0.5969	0.3922	-1	0.4665	0.4083	1	27.1095	640
10	 10.6901	  16.7933	0.5969	0.3922	0.5969	0.3922	-1	0.4665	0.4083	1	27.1262	641
10	 10.7067	  16.6324	0.5969	0.3922	0.5969	0.3922	-1	0.4665	0.4083	1	27.1429	642
10	 10.7235	  16.7628	0.5969	0.3922	0.5969	0.3922	-1	0.4665	0.4083	1	27.1596	643
10	 10.7401	  16.6040	0.5969	0.3922	0.5969	0.3922	-1	0.4665	0.4083	1	27.1762	644
10	 10.7568	  16.7453	0.5969	0.3922	0.5969	0.3922	-1	0.4665	0.4083	1	27.1930	645
10	 10.7735	  16.6255	0.5969	0.3922	0.5969	0.3922	-1	0.4665	0.4083	1	27.2096	646
10	 10.7903	  16.7990	0.5969	0.3922	0.5969	0.3922	-1	0.4665	0.4083	1	27.2264	647
10	 10.8068	  16.5298	0.5969	0.3922	0.5969	0.3922	-1	0.4665	0.4083	1	27.2429	648
10	 10.8236	  16.7601	0.5969	0.3922	0.5969	0.3922	-1	0.4665	0.4083	1	27.2597	649
10	 10.8402	  16.6629	0.5969	0.3922	0.5969	0.3922	-1	0.4665	0.4083	1	27.2764	650
10	 10.8570	  16.7471	0.5969	0.3922	0.5969	0.3922	-1	0.4665	0.4083	1	27.2931	651
10	 10.8734	  16.4766	0.5969	0.3922	0.5969	0.3922	-1	0.4665	0.4083	1	27.3096	652
10	 10.8903	  16.8974	0.5969	0.3922	0.5969	0.3922	-1	0.4665	0.4083	1	27.3265	653
10	 10.9068	  16.4570	0.5969	0.3922	0.5969	0.3922	-1	0.4665	0.4083	1	27.3429	654
10	 10.9236	  16.7682	0.5969	0.3922	0.5969	0.3922	-1	0.4665	0.4083	1	27.3597	655
10	 10.9402	  16.6252	0.5969	0.3922	0.5969	0.3922	-1	0.4665	0.4083	1	27.3763	656
10	 10.9569	  16.7492	0.5969	0.3922	0.5969	0.3922	-1	0.4665	0.4083	1	27.3931	657
10	 10.9736	  16.6282	0.5969	0.3922	0.5969	0.3922	-1	0.4665	0.4083	1	27.4097	658
10	 10.9903	  16.7477	0.5969	0.3922	0.5969	0.3922	-1	0.4665	0.4083	1	27.4265	659
10	 11.0069	  16.6246	0.5969	0.3922	0.5969	0.3922	-1	0.4665	0.4083	1	27.4431	660
10	 11.0237	  16.7456	0.5969	0.3922	0.5969	0.3922	-1	0.4665	0.4083	1	27.4598	661
10	 11.0403	  16.6294	0.5969	0.3922	0.5969	0.3922	-1	0.4665	0.4083	1	27.4765	662
10	 11.0571	  16.7504	0.5969	0.3922	0.5969	0.3922	-1	0.4665	0.4083	1	27.4932	663
10	 11.0737	  16.6258	0.5969	0.3922	0.5969	0.3922	-1	0.4665	0.4083	1	27.5098	664
10	 11.0904	  16.7468	0.5969	0.3922	0.5969	0.3922	-1	0.4665	0.4083	1	27.5266	665
10	 11.1070	  16.5391	0.5969	0.3922	0.5969	0.3922	-1	0.4665	0.4083	1	27.5431	666
10	 11.1238	  16.8365	0.5969	0.3922	0.5969	0.3922	-1	0.4665	0.4083	1	27.5600	667
10	 11.1405	  16.6433	0.5969	0.3922	0.5969	0.3922	-1	0.4665	0.4083	1	27.5766	668
10	 11.1572	  16.7556	0.5969	0.3922	0.5969	0.3922	-1	0.4665	0.4083	1	27.5934	669
10	 11.1738	  16.6233	0.5969	0.3922	0.5969	0.3922	-1	0.4665	0.4083	1	27.6100	670
10	 11.1906	  16.7447	0.5969	0.3922	0.5969	0.3922	-1	0.4665	0.4083	1	27.6267	671
10	 11.2072	  16.6236	0.5969	0.3922	0.5969	0.3922	-1	0.4665	0.4083	1	27.6434	672
10	 11.2239	  16.7471	0.5969	0.3922	0.5969	0.3922	-1	0.4665	0.4083	1	27.6601	673
10	 11.2406	  16.6276	0.5969	0.3922	0.5969	0.3922	-1	0.4665	0.4083	1	27.6767	674
10	 11.2573	  16.7474	0.5969	0.3922	0.5969	0.3922	-1	0.4665	0.4083	1	27.6935	675
10	 11.2739	  16.6239	0.5969	0.3922	0.5969	0.3922	-1	0.4665	0.4083	1	27.7101	676
10	 11.2907	  16.7501	0.5969	0.3922	0.5969	0.3922	-1	0.4665	0.4083	1	27.7269	677
10	 11.3073	  16.6255	0.5969	0.3922	0.5969	0.3922	-1	0.4665	0.4083	1	27.7435	678
10	 11.3241	  16.7492	0.5969	0.3922	0.5969	0.3922	-1	0.4665	0.4083	1	27.7602	679
10	 11.3407	  16.6227	0.5969	0.3922	0.5969	0.3922	-1	0.4665	0.4083	1	27.7769	680
10	 11.3575	  16.7673	0.5969	0.3922	0.5969	0.3922	-1	0.4665	0.4083	1	27.7936	681
10	 11.3739	  16.4613	0.5969	0.3922	0.5969	0.3922	-1	0.4665	0.4083	1	27.8101	682
10	 11.3908	  16.9240	0.5969	0.3922	0.5969	0.3922	-1	0.4665	0.4083	1	27.8270	683
10	 11.4073	  16.4591	0.5969	0.3922	0.5969	0.3922	-1	0.4665	0.4083	1	27.8435	684
10	 11.4240	  16.7390	0.5969	0.3922	0.5969	0.3922	-1	0.4665	0.4083	1	27.8602	685
10	 11.4407	  16.6258	0.5969	0.3922	0.5969	0.3922	-1	0.4665	0.4083	1	27.8768	686
10	 11.4574	  16.7498	0.5969	0.3922	0.5969	0.3922	-1	0.4665	0.4083	1	27.8936	687
10	 11.4740	  16.6249	0.5969	0.3922	0.5969	0.3922	-1	0.4665	0.4083	1	27.9102	688
10	 11.4908	  16.7824	0.5969	0.3922	0.5969	0.3922	-1	0.4665	0.4083	1	27.9270	689
10	 11.5074	  16.5947	0.5969	0.3922	0.5969	0.3922	-1	0.4665	0.4083	1	27.9436	690
10	 11.5242	  16.7764	0.5969	0.3922	0.5969	0.3922	-1	0.4665	0.4083	1	27.9604	691
10	 11.5408	  16.5974	0.5969	0.3922	0.5969	0.3922	-1	0.4665	0.4083	1	27.9770	692
10	 11.5576	  16.7743	0.5969	0.3922	0.5969	0.3922	-1	0.4665	0.4083	1	27.9937	693
10	 11.5742	  16.5989	0.5969	0.3922	0.5969	0.3922	-1	0.4665	0.4083	1	28.0103	694
10	 11.5909	  16.7791	0.5969	0.3922	0.5969	0.3922	-1	0.4665	0.4083	1	28.0271	695
10	 11.6076	  16.6113	0.5969	0.3922	0.5969	0.3922	-1	0.4665	0.4083	1	28.0437	696
10	 11.6243	  16.7326	0.5969	0.3922	0.5969	0.3922	-1	0.4665	0.4083	1	28.0604	697
10	 11.6409	  16.6454	0.5969	0.3922	0.5969	0.3922	-1	0.4665	0.4083	1	28.0771	698
10	 11.6577	  16.7513	0.5969	0.3922	0.5969	0.3922	-1	0.4665	0.4083	1	28.0938	699
10	 11.6743	  16.6194	0.5969	0.3922	0.5969	0.3922	-1	0.4665	0.4083	1	28.1105	700
10	 11.6911	  16.7616	0.5969	0.3922	0.5969	0.3922	-1	0.4665	0.4083	1	28.1272	701
10	 11.7077	  16.6140	0.5969	0.3922	0.5969	0.3922	-1	0.4665	0.4083	1	28.1438	702
10	 11.7244	  16.7559	0.5969	0.3922	0.5969	0.3922	-1	0.4665	0.4083	1	28.1606	703
10	 11.7411	  16.6146	0.5969	0.3922	0.5969	0.3922	-1	0.4665	0.4083	1	28.1772	704
10	 11.7577	  16.6958	0.5969	0.3922	0.5969	0.3922	-1	0.4665	0.4083	1	28.1939	705
10	 11.7744	  16.6834	0.5969	0.3922	0.5969	0.3922	-1	0.4665	0.4083	1	28.2106	706
10	 11.7911	  16.6514	0.5969	0.3922	0.5969	0.3922	-1	0.4665	0.4083	1	28.2272	707
10	 11.8078	  16.7462	0.5969	0.3922	0.5969	0.3922	-1	0.4665	0.4083	1	28.2440	708
10	 11.8245	  16.6330	0.5969	0.3922	0.5969	0.3922	-1	0.4665	0.4083	1	28.2606	709
10	 11.8412	  16.7405	0.5969	0.3922	0.5969	0.3922	-1	0.4665	0.4083	1	28.2774	710
10	 11.8579	  16.7070	0.5969	0.3922	0.5969	0.3922	-1	0.4665	0.4083	1	28.2941	711
10	 11.8744	  16.4932	0.5969	0.3922	0.5969	0.3922	-1	0.4665	0.4083	1	28.3106	712
10	 11.8913	  16.8793	0.5969	0.3922	0.5969	0.3922	-1	0.4665	0.4083	1	28.3274	713
10	 11.9078	  16.5180	0.5969	0.3922	0.5969	0.3922	-1	0.4665	0.4083	1	28.3440	714
10	 11.9245	  16.7033	0.5969	0.3922	0.5969	0.3922	-1	0.4665	0.4083	1	28.3607	715
10	 11.9412	  16.6701	0.5969	0.3922	0.5969	0.3922	-1	0.4665	0.4083	1	28.3773	716
10	 11.9579	  16.7284	0.5969	0.3922	0.5969	0.3922	-1	0.4665	0.4083	1	28.3941	717
10	 11.9746	  16.6496	0.5969	0.3922	0.5969	0.3922	-1	0.4665	0.4083	1	28.4107	718
10	 11.9913	  16.7254	0.5969	0.3922	0.5969	0.3922	-1	0.4665	0.4083	1	28.4274	719
10	 12.0079	  16.6532	0.5969	0.3922	0.5969	0.3922	-1	0.4665	0.4083	1	28.4441	720
10	 12.0246	  16.7184	0.5969	0.3922	0.5969	0.3922	-1	0.4665	0.4083	1	28.4608	721
10	 12.0413	  16.6520	0.5969	0.3922	0.5969	0.3922	-1	0.4665	0.4083	1	28.4775	722
10	 12.0580	  16.7248	0.5969	0.3922	0.5969	0.3922	-1	0.4665	0.4083	1	28.4942	723
10	 12.0747	  16.6436	0.5969	0.3922	0.5969	0.3922	-1	0.4665	0.4083	1	28.5108	724
10	 12.0914	  16.7284	0.5969	0.3922	0.5969	0.3922	-1	0.4665	0.4083	1	28.5276	725
10	 12.1080	  16.5775	0.5969	0.3922	0.5969	0.3922	-1	0.4665	0.4083	1	28.5441	726
10	 12.1248	  16.8165	0.5969	0.3922	0.5969	0.3922	-1	0.4665	0.4083	1	28.5609	727
10	 12.1414	  16.6339	0.5969	0.3922	0.5969	0.3922	-1	0.4665	0.4083	1	28.5776	728
10	 12.1582	  16.7450	0.5969	0.3922	0.5969	0.3922	-1	0.4665	0.4083	1	28.5943	729
10	 12.1748	  16.6270	0.5969	0.3922	0.5969	0.3922	-1	0.4665	0.4083	1	28.6110	730
10	 12.1915	  16.7362	0.5969	0.3922	0.5969	0.3922	-1	0.4665	0.4083	1	28.6277	731
10	 12.2081	  16.5464	0.5969	0.3922	0.5969	0.3922	-1	0.4665	0.4083	1	28.6442	732
10	 12.2249	  16.8561	0.5969	0.3922	0.5969	0.3922	-1	0.4665	0.4083	1	28.6611	733
10	 12.2415	  16.5243	0.5969	0.3922	0.5969	0.3922	-1	0.4665	0.4083	1	28.6776	734
10	 12.2583	  16.8485	0.5969	0.3922	0.5969	0.3922	-1	0.4665	0.4083	1	28.6945	735
10	 12.2748	  16.5126	0.5969	0.3922	0.5969	0.3922	-1	0.4665	0.4083	1	28.7110	736
10	 12.2917	  16.8416	0.5969	0.3922	0.5969	0.3922	-1	0.4665	0.4083	1	28.7278	737
10	 12.3083	  16.6161	0.5969	0.3922	0.5969	0.3922	-1	0.4665	0.4083	1	28.7444	738
10	 12.3250	  16.7646	0.5969	0.3922	0.5969	0.3922	-1	0.4665	0.4083	1	28.7612	739
10	 12.4040	  78.9469	0.5969	0.3922	0.5969	0.3922	-1	0.4665	0.4083	1	28.8401	740
10	 12.4081	   4.1073	0.5969	0.3922	0.5969	0.3922	-1	0.4665	0.4083	1	28.8443	741
10	 12.4338	  25.6983	0.5969	0.3922	0.5969	0.3922	-1	0.4665	0.4083	1	28.8700	742
10	 12.4415	   7.6840	0.5969	0.3922	0.5969	0.3922	-1	0.4665	0.4083	1	28.8776	743
10	 12.4582	  16.7118	0.5969	0.3922	0.5969	0.3922	-1	0.4665	0.4083	1	28.8944	744
10	 12.4749	  16.6644	0.5969	0.3922	0.5969	0.3922	-1	0.4665	0.4083	1	28.9110	745
10	 12.4916	  16.7350	0.5969	0.3922	0.5969	0.3922	-1	0.4665	0.4083	1	28.9277	746
10	 12.5082	  16.6025	0.5969	0.3922	0.5969	0.3922	-1	0.4665	0.4083	1	28.9444	747
10	 12.5250	  16.8325	0.5969	0.3922	0.5969	0.3922	-1	0.4665	0.4083	1	28.9612	748
10	 12.5416	  16.6230	0.5969	0.3922	0.5969	0.3922	-1	0.4665	0.4083	1	28.9778	749
10	 12.5584	  16.7598	0.5969	0.3922	0.5969	0.3922	-1	0.4665	0.4083	1	28.9946	750
10	 12.5752	  16.7453	0.5969	0.3922	0.5969	0.3922	-1	0.4665	0.4083	1	29.0113	751
10	 12.5919	  16.7543	0.5969	0.3922	0.5969	0.3922	-1	0.4665	0.4083	1	29.0281	752
10	 12.6085	  16.5929	0.5969	0.3922	0.5969	0.3922	-1	0.4665	0.4083	1	29.0447	753
10	 12.6253	  16.7598	0.5969	0.3922	0.5969	0.3922	-1	0.4665	0.4083	1	29.0614	754
10	 12.6419	  16.6402	0.5969	0.3922	0.5969	0.3922	-1	0.4665	0.4083	1	29.0781	755
10	 12.6587	  16.7501	0.5969	0.3922	0.5969	0.3922	-1	0.4665	0.4083	1	29.0948	756
10	 12.6753	  16.6227	0.5969	0.3922	0.5969	0.3922	-1	0.4665	0.4083	1	29.1114	757
10	 12.6920	  16.7477	0.5969	0.3922	0.5969	0.3922	-1	0.4665	0.4083	1	29.1282	758
10	 12.7087	  16.6285	0.5969	0.3922	0.5969	0.3922	-1	0.4665	0.4083	1	29.1448	759
10	 12.7254	  16.7519	0.5969	0.3922	0.5969	0.3922	-1	0.4665	0.4083	1	29.1616	760
10	 12.7419	  16.5376	0.5969	0.3922	0.5969	0.3922	-1	0.4665	0.4083	1	29.1781	761
10	 12.7588	  16.8362	0.5969	0.3922	0.5969	0.3922	-1	0.4665	0.4083	1	29.1949	762
10	 12.7754	  16.6194	0.5969	0.3922	0.5969	0.3922	-1	0.4665	0.4083	1	29.2116	763
10	 12.7921	  16.7513	0.5969	0.3922	0.5969	0.3922	-1	0.4665	0.4083	1	29.2283	764
10	 12.8088	  16.6239	0.5969	0.3922	0.5969	0.3922	-1	0.4665	0.4083	1	29.2449	765
10	 12.8255	  16.7477	0.5969	0.3922	0.5969	0.3922	-1	0.4665	0.4083	1	29.2617	766
10	 12.8420	  16.4772	0.5969	0.3922	0.5969	0.3922	-1	0.4665	0.4083	1	29.2782	767
10	 12.8589	  16.8995	0.5969	0.3922	0.5969	0.3922	-1	0.4665	0.4083	1	29.2951	768
10	 12.8754	  16.4769	0.5969	0.3922	0.5969	0.3922	-1	0.4665	0.4083	1	29.3115	769
10	 12.8921	  16.7477	0.5969	0.3922	0.5969	0.3922	-1	0.4665	0.4083	1	29.3283	770
10	 12.9087	  16.6224	0.5969	0.3922	0.5969	0.3922	-1	0.4665	0.4083	1	29.3449	771
10	 12.9255	  16.7513	0.5969	0.3922	0.5969	0.3922	-1	0.4665	0.4083	1	29.3617	772
10	 12.9421	  16.6243	0.5969	0.3922	0.5969	0.3922	-1	0.4665	0.4083	1	29.3783	773
10	 12.9588	  16.7227	0.5969	0.3922	0.5969	0.3922	-1	0.4665	0.4083	1	29.3950	774
10	 12.9754	  16.5959	0.5969	0.3922	0.5969	0.3922	-1	0.4665	0.4083	1	29.4116	775
10	 12.9922	  16.7438	0.5969	0.3922	0.5969	0.3922	-1	0.4665	0.4083	1	29.4283	776
10	 13.0088	  16.6578	0.5969	0.3922	0.5969	0.3922	-1	0.4665	0.4083	1	29.4450	777
10	 13.0256	  16.7501	0.5969	0.3922	0.5969	0.3922	-1	0.4665	0.4083	1	29.4617	778
10	 13.0422	  16.6270	0.5969	0.3922	0.5969	0.3922	-1	0.4665	0.4083	1	29.4784	779
10	 13.0590	  16.7495	0.5969	0.3922	0.5969	0.3922	-1	0.4665	0.4083	1	29.4951	780
10	 13.0756	  16.5868	0.5969	0.3922	0.5969	0.3922	-1	0.4665	0.4083	1	29.5117	781
10	 13.0924	  16.8084	0.5969	0.3922	0.5969	0.3922	-1	0.4665	0.4083	1	29.5285	782
10	 13.1090	  16.6249	0.5969	0.3922	0.5969	0.3922	-1	0.4665	0.4083	1	29.5451	783
10	 13.1257	  16.6919	0.5969	0.3922	0.5969	0.3922	-1	0.4665	0.4083	1	29.5618	784
10	 13.1424	  16.6825	0.5969	0.3922	0.5969	0.3922	-1	0.4665	0.4083	1	29.5785	785
10	 13.1591	  16.7471	0.5969	0.3922	0.5969	0.3922	-1	0.4665	0.4083	1	29.5953	786
10	 13.1757	  16.5757	0.5969	0.3922	0.5969	0.3922	-1	0.4665	0.4083	1	29.6118	787
10	 13.1925	  16.8156	0.5969	0.3922	0.5969	0.3922	-1	0.4665	0.4083	1	29.6287	788
10	 13.2091	  16.6043	0.5969	0.3922	0.5969	0.3922	-1	0.4665	0.4083	1	29.6453	789
10	 13.2259	  16.7513	0.5969	0.3922	0.5969	0.3922	-1	0.4665	0.4083	1	29.6620	790
10	 13.2425	  16.6309	0.5969	0.3922	0.5969	0.3922	-1	0.4665	0.4083	1	29.6786	791
10	 13.2592	  16.7411	0.5969	0.3922	0.5969	0.3922	-1	0.4665	0.4083	1	29.6954	792
10	 13.2759	  16.6249	0.5969	0.3922	0.5969	0.3922	-1	0.4665	0.4083	1	29.7120	793
10	 13.2926	  16.7716	0.5969	0.3922	0.5969	0.3922	-1	0.4665	0.4083	1	29.7288	794
10	 13.3092	  16.6040	0.5969	0.3922	0.5969	0.3922	-1	0.4665	0.4083	1	29.7454	795
10	 13.3260	  16.7543	0.5969	0.3922	0.5969	0.3922	-1	0.4665	0.4083	1	29.7621	796
10	 13.3425	  16.4724	0.5969	0.3922	0.5969	0.3922	-1	0.4665	0.4083	1	29.7786	797
10	 13.3593	  16.8796	0.5969	0.3922	0.5969	0.3922	-1	0.4665	0.4083	1	29.7955	798
10	 13.3758	  16.4646	0.5969	0.3922	0.5969	0.3922	-1	0.4665	0.4083	1	29.8120	799
10	 13.3926	  16.7993	0.5969	0.3922	0.5969	0.3922	-1	0.4665	0.4083	1	29.8288	800
10	 13.4092	  16.6055	0.5969	0.3922	0.5969	0.3922	-1	0.4665	0.4083	1	29.8454	801
10	 13.4260	  16.7492	0.5969	0.3922	0.5969	0.3922	-1	0.4665	0.4083	1	29.8621	802
10	 13.4426	  16.6258	0.5969	0.3922	0.5969	0.3922	-1	0.4665	0.4083	1	29.8787	803
10	 13.4593	  16.7462	0.5969	0.3922	0.5969	0.3922	-1	0.4665	0.4083	1	29.8955	804
10	 13.4760	  16.6279	0.5969	0.3922	0.5969	0.3922	-1	0.4665	0.4083	1	29.9121	805
10	 13.4927	  16.7640	0.5969	0.3922	0.5969	0.3922	-1	0.4665	0.4083	1	29.9289	806
10	 13.5093	  16.5609	0.5969	0.3922	0.5969	0.3922	-1	0.4665	0.4083	1	29.9454	807
10	 13.5261	  16.7987	0.5969	0.3922	0.5969	0.3922	-1	0.4665	0.4083	1	29.9622	808
10	 13.5427	  16.6176	0.5969	0.3922	0.5969	0.3922	-1	0.4665	0.4083	1	29.9789	809
10	 13.5594	  16.7061	0.5969	0.3922	0.5969	0.3922	-1	0.4665	0.4083	1	29.9956	810
10	 13.5761	  16.6692	0.5969	0.3922	0.5969	0.3922	-1	0.4665	0.4083	1	30.0122	811
10	 13.5928	  16.7269	0.5969	0.3922	0.5969	0.3922	-1	0.4665	0.4083	1	30.0290	812
10	 13.6095	  16.6756	0.5969	0.3922	0.5969	0.3922	-1	0.4665	0.4083	1	30.0456	813
10	 13.6262	  16.7483	0.5969	0.3922	0.5969	0.3922	-1	0.4665	0.4083	1	30.0624	814
10	 13.6428	  16.5666	0.5969	0.3922	0.5969	0.3922	-1	0.4665	0.4083	1	30.0789	815
10	 13.6596	  16.8126	0.5969	0.3922	0.5969	0.3922	-1	0.4665	0.4083	1	30.0958	816
10	 13.6762	  16.6167	0.5969	0.3922	0.5969	0.3922	-1	0.4665	0.4083	1	30.1124	817
10	 13.6929	  16.7178	0.5969	0.3922	0.5969	0.3922	-1	0.4665	0.4083	1	30.1291	818
10	 13.7096	  16.6581	0.5969	0.3922	0.5969	0.3922	-1	0.4665	0.4083	1	30.1457	819
10	 13.7263	  16.7477	0.5969	0.3922	0.5969	0.3922	-1	0.4665	0.4083	1	30.1625	820
10	 13.7429	  16.6076	0.5969	0.3922	0.5969	0.3922	-1	0.4665	0.4083	1	30.1791	821
10	 13.7597	  16.7716	0.5969	0.3922	0.5969	0.3922	-1	0.4665	0.4083	1	30.1959	822
10	 13.7763	  16.5675	0.5969	0.3922	0.5969	0.3922	-1	0.4665	0.4083	1	30.2124	823
10	 13.7930	  16.7489	0.5969	0.3922	0.5969	0.3922	-1	0.4665	0.4083	1	30.2292	824
10	 13.8096	  16.5286	0.5969	0.3922	0.5969	0.3922	-1	0.4665	0.4083	1	30.2457	825
10	 13.8265	  16.8965	0.5969	0.3922	0.5969	0.3922	-1	0.4665	0.4083	1	30.2626	826
10	 13.8429	  16.4622	0.5969	0.3922	0.5969	0.3922	-1	0.4665	0.4083	1	30.2791	827
10	 13.8599	  16.9415	0.5969	0.3922	0.5969	0.3922	-1	0.4665	0.4083	1	30.2960	828
10	 13.8763	  16.4782	0.5969	0.3922	0.5969	0.3922	-1	0.4665	0.4083	1	30.3125	829
10	 13.8930	  16.7033	0.5969	0.3922	0.5969	0.3922	-1	0.4665	0.4083	1	30.3292	830
10	 13.9097	  16.6424	0.5969	0.3922	0.5969	0.3922	-1	0.4665	0.4083	1	30.3458	831
10	 13.9264	  16.7465	0.5969	0.3922	0.5969	0.3922	-1	0.4665	0.4083	1	30.3626	832
10	 13.9431	  16.6572	0.5969	0.3922	0.5969	0.3922	-1	0.4665	0.4083	1	30.3792	833
10	 13.9598	  16.7477	0.5969	0.3922	0.5969	0.3922	-1	0.4665	0.4083	1	30.3960	834
10	 13.9765	  16.6246	0.5969	0.3922	0.5969	0.3922	-1	0.4665	0.4083	1	30.4126	835
10	 13.9932	  16.7531	0.5969	0.3922	0.5969	0.3922	-1	0.4665	0.4083	1	30.4294	836
10	 14.0098	  16.6224	0.5969	0.3922	0.5969	0.3922	-1	0.4665	0.4083	1	30.4460	837
10	 14.0266	  16.7465	0.5969	0.3922	0.5969	0.3922	-1	0.4665	0.4083	1	30.4627	838
10	 14.0432	  16.6460	0.5969	0.3922	0.5969	0.3922	-1	0.4665	0.4083	1	30.4794	839
10	 14.0600	  16.7311	0.5969	0.3922	0.5969	0.3922	-1	0.4665	0.4083	1	30.4961	840
10	 14.0766	  16.6448	0.5969	0.3922	0.5969	0.3922	-1	0.4665	0.4083	1	30.5128	841
10	 14.0933	  16.7284	0.5969	0.3922	0.5969	0.3922	-1	0.4665	0.4083	1	30.5295	842
10	 14.1100	  16.6439	0.5969	0.3922	0.5969	0.3922	-1	0.4665	0.4083	1	30.5461	843
10	 14.1267	  16.7543	0.5969	0.3922	0.5969	0.3922	-1	0.4665	0.4083	1	30.5629	844
10	 14.1433	  16.5814	0.5969	0.3922	0.5969	0.3922	-1	0.4665	0.4083	1	30.5795	845
10	 14.1601	  16.7870	0.5969	0.3922	0.5969	0.3922	-1	0.4665	0.4083	1	30.5963	846
10	 14.1767	  16.6291	0.5969	0.3922	0.5969	0.3922	-1	0.4665	0.4083	1	30.6129	847
10	 14.1935	  16.7474	0.5969	0.3922	0.5969	0.3922	-1	0.4665	0.4083	1	30.6296	848
10	 14.2101	  16.6221	0.5969	0.3922	0.5969	0.3922	-1	0.4665	0.4083	1	30.6463	849
10	 14.2269	  16.7540	0.5969	0.3922	0.5969	0.3922	-1	0.4665	0.4083	1	30.6630	850
10	 14.2435	  16.6197	0.5969	0.3922	0.5969	0.3922	-1	0.4665	0.4083	1	30.6796	851
10	 14.2602	  16.7534	0.5969	0.3922	0.5969	0.3922	-1	0.4665	0.4083	1	30.6964	852
10	 14.2768	  16.6215	0.5969	0.3922	0.5969	0.3922	-1	0.4665	0.4083	1	30.7130	853
10	 14.2936	  16.7468	0.5969	0.3922	0.5969	0.3922	-1	0.4665	0.4083	1	30.7298	854
10	 14.3101	  16.4797	0.5969	0.3922	0.5969	0.3922	-1	0.4665	0.4083	1	30.7462	855
10	 14.3270	  16.9001	0.5969	0.3922	0.5969	0.3922	-1	0.4665	0.4083	1	30.7631	856
10	 14.3434	  16.4715	0.5969	0.3922	0.5969	0.3922	-1	0.4665	0.4083	1	30.7796	857
10	 14.3602	  16.7534	0.5969	0.3922	0.5969	0.3922	-1	0.4665	0.4083	1	30.7964	858
10	 14.3768	  16.6227	0.5969	0.3922	0.5969	0.3922	-1	0.4665	0.4083	1	30.8130	859
10	 14.3936	  16.7314	0.5969	0.3922	0.5969	0.3922	-1	0.4665	0.4083	1	30.8297	860
10	 14.4102	  16.6215	0.5969	0.3922	0.5969	0.3922	-1	0.4665	0.4083	1	30.8463	861
10	 14.4269	  16.7713	0.5969	0.3922	0.5969	0.3922	-1	0.4665	0.4083	1	30.8631	862
10	 14.4436	  16.6273	0.5969	0.3922	0.5969	0.3922	-1	0.4665	0.4083	1	30.8797	863
10	 14.4603	  16.7483	0.5969	0.3922	0.5969	0.3922	-1	0.4665	0.4083	1	30.8965	864
10	 14.4769	  16.6236	0.5969	0.3922	0.5969	0.3922	-1	0.4665	0.4083	1	30.9131	865
10	 14.4937	  16.7510	0.5969	0.3922	0.5969	0.3922	-1	0.4665	0.4083	1	30.9299	866
10	 14.5103	  16.6270	0.5969	0.3922	0.5969	0.3922	-1	0.4665	0.4083	1	30.9465	867
10	 14.5271	  16.7471	0.5969	0.3922	0.5969	0.3922	-1	0.4665	0.4083	1	30.9632	868
10	 14.5437	  16.6451	0.5969	0.3922	0.5969	0.3922	-1	0.4665	0.4083	1	30.9799	869
10	 14.5604	  16.7290	0.5969	0.3922	0.5969	0.3922	-1	0.4665	0.4083	1	30.9966	870
10	 14.5771	  16.6484	0.5969	0.3922	0.5969	0.3922	-1	0.4665	0.4083	1	31.0133	871
10	 14.5938	  16.7441	0.5969	0.3922	0.5969	0.3922	-1	0.4665	0.4083	1	31.0300	872
10	 14.6105	  16.6243	0.5969	0.3922	0.5969	0.3922	-1	0.4665	0.4083	1	31.0466	873
10	 14.6272	  16.7480	0.5969	0.3922	0.5969	0.3922	-1	0.4665	0.4083	1	31.0634	874
10	 14.6438	  16.6288	0.5969	0.3922	0.5969	0.3922	-1	0.4665	0.4083	1	31.0800	875
10	 14.6606	  16.7486	0.5969	0.3922	0.5969	0.3922	-1	0.4665	0.4083	1	31.0967	876
10	 14.6772	  16.6227	0.5969	0.3922	0.5969	0.3922	-1	0.4665	0.4083	1	31.1134	877
10	 14.6940	  16.7477	0.5969	0.3922	0.5969	0.3922	-1	0.4665	0.4083	1	31.1301	878
10	 14.7106	  16.6285	0.5969	0.3922	0.5969	0.3922	-1	0.4665	0.4083	1	31.1467	879
10	 14.7273	  16.7483	0.5969	0.3922	0.5969	0.3922	-1	0.4665	0.4083	1	31.1635	880
10	 14.7440	  16.6279	0.5969	0.3922	0.5969	0.3922	-1	0.4665	0.4083	1	31.1801	881
10	 14.7607	  16.7420	0.5969	0.3922	0.5969	0.3922	-1	0.4665	0.4083	1	31.1969	882
10	 14.7773	  16.6288	0.5969	0.3922	0.5969	0.3922	-1	0.4665	0.4083	1	31.2135	883
10	 14.7940	  16.7054	0.5969	0.3922	0.5969	0.3922	-1	0.4665	0.4083	1	31.2302	884
10	 14.8106	  16.5177	0.5969	0.3922	0.5969	0.3922	-1	0.4665	0.4083	1	31.2467	885
10	 14.8275	  16.8986	0.5969	0.3922	0.5969	0.3922	-1	0.4665	0.4083	1	31.2636	886
10	 14.8439	  16.4785	0.5969	0.3922	0.5969	0.3922	-1	0.4665	0.4083	1	31.2801	887
10	 14.8607	  16.7474	0.5969	0.3922	0.5969	0.3922	-1	0.4665	0.4083	1	31.2968	888
10	 14.8773	  16.6267	0.5969	0.3922	0.5969	0.3922	-1	0.4665	0.4083	1	31.3135	889
10	 14.8941	  16.7465	0.5969	0.3922	0.5969	0.3922	-1	0.4665	0.4083	1	31.3302	890
10	 14.9107	  16.6303	0.5969	0.3922	0.5969	0.3922	-1	0.4665	0.4083	1	31.3468	891
10	 14.9274	  16.7504	0.5969	0.3922	0.5969	0.3922	-1	0.4665	0.4083	1	31.3636	892
10	 14.9441	  16.6209	0.5969	0.3922	0.5969	0.3922	-1	0.4665	0.4083	1	31.3802	893
10	 14.9608	  16.7501	0.5969	0.3922	0.5969	0.3922	-1	0.4665	0.4083	1	31.3970	894
10	 14.9774	  16.6273	0.5969	0.3922	0.5969	0.3922	-1	0.4665	0.4083	1	31.4136	895
10	 14.9942	  16.7492	0.5969	0.3922	0.5969	0.3922	-1	0.4665	0.4083	1	31.4303	896
10	 15.0108	  16.6249	0.5969	0.3922	0.5969	0.3922	-1	0.4665	0.4083	1	31.4470	897
10	 15.0276	  16.7483	0.5969	0.3922	0.5969	0.3922	-1	0.4665	0.4083	1	31.4637	898
10	 15.0442	  16.6406	0.5969	0.3922	0.5969	0.3922	-1	0.4665	0.4083	1	31.4804	899
10	 15.0609	  16.7513	0.5969	0.3922	0.5969	0.3922	-1	0.4665	0.4083	1	31.4971	900
10	 15.0775	  16.5560	0.5969	0.3922	0.5969	0.3922	-1	0.4665	0.4083	1	31.5137	901
10	 15.0943	  16.8226	0.5969	0.3922	0.5969	0.3922	-1	0.4665	0.4083	1	31.5305	902
10	 15.1109	  16.6243	0.5969	0.3922	0.5969	0.3922	-1	0.4665	0.4083	1	31.5471	903
10	 15.1277	  16.7462	0.5969	0.3922	0.5969	0.3922	-1	0.4665	0.4083	1	31.5639	904
10	 15.1443	  16.6261	0.5969	0.3922	0.5969	0.3922	-1	0.4665	0.4083	1	31.5805	905
10	 15.1611	  16.7474	0.5969	0.3922	0.5969	0.3922	-1	0.4665	0.4083	1	31.5972	906
10	 15.1777	  16.6303	0.5969	0.3922	0.5969	0.3922	-1	0.4665	0.4083	1	31.6139	907
10	 15.1944	  16.7426	0.5969	0.3922	0.5969	0.3922	-1	0.4665	0.4083	1	31.6306	908
10	 15.2111	  16.6267	0.5969	0.3922	0.5969	0.3922	-1	0.4665	0.4083	1	31.6472	909
10	 15.2278	  16.7483	0.5969	0.3922	0.5969	0.3922	-1	0.4665	0.4083	1	31.6640	910
10	 15.2444	  16.6230	0.5969	0.3922	0.5969	0.3922	-1	0.4665	0.4083	1	31.6806	911
10	 15.2612	  16.7525	0.5969	0.3922	0.5969	0.3922	-1	0.4665	0.4083	1	31.6974	912
10	 15.2778	  16.6224	0.5969	0.3922	0.5969	0.3922	-1	0.4665	0.4083	1	31.7140	913
10	 15.2946	  16.7489	0.5969	0.3922	0.5969	0.3922	-1	0.4665	0.4083	1	31.7307	914
10	 15.3110	  16.4782	0.5969	0.3922	0.5969	0.3922	-1	0.4665	0.4083	1	31.7472	915
10	 15.3279	  16.8989	0.5969	0.3922	0.5969	0.3922	-1	0.4665	0.4083	1	31.7641	916
10	 15.3444	  16.4760	0.5969	0.3922	0.5969	0.3922	-1	0.4665	0.4083	1	31.7806	917
10	 15.3612	  16.7492	0.5969	0.3922	0.5969	0.3922	-1	0.4665	0.4083	1	31.7973	918
10	 15.3778	  16.6203	0.5969	0.3922	0.5969	0.3922	-1	0.4665	0.4083	1	31.8139	919
10	 15.3945	  16.7580	0.5969	0.3922	0.5969	0.3922	-1	0.4665	0.4083	1	31.8307	920
10	 15.4112	  16.6203	0.5969	0.3922	0.5969	0.3922	-1	0.4665	0.4083	1	31.8473	921
10	 15.4279	  16.7459	0.5969	0.3922	0.5969	0.3922	-1	0.4665	0.4083	1	31.8641	922
10	 15.4445	  16.6315	0.5969	0.3922	0.5969	0.3922	-1	0.4665	0.4083	1	31.8807	923
10	 15.4613	  16.7492	0.5969	0.3922	0.5969	0.3922	-1	0.4665	0.4083	1	31.8975	924
10	 15.4779	  16.6233	0.5969	0.3922	0.5969	0.3922	-1	0.4665	0.4083	1	31.9141	925
10	 15.4947	  16.7513	0.5969	0.3922	0.5969	0.3922	-1	0.4665	0.4083	1	31.9308	926
10	 15.5113	  16.6445	0.5969	0.3922	0.5969	0.3922	-1	0.4665	0.4083	1	31.9475	927
10	 15.5280	  16.7269	0.5969	0.3922	0.5969	0.3922	-1	0.4665	0.4083	1	31.9642	928
10	 15.5447	  16.6475	0.5969	0.3922	0.5969	0.3922	-1	0.4665	0.4083	1	31.9808	929
10	 15.5614	  16.7513	0.5969	0.3922	0.5969	0.3922	-1	0.4665	0.4083	1	31.9976	930
10	 15.5781	  16.6182	0.5969	0.3922	0.5969	0.3922	-1	0.4665	0.4083	1	32.0142	931
10	 15.5948	  16.7519	0.5969	0.3922	0.5969	0.3922	-1	0.4665	0.4083	1	32.0310	932
10	 15.6114	  16.6233	0.5969	0.3922	0.5969	0.3922	-1	0.4665	0.4083	1	32.0476	933
10	 15.6282	  16.7516	0.5969	0.3922	0.5969	0.3922	-1	0.4665	0.4083	1	32.0643	934
10	 15.6448	  16.6212	0.5969	0.3922	0.5969	0.3922	-1	0.4665	0.4083	1	32.0810	935
10	 15.6616	  16.7537	0.5969	0.3922	0.5969	0.3922	-1	0.4665	0.4083	1	32.0977	936
10	 15.6782	  16.6224	0.5969	0.3922	0.5969	0.3922	-1	0.4665	0.4083	1	32.1143	937
10	 15.6949	  16.7465	0.5969	0.3922	0.5969	0.3922	-1	0.4665	0.4083	1	32.1311	938
10	 15.7116	  16.6255	0.5969	0.3922	0.5969	0.3922	-1	0.4665	0.4083	1	32.1477	939
10	 15.7283	  16.7553	0.5969	0.3922	0.5969	0.3922	-1	0.4665	0.4083	1	32.1645	940
10	 15.7449	  16.6243	0.5969	0.3922	0.5969	0.3922	-1	0.4665	0.4083	1	32.1811	941
10	 15.7617	  16.7492	0.5969	0.3922	0.5969	0.3922	-1	0.4665	0.4083	1	32.1978	942
10	 15.7783	  16.6230	0.5969	0.3922	0.5969	0.3922	-1	0.4665	0.4083	1	32.2145	943
10	 15.7950	  16.7468	0.5969	0.3922	0.5969	0.3922	-1	0.4665	0.4083	1	32.2312	944
10	 15.8115	  16.4757	0.5969	0.3922	0.5969	0.3922	-1	0.4665	0.4083	1	32.2477	945
10	 15.8283	  16.7471	0.5969	0.3922	0.5969	0.3922	-1	0.4665	0.4083	1	32.2644	946
10	 15.8449	  16.6267	0.5969	0.3922	0.5969	0.3922	-1	0.4665	0.4083	1	32.2811	947
10	 15.8617	  16.7537	0.5969	0.3922	0.5969	0.3922	-1	0.4665	0.4083	1	32.2978	948
10	 15.8783	  16.6040	0.5969	0.3922	0.5969	0.3922	-1	0.4665	0.4083	1	32.3144	949
10	 15.8950	  16.7676	0.5969	0.3922	0.5969	0.3922	-1	0.4665	0.4083	1	32.3312	950
10	 15.9117	  16.6318	0.5969	0.3922	0.5969	0.3922	-1	0.4665	0.4083	1	32.3478	951
10	 15.9284	  16.7435	0.5969	0.3922	0.5969	0.3922	-1	0.4665	0.4083	1	32.3646	952
10	 15.9450	  16.6252	0.5969	0.3922	0.5969	0.3922	-1	0.4665	0.4083	1	32.3812	953
10	 15.9618	  16.7495	0.5969	0.3922	0.5969	0.3922	-1	0.4665	0.4083	1	32.3979	954
10	 15.9784	  16.6031	0.5969	0.3922	0.5969	0.3922	-1	0.4665	0.4083	1	32.4145	955
10	 15.9952	  16.7782	0.5969	0.3922	0.5969	0.3922	-1	0.4665	0.4083	1	32.4313	956
10	 16.0118	  16.6393	0.5969	0.3922	0.5969	0.3922	-1	0.4665	0.4083	1	32.4480	957
10	 16.0285	  16.7302	0.5969	0.3922	0.5969	0.3922	-1	0.4665	0.4083	1	32.4647	958
10	 16.0452	  16.6484	0.5969	0.3922	0.5969	0.3922	-1	0.4665	0.4083	1	32.4813	959
10	 16.0619	  16.7459	0.5969	0.3922	0.5969	0.3922	-1	0.4665	0.4083	1	32.4981	960
10	 16.0785	  16.6209	0.5969	0.3922	0.5969	0.3922	-1	0.4665	0.4083	1	32.5147	961
10	 16.0953	  16.7486	0.5969	0.3922	0.5969	0.3922	-1	0.4665	0.4083	1	32.5314	962
10	 16.1119	  16.6239	0.5969	0.3922	0.5969	0.3922	-1	0.4665	0.4083	1	32.5481	963
10	 16.1287	  16.7501	0.5969	0.3922	0.5969	0.3922	-1	0.4665	0.4083	1	32.5648	964
10	 16.1453	  16.6258	0.5969	0.3922	0.5969	0.3922	-1	0.4665	0.4083	1	32.5814	965
10	 16.1620	  16.7483	0.5969	0.3922	0.5969	0.3922	-1	0.4665	0.4083	1	32.5982	966
10	 16.1787	  16.6303	0.5969	0.3922	0.5969	0.3922	-1	0.4665	0.4083	1	32.6148	967
10	 16.1954	  16.7423	0.5969	0.3922	0.5969	0.3922	-1	0.4665	0.4083	1	32.6316	968
10	 16.2120	  16.6255	0.5969	0.3922	0.5969	0.3922	-1	0.4665	0.4083	1	32.6482	969
10	 16.2288	  16.7586	0.5969	0.3922	0.5969	0.3922	-1	0.4665	0.4083	1	32.6650	970
10	 16.2454	  16.6194	0.5969	0.3922	0.5969	0.3922	-1	0.4665	0.4083	1	32.6816	971
10	 16.2622	  16.7453	0.5969	0.3922	0.5969	0.3922	-1	0.4665	0.4083	1	32.6983	972
10	 16.2786	  16.4760	0.5969	0.3922	0.5969	0.3922	-1	0.4665	0.4083	1	32.7148	973
10	 16.2955	  16.8968	0.5969	0.3922	0.5969	0.3922	-1	0.4665	0.4083	1	32.7317	974
10	 16.3120	  16.4754	0.5969	0.3922	0.5969	0.3922	-1	0.4665	0.4083	1	32.7482	975
10	 16.3288	  16.7528	0.5969	0.3922	0.5969	0.3922	-1	0.4665	0.4083	1	32.7649	976
10	 16.3454	  16.6276	0.5969	0.3922	0.5969	0.3922	-1	0.4665	0.4083	1	32.7815	977
10	 16.3621	  16.7498	0.5969	0.3922	0.5969	0.3922	-1	0.4665	0.4083	1	32.7983	978
10	 16.3788	  16.6224	0.5969	0.3922	0.5969	0.3922	-1	0.4665	0.4083	1	32.8149	979
10	 16.3955	  16.7528	0.5969	0.3922	0.5969	0.3922	-1	0.4665	0.4083	1	32.8317	980
10	 16.4121	  16.6221	0.5969	0.3922	0.5969	0.3922	-1	0.4665	0.4083	1	32.8483	981
10	 16.4289	  16.7483	0.5969	0.3922	0.5969	0.3922	-1	0.4665	0.4083	1	32.8650	982
10	 16.4455	  16.6230	0.5969	0.3922	0.5969	0.3922	-1	0.4665	0.4083	1	32.8817	983
10	 16.4623	  16.7525	0.5969	0.3922	0.5969	0.3922	-1	0.4665	0.4083	1	32.8984	984
10	 16.4789	  16.6197	0.5969	0.3922	0.5969	0.3922	-1	0.4665	0.4083	1	32.9150	985
10	 16.4956	  16.7537	0.5969	0.3922	0.5969	0.3922	-1	0.4665	0.4083	1	32.9318	986
10	 16.5123	  16.6451	0.5969	0.3922	0.5969	0.3922	-1	0.4665	0.4083	1	32.9484	987
10	 16.5290	  16.7302	0.5969	0.3922	0.5969	0.3922	-1	0.4665	0.4083	1	32.9652	988
10	 16.5457	  16.6472	0.5969	0.3922	0.5969	0.3922	-1	0.4665	0.4083	1	32.9818	989
10	 16.5624	  16.7773	0.5969	0.3922	0.5969	0.3922	-1	0.4665	0.4083	1	32.9986	990
10	 16.5790	  16.5959	0.5969	0.3922	0.5969	0.3922	-1	0.4665	0.4083	1	33.0152	991
10	 16.5958	  16.7444	0.5969	0.3922	0.5969	0.3922	-1	0.4665	0.4083	1	33.0319	992
10	 16.6124	  16.6393	0.5969	0.3922	0.5969	0.3922	-1	0.4665	0.4083	1	33.0486	993
10	 16.6291	  16.7365	0.5969	0.3922	0.5969	0.3922	-1	0.4665	0.4083	1	33.0653	994
10	 16.6458	  16.6236	0.5969	0.3922	0.5969	0.3922	-1	0.4665	0.4083	1	33.0819	995
10	 16.6625	  16.7667	0.5969	0.3922	0.5969	0.3922	-1	0.4665	0.4083	1	33.0987	996
10	 16.6791	  16.6086	0.5969	0.3922	0.5969	0.3922	-1	0.4665	0.4083	1	33.1153	997
10	 16.6959	  16.7468	0.5969	0.3922	0.5969	0.3922	-1	0.4665	0.4083	1	33.1321	998
10	 16.7126	  16.6786	0.5969	0.3922	0.5969	0.3922	-1	0.4665	0.4083	1	33.1487	999
10	 16.7293	  16.6970	0.5969	0.3922	0.5969	0.3922	-1	0.4665	0.4083	1	33.1654	1000
10	 16.7459	  16.6218	0.5969	0.3922	0.5969	0.3922	-1	0.4665	0.4083	1	33.1820	1001
10	 16.7627	  16.7876	0.5969	0.3922	0.5969	0.3922	-1	0.4665	0.4083	1	33.1988	1002
10	 16.7791	  16.4398	0.5969	0.3922	0.5969	0.3922	-1	0.4665	0.4083	1	33.2153	1003
10	 16.7960	  16.8968	0.5969	0.3922	0.5969	0.3922	-1	0.4665	0.4083	1	33.2322	1004
10	 16.8125	  16.5228	0.5969	0.3922	0.5969	0.3922	-1	0.4665	0.4083	1	33.2487	1005
10	 16.8292	  16.7039	0.5969	0.3922	0.5969	0.3922	-1	0.4665	0.4083	1	33.2654	1006
10	 16.8459	  16.6279	0.5969	0.3922	0.5969	0.3922	-1	0.4665	0.4083	1	33.2820	1007
10	 16.8627	  16.7830	0.5969	0.3922	0.5969	0.3922	-1	0.4665	0.4083	1	33.2988	1008
10	 16.8792	  16.5886	0.5969	0.3922	0.5969	0.3922	-1	0.4665	0.4083	1	33.3154	1009
10	 16.8960	  16.7501	0.5969	0.3922	0.5969	0.3922	-1	0.4665	0.4083	1	33.3322	1010
10	 16.9126	  16.6469	0.5969	0.3922	0.5969	0.3922	-1	0.4665	0.4083	1	33.3488	1011
10	 16.9294	  16.7299	0.5969	0.3922	0.5969	0.3922	-1	0.4665	0.4083	1	33.3655	1012
10	 16.9460	  16.6239	0.5969	0.3922	0.5969	0.3922	-1	0.4665	0.4083	1	33.3822	1013
10	 16.9627	  16.7199	0.5969	0.3922	0.5969	0.3922	-1	0.4665	0.4083	1	33.3989	1014
10	 16.9794	  16.6753	0.5969	0.3922	0.5969	0.3922	-1	0.4665	0.4083	1	33.4155	1015
10	 16.9961	  16.7293	0.5969	0.3922	0.5969	0.3922	-1	0.4665	0.4083	1	33.4323	1016
10	 17.0127	  16.5763	0.5969	0.3922	0.5969	0.3922	-1	0.4665	0.4083	1	33.4489	1017
10	 17.0295	  16.8235	0.5969	0.3922	0.5969	0.3922	-1	0.4665	0.4083	1	33.4657	1018
10	 17.0461	  16.6185	0.5969	0.3922	0.5969	0.3922	-1	0.4665	0.4083	1	33.4823	1019
10	 17.0629	  16.7622	0.5969	0.3922	0.5969	0.3922	-1	0.4665	0.4083	1	33.4991	1020
10	 17.0795	  16.6092	0.5969	0.3922	0.5969	0.3922	-1	0.4665	0.4083	1	33.5157	1021
10	 17.0963	  16.7537	0.5969	0.3922	0.5969	0.3922	-1	0.4665	0.4083	1	33.5324	1022
10	 17.1129	  16.6013	0.5969	0.3922	0.5969	0.3922	-1	0.4665	0.4083	1	33.5490	1023
10	 17.1296	  16.7743	0.5969	0.3922	0.5969	0.3922	-1	0.4665	0.4083	1	33.5658	1024
10	 17.1463	  16.6182	0.5969	0.3922	0.5969	0.3922	-1	0.4665	0.4083	1	33.5824	1025
10	 17.1630	  16.7139	0.5969	0.3922	0.5969	0.3922	-1	0.4665	0.4083	1	33.5991	1026
10	 17.1796	  16.6614	0.5969	0.3922	0.5969	0.3922	-1	0.4665	0.4083	1	33.6158	1027
10	 17.1964	  16.7468	0.5969	0.3922	0.5969	0.3922	-1	0.4665	0.4083	1	33.6325	1028
10	 17.2130	  16.5913	0.5969	0.3922	0.5969	0.3922	-1	0.4665	0.4083	1	33.6491	1029
10	 17.2298	  16.7854	0.5969	0.3922	0.5969	0.3922	-1	0.4665	0.4083	1	33.6659	1030
10	 17.2464	  16.6249	0.5969	0.3922	0.5969	0.3922	-1	0.4665	0.4083	1	33.6825	1031
10	 17.2631	  16.7100	0.5969	0.3922	0.5969	0.3922	-1	0.4665	0.4083	1	33.6992	1032
10	 17.2796	  16.5180	0.5969	0.3922	0.5969	0.3922	-1	0.4665	0.4083	1	33.7158	1033
10	 17.2964	  16.7441	0.5969	0.3922	0.5969	0.3922	-1	0.4665	0.4083	1	33.7325	1034
10	 17.3130	  16.6285	0.5969	0.3922	0.5969	0.3922	-1	0.4665	0.4083	1	33.7491	1035
10	 17.3297	  16.7480	0.5969	0.3922	0.5969	0.3922	-1	0.4665	0.4083	1	33.7659	1036
10	 17.3464	  16.6249	0.5969	0.3922	0.5969	0.3922	-1	0.4665	0.4083	1	33.7825	1037
10	 17.3631	  16.7323	0.5969	0.3922	0.5969	0.3922	-1	0.4665	0.4083	1	33.7992	1038
10	 17.3797	  16.6433	0.5969	0.3922	0.5969	0.3922	-1	0.4665	0.4083	1	33.8159	1039
10	 17.3965	  16.7471	0.5969	0.3922	0.5969	0.3922	-1	0.4665	0.4083	1	33.8326	1040
10	 17.4131	  16.6258	0.5969	0.3922	0.5969	0.3922	-1	0.4665	0.4083	1	33.8493	1041
10	 17.4299	  16.7510	0.5969	0.3922	0.5969	0.3922	-1	0.4665	0.4083	1	33.8660	1042
10	 17.4465	  16.6236	0.5969	0.3922	0.5969	0.3922	-1	0.4665	0.4083	1	33.8826	1043
10	 17.4632	  16.7661	0.5969	0.3922	0.5969	0.3922	-1	0.4665	0.4083	1	33.8994	1044
10	 17.4799	  16.6249	0.5969	0.3922	0.5969	0.3922	-1	0.4665	0.4083	1	33.9160	1045
10	 17.4966	  16.7251	0.5969	0.3922	0.5969	0.3922	-1	0.4665	0.4083	1	33.9327	1046
10	 17.5133	  16.6831	0.5969	0.3922	0.5969	0.3922	-1	0.4665	0.4083	1	33.9494	1047
10	 17.5300	  16.7184	0.5969	0.3922	0.5969	0.3922	-1	0.4665	0.4083	1	33.9662	1048
10	 17.5466	  16.6224	0.5969	0.3922	0.5969	0.3922	-1	0.4665	0.4083	1	33.9828	1049
10	 17.5634	  16.7519	0.5969	0.3922	0.5969	0.3922	-1	0.4665	0.4083	1	33.9995	1050
10	 17.5800	  16.6255	0.5969	0.3922	0.5969	0.3922	-1	0.4665	0.4083	1	34.0162	1051
10	 17.5967	  16.7405	0.5969	0.3922	0.5969	0.3922	-1	0.4665	0.4083	1	34.0329	1052
10	 17.6133	  16.5898	0.5969	0.3922	0.5969	0.3922	-1	0.4665	0.4083	1	34.0495	1053
10	 17.6301	  16.7927	0.5969	0.3922	0.5969	0.3922	-1	0.4665	0.4083	1	34.0663	1054
10	 17.6467	  16.6227	0.5969	0.3922	0.5969	0.3922	-1	0.4665	0.4083	1	34.0829	1055
10	 17.6635	  16.7531	0.5969	0.3922	0.5969	0.3922	-1	0.4665	0.4083	1	34.0996	1056
10	 17.6801	  16.6191	0.5969	0.3922	0.5969	0.3922	-1	0.4665	0.4083	1	34.1163	1057
10	 17.6969	  16.7522	0.5969	0.3922	0.5969	0.3922	-1	0.4665	0.4083	1	34.1330	1058
10	 17.7135	  16.6246	0.5969	0.3922	0.5969	0.3922	-1	0.4665	0.4083	1	34.1496	1059
10	 17.7302	  16.7501	0.5969	0.3922	0.5969	0.3922	-1	0.4665	0.4083	1	34.1664	1060
10	 17.7467	  16.4754	0.5969	0.3922	0.5969	0.3922	-1	0.4665	0.4083	1	34.1829	1061
10	 17.7636	  16.8974	0.5969	0.3922	0.5969	0.3922	-1	0.4665	0.4083	1	34.1998	1062
10	 17.7801	  16.4818	0.5969	0.3922	0.5969	0.3922	-1	0.4665	0.4083	1	34.2162	1063
10	 17.7968	  16.7444	0.5969	0.3922	0.5969	0.3922	-1	0.4665	0.4083	1	34.2330	1064
10	 17.8135	  16.6276	0.5969	0.3922	0.5969	0.3922	-1	0.4665	0.4083	1	34.2496	1065
10	 17.8302	  16.7483	0.5969	0.3922	0.5969	0.3922	-1	0.4665	0.4083	1	34.2664	1066
10	 17.8468	  16.6243	0.5969	0.3922	0.5969	0.3922	-1	0.4665	0.4083	1	34.2830	1067
10	 17.8636	  16.7537	0.5969	0.3922	0.5969	0.3922	-1	0.4665	0.4083	1	34.2997	1068
10	 17.8802	  16.6194	0.5969	0.3922	0.5969	0.3922	-1	0.4665	0.4083	1	34.3164	1069
10	 17.8970	  16.7525	0.5969	0.3922	0.5969	0.3922	-1	0.4665	0.4083	1	34.3331	1070
10	 17.9136	  16.6261	0.5969	0.3922	0.5969	0.3922	-1	0.4665	0.4083	1	34.3497	1071
10	 17.9303	  16.7471	0.5969	0.3922	0.5969	0.3922	-1	0.4665	0.4083	1	34.3665	1072
10	 17.9470	  16.6306	0.5969	0.3922	0.5969	0.3922	-1	0.4665	0.4083	1	34.3831	1073
10	 17.9637	  16.7453	0.5969	0.3922	0.5969	0.3922	-1	0.4665	0.4083	1	34.3999	1074
10	 17.9804	  16.6424	0.5969	0.3922	0.5969	0.3922	-1	0.4665	0.4083	1	34.4165	1075
10	 17.9971	  16.7323	0.5969	0.3922	0.5969	0.3922	-1	0.4665	0.4083	1	34.4332	1076
10	 18.0137	  16.6493	0.5969	0.3922	0.5969	0.3922	-1	0.4665	0.4083	1	34.4499	1077
10	 18.0305	  16.7474	0.5969	0.3922	0.5969	0.3922	-1	0.4665	0.4083	1	34.4666	1078
10	 18.0471	  16.6158	0.5969	0.3922	0.5969	0.3922	-1	0.4665	0.4083	1	34.4833	1079
10	 18.0639	  16.7553	0.5969	0.3922	0.5969	0.3922	-1	0.4665	0.4083	1	34.5000	1080
10	 18.0805	  16.6224	0.5969	0.3922	0.5969	0.3922	-1	0.4665	0.4083	1	34.5166	1081
10	 18.0972	  16.7474	0.5969	0.3922	0.5969	0.3922	-1	0.4665	0.4083	1	34.5334	1082
10	 18.1138	  16.6264	0.5969	0.3922	0.5969	0.3922	-1	0.4665	0.4083	1	34.5500	1083
10	 18.1306	  16.7565	0.5969	0.3922	0.5969	0.3922	-1	0.4665	0.4083	1	34.5668	1084
10	 18.1472	  16.6143	0.5969	0.3922	0.5969	0.3922	-1	0.4665	0.4083	1	34.5834	1085
10	 18.1640	  16.7519	0.5969	0.3922	0.5969	0.3922	-1	0.4665	0.4083	1	34.6001	1086
10	 18.1806	  16.6239	0.5969	0.3922	0.5969	0.3922	-1	0.4665	0.4083	1	34.6168	1087
10	 18.1973	  16.7474	0.5969	0.3922	0.5969	0.3922	-1	0.4665	0.4083	1	34.6335	1088
10	 18.2140	  16.6270	0.5969	0.3922	0.5969	0.3922	-1	0.4665	0.4083	1	34.6501	1089
10	 18.2307	  16.7510	0.5969	0.3922	0.5969	0.3922	-1	0.4665	0.4083	1	34.6669	1090
10	 18.2472	  16.4766	0.5969	0.3922	0.5969	0.3922	-1	0.4665	0.4083	1	34.6834	1091
10	 18.2641	  16.8950	0.5969	0.3922	0.5969	0.3922	-1	0.4665	0.4083	1	34.7003	1092
10	 18.2806	  16.4779	0.5969	0.3922	0.5969	0.3922	-1	0.4665	0.4083	1	34.7167	1093
10	 18.2973	  16.7480	0.5969	0.3922	0.5969	0.3922	-1	0.4665	0.4083	1	34.7335	1094
10	 18.3139	  16.6303	0.5969	0.3922	0.5969	0.3922	-1	0.4665	0.4083	1	34.7501	1095
10	 18.3307	  16.7507	0.5969	0.3922	0.5969	0.3922	-1	0.4665	0.4083	1	34.7669	1096
10	 18.3473	  16.6233	0.5969	0.3922	0.5969	0.3922	-1	0.4665	0.4083	1	34.7835	1097
10	 18.3641	  16.7507	0.5969	0.3922	0.5969	0.3922	-1	0.4665	0.4083	1	34.8002	1098
10	 18.3807	  16.6239	0.5969	0.3922	0.5969	0.3922	-1	0.4665	0.4083	1	34.8169	1099
10	 18.3974	  16.7498	0.5969	0.3922	0.5969	0.3922	-1	0.4665	0.4083	1	34.8336	1100
10	 18.4141	  16.6249	0.5969	0.3922	0.5969	0.3922	-1	0.4665	0.4083	1	34.8502	1101
10	 18.4308	  16.7625	0.5969	0.3922	0.5969	0.3922	-1	0.4665	0.4083	1	34.8670	1102
10	 18.4474	  16.5823	0.5969	0.3922	0.5969	0.3922	-1	0.4665	0.4083	1	34.8836	1103
10	 18.4642	  16.7755	0.5969	0.3922	0.5969	0.3922	-1	0.4665	0.4083	1	34.9004	1104
10	 18.4808	  16.6448	0.5969	0.3922	0.5969	0.3922	-1	0.4665	0.4083	1	34.9170	1105
10	 18.4976	  16.7604	0.5969	0.3922	0.5969	0.3922	-1	0.4665	0.4083	1	34.9338	1106
10	 18.5142	  16.6146	0.5969	0.3922	0.5969	0.3922	-1	0.4665	0.4083	1	34.9504	1107
10	 18.5310	  16.7589	0.5969	0.3922	0.5969	0.3922	-1	0.4665	0.4083	1	34.9671	1108
10	 18.5476	  16.6188	0.5969	0.3922	0.5969	0.3922	-1	0.4665	0.4083	1	34.9837	1109
10	 18.5643	  16.7465	0.5969	0.3922	0.5969	0.3922	-1	0.4665	0.4083	1	35.0005	1110
10	 18.5810	  16.6203	0.5969	0.3922	0.5969	0.3922	-1	0.4665	0.4083	1	35.0171	1111
10	 18.5977	  16.7550	0.5969	0.3922	0.5969	0.3922	-1	0.4665	0.4083	1	35.0339	1112
10	 18.6143	  16.6218	0.5969	0.3922	0.5969	0.3922	-1	0.4665	0.4083	1	35.0505	1113
10	 18.6311	  16.7556	0.5969	0.3922	0.5969	0.3922	-1	0.4665	0.4083	1	35.0672	1114
10	 18.6477	  16.6212	0.5969	0.3922	0.5969	0.3922	-1	0.4665	0.4083	1	35.0839	1115
10	 18.6645	  16.7480	0.5969	0.3922	0.5969	0.3922	-1	0.4665	0.4083	1	35.1006	1116
10	 18.6811	  16.6227	0.5969	0.3922	0.5969	0.3922	-1	0.4665	0.4083	1	35.1172	1117
10	 18.6978	  16.7547	0.5969	0.3922	0.5969	0.3922	-1	0.4665	0.4083	1	35.1340	1118
10	 18.7145	  16.6194	0.5969	0.3922	0.5969	0.3922	-1	0.4665	0.4083	1	35.1506	1119
10	 18.7312	  16.7224	0.5969	0.3922	0.5969	0.3922	-1	0.4665	0.4083	1	35.1673	1120
10	 18.7477	  16.4757	0.5969	0.3922	0.5969	0.3922	-1	0.4665	0.4083	1	35.1838	1121
10	 18.7644	  16.7462	0.5969	0.3922	0.5969	0.3922	-1	0.4665	0.4083	1	35.2006	1122
10	 18.7810	  16.6460	0.5969	0.3922	0.5969	0.3922	-1	0.4665	0.4083	1	35.2172	1123
10	 18.7978	  16.7305	0.5969	0.3922	0.5969	0.3922	-1	0.4665	0.4083	1	35.2339	1124
10	 18.8144	  16.6267	0.5969	0.3922	0.5969	0.3922	-1	0.4665	0.4083	1	35.2506	1125
10	 18.8312	  16.7510	0.5969	0.3922	0.5969	0.3922	-1	0.4665	0.4083	1	35.2673	1126
10	 18.8478	  16.6520	0.5969	0.3922	0.5969	0.3922	-1	0.4665	0.4083	1	35.2840	1127
10	 18.8646	  16.7441	0.5969	0.3922	0.5969	0.3922	-1	0.4665	0.4083	1	35.3007	1128
10	 18.8812	  16.6309	0.5969	0.3922	0.5969	0.3922	-1	0.4665	0.4083	1	35.3173	1129
10	 18.8979	  16.7483	0.5969	0.3922	0.5969	0.3922	-1	0.4665	0.4083	1	35.3341	1130
10	 18.9146	  16.6264	0.5969	0.3922	0.5969	0.3922	-1	0.4665	0.4083	1	35.3507	1131
10	 18.9313	  16.7510	0.5969	0.3922	0.5969	0.3922	-1	0.4665	0.4083	1	35.3675	1132
10	 18.9479	  16.6384	0.5969	0.3922	0.5969	0.3922	-1	0.4665	0.4083	1	35.3841	1133
10	 18.9647	  16.7326	0.5969	0.3922	0.5969	0.3922	-1	0.4665	0.4083	1	35.4008	1134
10	 18.9813	  16.6505	0.5969	0.3922	0.5969	0.3922	-1	0.4665	0.4083	1	35.4175	1135
10	 18.9981	  16.7390	0.5969	0.3922	0.5969	0.3922	-1	0.4665	0.4083	1	35.4342	1136
10	 19.0147	  16.6282	0.5969	0.3922	0.5969	0.3922	-1	0.4665	0.4083	1	35.4509	1137
10	 19.0314	  16.7507	0.5969	0.3922	0.5969	0.3922	-1	0.4665	0.4083	1	35.4676	1138
10	 19.0481	  16.6218	0.5969	0.3922	0.5969	0.3922	-1	0.4665	0.4083	1	35.4842	1139
10	 19.0648	  16.7534	0.5969	0.3922	0.5969	0.3922	-1	0.4665	0.4083	1	35.5010	1140
10	 19.0814	  16.6224	0.5969	0.3922	0.5969	0.3922	-1	0.4665	0.4083	1	35.5176	1141
10	 19.0982	  16.7456	0.5969	0.3922	0.5969	0.3922	-1	0.4665	0.4083	1	35.5343	1142
10	 19.1148	  16.6330	0.5969	0.3922	0.5969	0.3922	-1	0.4665	0.4083	1	35.5510	1143
10	 19.1316	  16.7495	0.5969	0.3922	0.5969	0.3922	-1	0.4665	0.4083	1	35.5677	1144
10	 19.1482	  16.6176	0.5969	0.3922	0.5969	0.3922	-1	0.4665	0.4083	1	35.5843	1145
10	 19.1649	  16.7513	0.5969	0.3922	0.5969	0.3922	-1	0.4665	0.4083	1	35.6011	1146
10	 19.1816	  16.6264	0.5969	0.3922	0.5969	0.3922	-1	0.4665	0.4083	1	35.6177	1147
10	 19.1983	  16.7453	0.5969	0.3922	0.5969	0.3922	-1	0.4665	0.4083	1	35.6345	1148
10	 19.2148	  16.4975	0.5969	0.3922	0.5969	0.3922	-1	0.4665	0.4083	1	35.6510	1149
10	 19.2317	  16.8826	0.5969	0.3922	0.5969	0.3922	-1	0.4665	0.4083	1	35.6679	1150
10	 19.2482	  16.4748	0.5969	0.3922	0.5969	0.3922	-1	0.4665	0.4083	1	35.6843	1151
10	 19.2649	  16.7486	0.5969	0.3922	0.5969	0.3922	-1	0.4665	0.4083	1	35.7011	1152
10	 19.2815	  16.6243	0.5969	0.3922	0.5969	0.3922	-1	0.4665	0.4083	1	35.7177	1153
10	 19.2983	  16.7474	0.5969	0.3922	0.5969	0.3922	-1	0.4665	0.4083	1	35.7344	1154
10	 19.3149	  16.6261	0.5969	0.3922	0.5969	0.3922	-1	0.4665	0.4083	1	35.7511	1155
10	 19.3317	  16.7480	0.5969	0.3922	0.5969	0.3922	-1	0.4665	0.4083	1	35.7678	1156
10	 19.3483	  16.6291	0.5969	0.3922	0.5969	0.3922	-1	0.4665	0.4083	1	35.7844	1157
10	 19.3650	  16.7477	0.5969	0.3922	0.5969	0.3922	-1	0.4665	0.4083	1	35.8012	1158
10	 19.3817	  16.6276	0.5969	0.3922	0.5969	0.3922	-1	0.4665	0.4083	1	35.8178	1159
10	 19.3984	  16.7474	0.5969	0.3922	0.5969	0.3922	-1	0.4665	0.4083	1	35.8346	1160
10	 19.4150	  16.6215	0.5969	0.3922	0.5969	0.3922	-1	0.4665	0.4083	1	35.8512	1161
10	 19.4318	  16.7519	0.5969	0.3922	0.5969	0.3922	-1	0.4665	0.4083	1	35.8679	1162
10	 19.4484	  16.6294	0.5969	0.3922	0.5969	0.3922	-1	0.4665	0.4083	1	35.8846	1163
10	 19.4652	  16.7435	0.5969	0.3922	0.5969	0.3922	-1	0.4665	0.4083	1	35.9013	1164
10	 19.4818	  16.6409	0.5969	0.3922	0.5969	0.3922	-1	0.4665	0.4083	1	35.9180	1165
10	 19.4986	  16.7661	0.5969	0.3922	0.5969	0.3922	-1	0.4665	0.4083	1	35.9347	1166
10	 19.5152	  16.6152	0.5969	0.3922	0.5969	0.3922	-1	0.4665	0.4083	1	35.9513	1167
10	 19.5319	  16.7486	0.5969	0.3922	0.5969	0.3922	-1	0.4665	0.4083	1	35.9681	1168
10	 19.5486	  16.6224	0.5969	0.3922	0.5969	0.3922	-1	0.4665	0.4083	1	35.9847	1169
10	 19.5653	  16.7516	0.5969	0.3922	0.5969	0.3922	-1	0.4665	0.4083	1	36.0015	1170
10	 19.5819	  16.6267	0.5969	0.3922	0.5969	0.3922	-1	0.4665	0.4083	1	36.0181	1171
10	 19.5987	  16.7444	0.5969	0.3922	0.5969	0.3922	-1	0.4665	0.4083	1	36.0348	1172
10	 19.6153	  16.6230	0.5969	0.3922	0.5969	0.3922	-1	0.4665	0.4083	1	36.0515	1173
10	 19.6321	  16.7513	0.5969	0.3922	0.5969	0.3922	-1	0.4665	0.4083	1	36.0682	1174
10	 19.6487	  16.6261	0.5969	0.3922	0.5969	0.3922	-1	0.4665	0.4083	1	36.0848	1175
10	 19.6654	  16.7477	0.5969	0.3922	0.5969	0.3922	-1	0.4665	0.4083	1	36.1016	1176
10	 19.6821	  16.6270	0.5969	0.3922	0.5969	0.3922	-1	0.4665	0.4083	1	36.1182	1177
10	 19.6988	  16.7468	0.5969	0.3922	0.5969	0.3922	-1	0.4665	0.4083	1	36.1350	1178
10	 19.7153	  16.4776	0.5969	0.3922	0.5969	0.3922	-1	0.4665	0.4083	1	36.1514	1179
10	 19.7322	  16.8998	0.5969	0.3922	0.5969	0.3922	-1	0.4665	0.4083	1	36.1683	1180
10	 19.7487	  16.4766	0.5969	0.3922	0.5969	0.3922	-1	0.4665	0.4083	1	36.1848	1181
10	 19.7654	  16.7444	0.5969	0.3922	0.5969	0.3922	-1	0.4665	0.4083	1	36.2016	1182
10	 19.7820	  16.6273	0.5969	0.3922	0.5969	0.3922	-1	0.4665	0.4083	1	36.2182	1183
10	 19.7988	  16.7516	0.5969	0.3922	0.5969	0.3922	-1	0.4665	0.4083	1	36.2349	1184
10	 19.8154	  16.6255	0.5969	0.3922	0.5969	0.3922	-1	0.4665	0.4083	1	36.2516	1185
10	 19.8321	  16.7447	0.5969	0.3922	0.5969	0.3922	-1	0.4665	0.4083	1	36.2683	1186
10	 19.8488	  16.6258	0.5969	0.3922	0.5969	0.3922	-1	0.4665	0.4083	1	36.2849	1187
10	 19.8655	  16.7543	0.5969	0.3922	0.5969	0.3922	-1	0.4665	0.4083	1	36.3017	1188
10	 19.8821	  16.6224	0.5969	0.3922	0.5969	0.3922	-1	0.4665	0.4083	1	36.3183	1189
10	 19.8989	  16.7483	0.5969	0.3922	0.5969	0.3922	-1	0.4665	0.4083	1	36.3351	1190
10	 19.9155	  16.6490	0.5969	0.3922	0.5969	0.3922	-1	0.4665	0.4083	1	36.3517	1191
10	 19.9323	  16.7248	0.5969	0.3922	0.5969	0.3922	-1	0.4665	0.4083	1	36.3684	1192
10	 19.9489	  16.6396	0.5969	0.3922	0.5969	0.3922	-1	0.4665	0.4083	1	36.3851	1193
10	 19.9657	  16.7525	0.5969	0.3922	0.5969	0.3922	-1	0.4665	0.4083	1	36.4018	1194
10	 19.9823	  16.6258	0.5969	0.3922	0.5969	0.3922	-1	0.4665	0.4083	1	36.4184	1195
10	 19.9990	  16.7562	0.5969	0.3922	0.5969	0.3922	-1	0.4665	0.4083	1	36.4352	1196
10	 20.0157	  16.6161	0.5969	0.3922	0.5969	0.3922	-1	0.4665	0.4083	1	36.4518	1197
10	 20.0324	  16.7613	0.5969	0.3922	0.5969	0.3922	-1	0.4665	0.4083	1	36.4686	1198
10	 20.0490	  16.6173	0.5969	0.3922	0.5969	0.3922	-1	0.4665	0.4083	1	36.4852	1199
10	 20.0658	  16.7492	0.5969	0.3922	0.5969	0.3922	-1	0.4665	0.4083	1	36.5019	1200
10	 20.0824	  16.6152	0.5969	0.3922	0.5969	0.3922	-1	0.4665	0.4083	1	36.5186	1201
10	 20.0992	  16.7550	0.5969	0.3922	0.5969	0.3922	-1	0.4665	0.4083	1	36.5353	1202
10	 20.1158	  16.6255	0.5969	0.3922	0.5969	0.3922	-1	0.4665	0.4083	1	36.5519	1203
10	 20.1325	  16.7625	0.5969	0.3922	0.5969	0.3922	-1	0.4665	0.4083	1	36.5687	1204
10	 20.1492	  16.6131	0.5969	0.3922	0.5969	0.3922	-1	0.4665	0.4083	1	36.5853	1205
10	 20.1659	  16.7492	0.5969	0.3922	0.5969	0.3922	-1	0.4665	0.4083	1	36.6021	1206
10	 20.1826	  16.6602	0.5969	0.3922	0.5969	0.3922	-1	0.4665	0.4083	1	36.6187	1207
10	 20.1993	  16.7166	0.5969	0.3922	0.5969	0.3922	-1	0.4665	0.4083	1	36.6354	1208
10	 20.2158	  16.4769	0.5969	0.3922	0.5969	0.3922	-1	0.4665	0.4083	1	36.6519	1209
10	 20.2325	  16.7667	0.5969	0.3922	0.5969	0.3922	-1	0.4665	0.4083	1	36.6687	1210
10	 20.2491	  16.6019	0.5969	0.3922	0.5969	0.3922	-1	0.4665	0.4083	1	36.6853	1211
10	 20.2659	  16.7495	0.5969	0.3922	0.5969	0.3922	-1	0.4665	0.4083	1	36.7020	1212
10	 20.2826	  16.6810	0.5969	0.3922	0.5969	0.3922	-1	0.4665	0.4083	1	36.7187	1213
10	 20.2993	  16.6952	0.5969	0.3922	0.5969	0.3922	-1	0.4665	0.4083	1	36.7354	1214
10	 20.3159	  16.6255	0.5969	0.3922	0.5969	0.3922	-1	0.4665	0.4083	1	36.7520	1215
10	 20.3327	  16.7746	0.5969	0.3922	0.5969	0.3922	-1	0.4665	0.4083	1	36.7688	1216
10	 20.3493	  16.5983	0.5969	0.3922	0.5969	0.3922	-1	0.4665	0.4083	1	36.7854	1217
10	 20.3660	  16.7504	0.5969	0.3922	0.5969	0.3922	-1	0.4665	0.4083	1	36.8022	1218
10	 20.3826	  16.5962	0.5969	0.3922	0.5969	0.3922	-1	0.4665	0.4083	1	36.8188	1219
10	 20.3994	  16.7791	0.5969	0.3922	0.5969	0.3922	-1	0.4665	0.4083	1	36.8355	1220
10	 20.4160	  16.6418	0.5969	0.3922	0.5969	0.3922	-1	0.4665	0.4083	1	36.8522	1221
10	 20.4327	  16.7100	0.5969	0.3922	0.5969	0.3922	-1	0.4665	0.4083	1	36.8689	1222
10	 20.4494	  16.6750	0.5969	0.3922	0.5969	0.3922	-1	0.4665	0.4083	1	36.8856	1223
10	 20.4661	  16.7374	0.5969	0.3922	0.5969	0.3922	-1	0.4665	0.4083	1	36.9023	1224
10	 20.4827	  16.5817	0.5969	0.3922	0.5969	0.3922	-1	0.4665	0.4083	1	36.9189	1225
10	 20.4995	  16.7990	0.5969	0.3922	0.5969	0.3922	-1	0.4665	0.4083	1	36.9357	1226
10	 20.5161	  16.6215	0.5969	0.3922	0.5969	0.3922	-1	0.4665	0.4083	1	36.9523	1227
10	 20.5329	  16.7619	0.5969	0.3922	0.5969	0.3922	-1	0.4665	0.4083	1	36.9691	1228
10	 20.5495	  16.6116	0.5969	0.3922	0.5969	0.3922	-1	0.4665	0.4083	1	36.9857	1229
10	 20.5663	  16.7486	0.5969	0.3922	0.5969	0.3922	-1	0.4665	0.4083	1	37.0024	1230
10	 20.5829	  16.5904	0.5969	0.3922	0.5969	0.3922	-1	0.4665	0.4083	1	37.0190	1231
10	 20.5996	  16.7842	0.5969	0.3922	0.5969	0.3922	-1	0.4665	0.4083	1	37.0358	1232
10	 20.6163	  16.6227	0.5969	0.3922	0.5969	0.3922	-1	0.4665	0.4083	1	37.0524	1233
10	 20.6330	  16.7501	0.5969	0.3922	0.5969	0.3922	-1	0.4665	0.4083	1	37.0692	1234
10	 20.6496	  16.6246	0.5969	0.3922	0.5969	0.3922	-1	0.4665	0.4083	1	37.0858	1235
10	 20.6664	  16.7510	0.5969	0.3922	0.5969	0.3922	-1	0.4665	0.4083	1	37.1026	1236
10	 20.6829	  16.4619	0.5969	0.3922	0.5969	0.3922	-1	0.4665	0.4083	1	37.1190	1237
10	 20.6998	  16.9146	0.5969	0.3922	0.5969	0.3922	-1	0.4665	0.4083	1	37.1359	1238
10	 20.7162	  16.4742	0.5969	0.3922	0.5969	0.3922	-1	0.4665	0.4083	1	37.1524	1239
10	 20.7330	  16.7534	0.5969	0.3922	0.5969	0.3922	-1	0.4665	0.4083	1	37.1692	1240
10	 20.7496	  16.6209	0.5969	0.3922	0.5969	0.3922	-1	0.4665	0.4083	1	37.1858	1241
10	 20.7664	  16.7486	0.5969	0.3922	0.5969	0.3922	-1	0.4665	0.4083	1	37.2025	1242
10	 20.7830	  16.6037	0.5969	0.3922	0.5969	0.3922	-1	0.4665	0.4083	1	37.2191	1243
10	 20.7997	  16.7719	0.5969	0.3922	0.5969	0.3922	-1	0.4665	0.4083	1	37.2359	1244
10	 20.8164	  16.6252	0.5969	0.3922	0.5969	0.3922	-1	0.4665	0.4083	1	37.2525	1245
10	 20.8331	  16.7311	0.5969	0.3922	0.5969	0.3922	-1	0.4665	0.4083	1	37.2693	1246
10	 20.8497	  16.6445	0.5969	0.3922	0.5969	0.3922	-1	0.4665	0.4083	1	37.2859	1247
10	 20.8665	  16.7510	0.5969	0.3922	0.5969	0.3922	-1	0.4665	0.4083	1	37.3027	1248
10	 20.8831	  16.6227	0.5969	0.3922	0.5969	0.3922	-1	0.4665	0.4083	1	37.3193	1249
10	 20.8998	  16.7248	0.5969	0.3922	0.5969	0.3922	-1	0.4665	0.4083	1	37.3360	1250
10	 20.9358	  35.9238	0.5969	0.3922	0.5969	0.3922	-1	0.4665	0.4083	1	37.3719	1251
10	 20.9499	  14.0953	0.5969	0.3922	0.5969	0.3922	-1	0.4665	0.4083	1	37.3860	1252
10	 20.9666	  16.7706	0.5969	0.3922	0.5969	0.3922	-1	0.4665	0.4083	1	37.4028	1253
10	 20.9832	  16.5932	0.5969	0.3922	0.5969	0.3922	-1	0.4665	0.4083	1	37.4194	1254
10	 21.0000	  16.7888	0.5969	0.3922	0.5969	0.3922	-1	0.4665	0.4083	1	37.4362	1255
10	 21.0166	  16.6173	0.5969	0.3922	0.5969	0.3922	-1	0.4665	0.4083	1	37.4528	1256
10	 21.0334	  16.7477	0.5969	0.3922	0.5969	0.3922	-1	0.4665	0.4083	1	37.4695	1257
10	 21.0499	  16.5470	0.5969	0.3922	0.5969	0.3922	-1	0.4665	0.4083	1	37.4861	1258
10	 21.0668	  16.8325	0.5969	0.3922	0.5969	0.3922	-1	0.4665	0.4083	1	37.5029	1259
10	 21.0834	  16.6224	0.5969	0.3922	0.5969	0.3922	-1	0.4665	0.4083	1	37.5195	1260
10	 21.1001	  16.7507	0.5969	0.3922	0.5969	0.3922	-1	0.4665	0.4083	1	37.5363	1261
10	 21.1168	  16.6246	0.5969	0.3922	0.5969	0.3922	-1	0.4665	0.4083	1	37.5529	1262
10	 21.1335	  16.7254	0.5969	0.3922	0.5969	0.3922	-1	0.4665	0.4083	1	37.5696	1263
10	 21.1501	  16.6463	0.5969	0.3922	0.5969	0.3922	-1	0.4665	0.4083	1	37.5863	1264
10	 21.1669	  16.7495	0.5969	0.3922	0.5969	0.3922	-1	0.4665	0.4083	1	37.6030	1265
10	 21.1835	  16.6396	0.5969	0.3922	0.5969	0.3922	-1	0.4665	0.4083	1	37.6197	1266
10	 21.2002	  16.6768	0.5969	0.3922	0.5969	0.3922	-1	0.4665	0.4083	1	37.6364	1267
10	 21.2167	  16.5062	0.5969	0.3922	0.5969	0.3922	-1	0.4665	0.4083	1	37.6529	1268
10	 21.2335	  16.7525	0.5969	0.3922	0.5969	0.3922	-1	0.4665	0.4083	1	37.6696	1269
10	 21.2501	  16.6469	0.5969	0.3922	0.5969	0.3922	-1	0.4665	0.4083	1	37.6863	1270
10	 21.2669	  16.7528	0.5969	0.3922	0.5969	0.3922	-1	0.4665	0.4083	1	37.7030	1271
10	 21.2835	  16.6249	0.5969	0.3922	0.5969	0.3922	-1	0.4665	0.4083	1	37.7196	1272
10	 21.3002	  16.7474	0.5969	0.3922	0.5969	0.3922	-1	0.4665	0.4083	1	37.7364	1273
10	 21.3169	  16.6273	0.5969	0.3922	0.5969	0.3922	-1	0.4665	0.4083	1	37.7530	1274
10	 21.3336	  16.7070	0.5969	0.3922	0.5969	0.3922	-1	0.4665	0.4083	1	37.7697	1275
10	 21.3502	  16.6369	0.5969	0.3922	0.5969	0.3922	-1	0.4665	0.4083	1	37.7864	1276
10	 21.3670	  16.7845	0.5969	0.3922	0.5969	0.3922	-1	0.4665	0.4083	1	37.8031	1277
10	 21.3836	  16.5950	0.5969	0.3922	0.5969	0.3922	-1	0.4665	0.4083	1	37.8197	1278
10	 21.4003	  16.7495	0.5969	0.3922	0.5969	0.3922	-1	0.4665	0.4083	1	37.8365	1279
10	 21.4170	  16.6406	0.5969	0.3922	0.5969	0.3922	-1	0.4665	0.4083	1	37.8531	1280
10	 21.4337	  16.7785	0.5969	0.3922	0.5969	0.3922	-1	0.4665	0.4083	1	37.8699	1281
10	 21.4503	  16.5941	0.5969	0.3922	0.5969	0.3922	-1	0.4665	0.4083	1	37.8865	1282
10	 21.4671	  16.7782	0.5969	0.3922	0.5969	0.3922	-1	0.4665	0.4083	1	37.9033	1283
10	 21.4837	  16.5772	0.5969	0.3922	0.5969	0.3922	-1	0.4665	0.4083	1	37.9199	1284
10	 21.5005	  16.7996	0.5969	0.3922	0.5969	0.3922	-1	0.4665	0.4083	1	37.9366	1285
10	 21.5171	  16.5965	0.5969	0.3922	0.5969	0.3922	-1	0.4665	0.4083	1	37.9532	1286
10	 21.5338	  16.7483	0.5969	0.3922	0.5969	0.3922	-1	0.4665	0.4083	1	37.9700	1287
10	 21.5505	  16.6523	0.5969	0.3922	0.5969	0.3922	-1	0.4665	0.4083	1	37.9866	1288
10	 21.5672	  16.7217	0.5969	0.3922	0.5969	0.3922	-1	0.4665	0.4083	1	38.0034	1289
10	 21.5839	  16.6508	0.5969	0.3922	0.5969	0.3922	-1	0.4665	0.4083	1	38.0200	1290
10	 21.6006	  16.7513	0.5969	0.3922	0.5969	0.3922	-1	0.4665	0.4083	1	38.0368	1291
10	 21.6172	  16.6239	0.5969	0.3922	0.5969	0.3922	-1	0.4665	0.4083	1	38.0534	1292
10	 21.6340	  16.7456	0.5969	0.3922	0.5969	0.3922	-1	0.4665	0.4083	1	38.0701	1293
10	 21.6506	  16.6312	0.5969	0.3922	0.5969	0.3922	-1	0.4665	0.4083	1	38.0868	1294
10	 21.6674	  16.7468	0.5969	0.3922	0.5969	0.3922	-1	0.4665	0.4083	1	38.1035	1295
10	 21.6838	  16.4745	0.5969	0.3922	0.5969	0.3922	-1	0.4665	0.4083	1	38.1200	1296
10	 21.7006	  16.7498	0.5969	0.3922	0.5969	0.3922	-1	0.4665	0.4083	1	38.1367	1297
10	 21.7172	  16.6255	0.5969	0.3922	0.5969	0.3922	-1	0.4665	0.4083	1	38.1534	1298
10	 21.7340	  16.7471	0.5969	0.3922	0.5969	0.3922	-1	0.4665	0.4083	1	38.1701	1299
10	 21.7506	  16.6279	0.5969	0.3922	0.5969	0.3922	-1	0.4665	0.4083	1	38.1867	1300
10	 21.7673	  16.7477	0.5969	0.3922	0.5969	0.3922	-1	0.4665	0.4083	1	38.2035	1301
10	 21.7840	  16.6273	0.5969	0.3922	0.5969	0.3922	-1	0.4665	0.4083	1	38.2201	1302
10	 21.8007	  16.7519	0.5969	0.3922	0.5969	0.3922	-1	0.4665	0.4083	1	38.2369	1303
10	 21.8173	  16.6233	0.5969	0.3922	0.5969	0.3922	-1	0.4665	0.4083	1	38.2535	1304
10	 21.8341	  16.7498	0.5969	0.3922	0.5969	0.3922	-1	0.4665	0.4083	1	38.2702	1305
10	 21.8507	  16.6230	0.5969	0.3922	0.5969	0.3922	-1	0.4665	0.4083	1	38.2869	1306
10	 21.8675	  16.7513	0.5969	0.3922	0.5969	0.3922	-1	0.4665	0.4083	1	38.3036	1307
10	 21.8841	  16.6387	0.5969	0.3922	0.5969	0.3922	-1	0.4665	0.4083	1	38.3203	1308
10	 21.9008	  16.7323	0.5969	0.3922	0.5969	0.3922	-1	0.4665	0.4083	1	38.3370	1309
10	 21.9175	  16.6544	0.5969	0.3922	0.5969	0.3922	-1	0.4665	0.4083	1	38.3536	1310
10	 21.9342	  16.7417	0.5969	0.3922	0.5969	0.3922	-1	0.4665	0.4083	1	38.3704	1311
10	 21.9509	  16.6243	0.5969	0.3922	0.5969	0.3922	-1	0.4665	0.4083	1	38.3870	1312
10	 21.9676	  16.7465	0.5969	0.3922	0.5969	0.3922	-1	0.4665	0.4083	1	38.4038	1313
10	 21.9842	  16.6285	0.5969	0.3922	0.5969	0.3922	-1	0.4665	0.4083	1	38.4204	1314
10	 22.0010	  16.7495	0.5969	0.3922	0.5969	0.3922	-1	0.4665	0.4083	1	38.4371	1315
10	 22.0176	  16.6206	0.5969	0.3922	0.5969	0.3922	-1	0.4665	0.4083	1	38.4538	1316
10	 22.0343	  16.7537	0.5969	0.3922	0.5969	0.3922	-1	0.4665	0.4083	1	38.4705	1317
10	 22.0510	  16.6221	0.5969	0.3922	0.5969	0.3922	-1	0.4665	0.4083	1	38.4871	1318
10	 22.0677	  16.7462	0.5969	0.3922	0.5969	0.3922	-1	0.4665	0.4083	1	38.5039	1319
10	 22.0843	  16.6270	0.5969	0.3922	0.5969	0.3922	-1	0.4665	0.4083	1	38.5205	1320
10	 22.1011	  16.7480	0.5969	0.3922	0.5969	0.3922	-1	0.4665	0.4083	1	38.5373	1321
10	 22.1177	  16.6342	0.5969	0.3922	0.5969	0.3922	-1	0.4665	0.4083	1	38.5539	1322
10	 22.1345	  16.7483	0.5969	0.3922	0.5969	0.3922	-1	0.4665	0.4083	1	38.5706	1323
10	 22.1511	  16.5910	0.5969	0.3922	0.5969	0.3922	-1	0.4665	0.4083	1	38.5872	1324
10	 22.1678	  16.7791	0.5969	0.3922	0.5969	0.3922	-1	0.4665	0.4083	1	38.6040	1325
10	 22.1843	  16.4748	0.5969	0.3922	0.5969	0.3922	-1	0.4665	0.4083	1	38.6205	1326
10	 22.2011	  16.7513	0.5969	0.3922	0.5969	0.3922	-1	0.4665	0.4083	1	38.6372	1327
10	 22.2177	  16.6252	0.5969	0.3922	0.5969	0.3922	-1	0.4665	0.4083	1	38.6539	1328
10	 22.2344	  16.7489	0.5969	0.3922	0.5969	0.3922	-1	0.4665	0.4083	1	38.6706	1329
10	 22.2511	  16.6261	0.5969	0.3922	0.5969	0.3922	-1	0.4665	0.4083	1	38.6872	1330
10	 22.2678	  16.7492	0.5969	0.3922	0.5969	0.3922	-1	0.4665	0.4083	1	38.7040	1331
10	 22.2844	  16.6246	0.5969	0.3922	0.5969	0.3922	-1	0.4665	0.4083	1	38.7206	1332
10	 22.3012	  16.7465	0.5969	0.3922	0.5969	0.3922	-1	0.4665	0.4083	1	38.7374	1333
10	 22.3178	  16.6285	0.5969	0.3922	0.5969	0.3922	-1	0.4665	0.4083	1	38.7540	1334
10	 22.3346	  16.7471	0.5969	0.3922	0.5969	0.3922	-1	0.4665	0.4083	1	38.7707	1335
10	 22.3512	  16.6221	0.5969	0.3922	0.5969	0.3922	-1	0.4665	0.4083	1	38.7873	1336
10	 22.3679	  16.7519	0.5969	0.3922	0.5969	0.3922	-1	0.4665	0.4083	1	38.8041	1337
10	 22.3846	  16.6445	0.5969	0.3922	0.5969	0.3922	-1	0.4665	0.4083	1	38.8207	1338
10	 22.4013	  16.7299	0.5969	0.3922	0.5969	0.3922	-1	0.4665	0.4083	1	38.8375	1339
10	 22.4180	  16.6424	0.5969	0.3922	0.5969	0.3922	-1	0.4665	0.4083	1	38.8541	1340
10	 22.4347	  16.7459	0.5969	0.3922	0.5969	0.3922	-1	0.4665	0.4083	1	38.8709	1341
10	 22.4513	  16.6116	0.5969	0.3922	0.5969	0.3922	-1	0.4665	0.4083	1	38.8875	1342
10	 22.4681	  16.7722	0.5969	0.3922	0.5969	0.3922	-1	0.4665	0.4083	1	38.9042	1343
10	 22.4847	  16.5781	0.5969	0.3922	0.5969	0.3922	-1	0.4665	0.4083	1	38.9208	1344
10	 22.5015	  16.7990	0.5969	0.3922	0.5969	0.3922	-1	0.4665	0.4083	1	38.9376	1345
10	 22.5181	  16.6191	0.5969	0.3922	0.5969	0.3922	-1	0.4665	0.4083	1	38.9542	1346
10	 22.5348	  16.7510	0.5969	0.3922	0.5969	0.3922	-1	0.4665	0.4083	1	38.9710	1347
10	 22.5515	  16.6300	0.5969	0.3922	0.5969	0.3922	-1	0.4665	0.4083	1	38.9876	1348
10	 22.5682	  16.7402	0.5969	0.3922	0.5969	0.3922	-1	0.4665	0.4083	1	39.0044	1349
10	 22.5848	  16.6224	0.5969	0.3922	0.5969	0.3922	-1	0.4665	0.4083	1	39.0210	1350
10	 22.6016	  16.7537	0.5969	0.3922	0.5969	0.3922	-1	0.4665	0.4083	1	39.0377	1351
10	 22.6182	  16.6221	0.5969	0.3922	0.5969	0.3922	-1	0.4665	0.4083	1	39.0544	1352
10	 22.6350	  16.7471	0.5969	0.3922	0.5969	0.3922	-1	0.4665	0.4083	1	39.0711	1353
10	 22.6516	  16.6300	0.5969	0.3922	0.5969	0.3922	-1	0.4665	0.4083	1	39.0877	1354
10	 22.6683	  16.7441	0.5969	0.3922	0.5969	0.3922	-1	0.4665	0.4083	1	39.1045	1355
10	 22.6848	  16.4942	0.5969	0.3922	0.5969	0.3922	-1	0.4665	0.4083	1	39.1210	1356
10	 22.7016	  16.7311	0.5969	0.3922	0.5969	0.3922	-1	0.4665	0.4083	1	39.1377	1357
10	 22.7182	  16.6312	0.5969	0.3922	0.5969	0.3922	-1	0.4665	0.4083	1	39.1543	1358
10	 22.7350	  16.7870	0.5969	0.3922	0.5969	0.3922	-1	0.4665	0.4083	1	39.1711	1359
10	 22.7516	  16.5844	0.5969	0.3922	0.5969	0.3922	-1	0.4665	0.4083	1	39.1877	1360
10	 22.7683	  16.7471	0.5969	0.3922	0.5969	0.3922	-1	0.4665	0.4083	1	39.2045	1361
10	 22.7849	  16.6282	0.5969	0.3922	0.5969	0.3922	-1	0.4665	0.4083	1	39.2211	1362
10	 22.8017	  16.7498	0.5969	0.3922	0.5969	0.3922	-1	0.4665	0.4083	1	39.2378	1363
10	 22.8183	  16.6243	0.5969	0.3922	0.5969	0.3922	-1	0.4665	0.4083	1	39.2545	1364
10	 22.8351	  16.7486	0.5969	0.3922	0.5969	0.3922	-1	0.4665	0.4083	1	39.2712	1365
10	 22.8517	  16.6264	0.5969	0.3922	0.5969	0.3922	-1	0.4665	0.4083	1	39.2878	1366
10	 22.8684	  16.7495	0.5969	0.3922	0.5969	0.3922	-1	0.4665	0.4083	1	39.3046	1367
10	 22.8850	  16.5904	0.5969	0.3922	0.5969	0.3922	-1	0.4665	0.4083	1	39.3212	1368
10	 22.9018	  16.7966	0.5969	0.3922	0.5969	0.3922	-1	0.4665	0.4083	1	39.3380	1369
10	 22.9185	  16.6390	0.5969	0.3922	0.5969	0.3922	-1	0.4665	0.4083	1	39.3546	1370
10	 22.9352	  16.7480	0.5969	0.3922	0.5969	0.3922	-1	0.4665	0.4083	1	39.3714	1371
10	 22.9518	  16.6137	0.5969	0.3922	0.5969	0.3922	-1	0.4665	0.4083	1	39.3880	1372
10	 22.9686	  16.7534	0.5969	0.3922	0.5969	0.3922	-1	0.4665	0.4083	1	39.4047	1373
10	 22.9852	  16.6255	0.5969	0.3922	0.5969	0.3922	-1	0.4665	0.4083	1	39.4214	1374
10	 23.0019	  16.7450	0.5969	0.3922	0.5969	0.3922	-1	0.4665	0.4083	1	39.4381	1375
10	 23.0186	  16.6309	0.5969	0.3922	0.5969	0.3922	-1	0.4665	0.4083	1	39.4547	1376
10	 23.0353	  16.7468	0.5969	0.3922	0.5969	0.3922	-1	0.4665	0.4083	1	39.4715	1377
10	 23.0519	  16.6239	0.5969	0.3922	0.5969	0.3922	-1	0.4665	0.4083	1	39.4881	1378
10	 23.0687	  16.7516	0.5969	0.3922	0.5969	0.3922	-1	0.4665	0.4083	1	39.5049	1379
10	 23.0853	  16.6191	0.5969	0.3922	0.5969	0.3922	-1	0.4665	0.4083	1	39.5215	1380
10	 23.1021	  16.7489	0.5969	0.3922	0.5969	0.3922	-1	0.4665	0.4083	1	39.5382	1381
10	 23.1187	  16.6406	0.5969	0.3922	0.5969	0.3922	-1	0.4665	0.4083	1	39.5549	1382
10	 23.1354	  16.7393	0.5969	0.3922	0.5969	0.3922	-1	0.4665	0.4083	1	39.5716	1383
10	 23.1519	  16.4745	0.5969	0.3922	0.5969	0.3922	-1	0.4665	0.4083	1	39.5881	1384
10	 23.1687	  16.7477	0.5969	0.3922	0.5969	0.3922	-1	0.4665	0.4083	1	39.6048	1385
10	 23.1853	  16.6249	0.5969	0.3922	0.5969	0.3922	-1	0.4665	0.4083	1	39.6214	1386
10	 23.2020	  16.7477	0.5969	0.3922	0.5969	0.3922	-1	0.4665	0.4083	1	39.6382	1387
10	 23.2187	  16.6258	0.5969	0.3922	0.5969	0.3922	-1	0.4665	0.4083	1	39.6548	1388
10	 23.2354	  16.7531	0.5969	0.3922	0.5969	0.3922	-1	0.4665	0.4083	1	39.6716	1389
10	 23.2520	  16.6255	0.5969	0.3922	0.5969	0.3922	-1	0.4665	0.4083	1	39.6882	1390
10	 23.2688	  16.7498	0.5969	0.3922	0.5969	0.3922	-1	0.4665	0.4083	1	39.7049	1391
10	 23.2854	  16.6236	0.5969	0.3922	0.5969	0.3922	-1	0.4665	0.4083	1	39.7216	1392
10	 23.3022	  16.7565	0.5969	0.3922	0.5969	0.3922	-1	0.4665	0.4083	1	39.7383	1393
10	 23.3188	  16.6170	0.5969	0.3922	0.5969	0.3922	-1	0.4665	0.4083	1	39.7549	1394
10	 23.3355	  16.7501	0.5969	0.3922	0.5969	0.3922	-1	0.4665	0.4083	1	39.7717	1395
10	 23.3522	  16.6424	0.5969	0.3922	0.5969	0.3922	-1	0.4665	0.4083	1	39.7883	1396
10	 23.3689	  16.7299	0.5969	0.3922	0.5969	0.3922	-1	0.4665	0.4083	1	39.8051	1397
10	 23.3856	  16.6511	0.5969	0.3922	0.5969	0.3922	-1	0.4665	0.4083	1	39.8217	1398
10	 23.4023	  16.7133	0.5969	0.3922	0.5969	0.3922	-1	0.4665	0.4083	1	39.8384	1399
10	 23.4189	  16.6565	0.5969	0.3922	0.5969	0.3922	-1	0.4665	0.4083	1	39.8551	1400
10	 23.4357	  16.7456	0.5969	0.3922	0.5969	0.3922	-1	0.4665	0.4083	1	39.8718	1401
10	 23.4523	  16.6439	0.5969	0.3922	0.5969	0.3922	-1	0.4665	0.4083	1	39.8885	1402
10	 23.4690	  16.6913	0.5969	0.3922	0.5969	0.3922	-1	0.4665	0.4083	1	39.9052	1403
10	 23.4856	  16.6345	0.5969	0.3922	0.5969	0.3922	-1	0.4665	0.4083	1	39.9218	1404
10	 23.5025	  16.8407	0.5969	0.3922	0.5969	0.3922	-1	0.4665	0.4083	1	39.9386	1405
10	 23.5191	  16.5672	0.5969	0.3922	0.5969	0.3922	-1	0.4665	0.4083	1	39.9552	1406
10	 23.5358	  16.7519	0.5969	0.3922	0.5969	0.3922	-1	0.4665	0.4083	1	39.9720	1407
10	 23.5524	  16.6415	0.5969	0.3922	0.5969	0.3922	-1	0.4665	0.4083	1	39.9886	1408
10	 23.5692	  16.7290	0.5969	0.3922	0.5969	0.3922	-1	0.4665	0.4083	1	40.0053	1409
10	 23.5858	  16.6239	0.5969	0.3922	0.5969	0.3922	-1	0.4665	0.4083	1	40.0220	1410
10	 23.6026	  16.7649	0.5969	0.3922	0.5969	0.3922	-1	0.4665	0.4083	1	40.0387	1411
10	 23.6192	  16.6101	0.5969	0.3922	0.5969	0.3922	-1	0.4665	0.4083	1	40.0553	1412
10	 23.6359	  16.7489	0.5969	0.3922	0.5969	0.3922	-1	0.4665	0.4083	1	40.0721	1413
10	 23.6524	  16.4939	0.5969	0.3922	0.5969	0.3922	-1	0.4665	0.4083	1	40.0886	1414
10	 23.6693	  16.8769	0.5969	0.3922	0.5969	0.3922	-1	0.4665	0.4083	1	40.1055	1415
10	 23.6858	  16.4800	0.5969	0.3922	0.5969	0.3922	-1	0.4665	0.4083	1	40.1219	1416
10	 23.7025	  16.7643	0.5969	0.3922	0.5969	0.3922	-1	0.4665	0.4083	1	40.1387	1417
10	 23.7191	  16.6095	0.5969	0.3922	0.5969	0.3922	-1	0.4665	0.4083	1	40.1553	1418
10	 23.7359	  16.7477	0.5969	0.3922	0.5969	0.3922	-1	0.4665	0.4083	1	40.1721	1419
10	 23.7525	  16.6252	0.5969	0.3922	0.5969	0.3922	-1	0.4665	0.4083	1	40.1887	1420
10	 23.7693	  16.7492	0.5969	0.3922	0.5969	0.3922	-1	0.4665	0.4083	1	40.2054	1421
10	 23.7859	  16.6255	0.5969	0.3922	0.5969	0.3922	-1	0.4665	0.4083	1	40.2221	1422
10	 23.8026	  16.7293	0.5969	0.3922	0.5969	0.3922	-1	0.4665	0.4083	1	40.2388	1423
10	 23.8193	  16.6454	0.5969	0.3922	0.5969	0.3922	-1	0.4665	0.4083	1	40.2554	1424
10	 23.8360	  16.7489	0.5969	0.3922	0.5969	0.3922	-1	0.4665	0.4083	1	40.2722	1425
10	 23.8526	  16.6028	0.5969	0.3922	0.5969	0.3922	-1	0.4665	0.4083	1	40.2888	1426
10	 23.8694	  16.7731	0.5969	0.3922	0.5969	0.3922	-1	0.4665	0.4083	1	40.3056	1427
10	 23.8860	  16.6469	0.5969	0.3922	0.5969	0.3922	-1	0.4665	0.4083	1	40.3222	1428
10	 23.9027	  16.7073	0.5969	0.3922	0.5969	0.3922	-1	0.4665	0.4083	1	40.3389	1429
10	 23.9194	  16.6659	0.5969	0.3922	0.5969	0.3922	-1	0.4665	0.4083	1	40.3556	1430
10	 23.9362	  16.7480	0.5969	0.3922	0.5969	0.3922	-1	0.4665	0.4083	1	40.3723	1431
10	 23.9528	  16.6330	0.5969	0.3922	0.5969	0.3922	-1	0.4665	0.4083	1	40.3890	1432
10	 23.9695	  16.7402	0.5969	0.3922	0.5969	0.3922	-1	0.4665	0.4083	1	40.4057	1433
10	 23.9862	  16.6236	0.5969	0.3922	0.5969	0.3922	-1	0.4665	0.4083	1	40.4223	1434
10	 24.0029	  16.7293	0.5969	0.3922	0.5969	0.3922	-1	0.4665	0.4083	1	40.4390	1435
10	 24.0195	  16.6454	0.5969	0.3922	0.5969	0.3922	-1	0.4665	0.4083	1	40.4557	1436
10	 24.0363	  16.7489	0.5969	0.3922	0.5969	0.3922	-1	0.4665	0.4083	1	40.4724	1437
10	 24.0529	  16.6073	0.5969	0.3922	0.5969	0.3922	-1	0.4665	0.4083	1	40.4890	1438
10	 24.0697	  16.7703	0.5969	0.3922	0.5969	0.3922	-1	0.4665	0.4083	1	40.5058	1439
10	 24.0863	  16.6197	0.5969	0.3922	0.5969	0.3922	-1	0.4665	0.4083	1	40.5224	1440
10	 24.1030	  16.7679	0.5969	0.3922	0.5969	0.3922	-1	0.4665	0.4083	1	40.5392	1441
10	 24.1197	  16.6086	0.5969	0.3922	0.5969	0.3922	-1	0.4665	0.4083	1	40.5558	1442
10	 24.1364	  16.7456	0.5969	0.3922	0.5969	0.3922	-1	0.4665	0.4083	1	40.5726	1443
10	 24.1529	  16.4812	0.5969	0.3922	0.5969	0.3922	-1	0.4665	0.4083	1	40.5890	1444
10	 24.1696	  16.7456	0.5969	0.3922	0.5969	0.3922	-1	0.4665	0.4083	1	40.6058	1445
10	 24.1863	  16.6285	0.5969	0.3922	0.5969	0.3922	-1	0.4665	0.4083	1	40.6224	1446
10	 24.2030	  16.7308	0.5969	0.3922	0.5969	0.3922	-1	0.4665	0.4083	1	40.6391	1447
10	 24.2196	  16.5913	0.5969	0.3922	0.5969	0.3922	-1	0.4665	0.4083	1	40.6557	1448
10	 24.2363	  16.7634	0.5969	0.3922	0.5969	0.3922	-1	0.4665	0.4083	1	40.6725	1449
10	 24.2530	  16.6502	0.5969	0.3922	0.5969	0.3922	-1	0.4665	0.4083	1	40.6892	1450
10	 24.2698	  16.7637	0.5969	0.3922	0.5969	0.3922	-1	0.4665	0.4083	1	40.7059	1451
10	 24.2864	  16.6264	0.5969	0.3922	0.5969	0.3922	-1	0.4665	0.4083	1	40.7225	1452
10	 24.3031	  16.7477	0.5969	0.3922	0.5969	0.3922	-1	0.4665	0.4083	1	40.7393	1453
10	 24.3198	  16.6261	0.5969	0.3922	0.5969	0.3922	-1	0.4665	0.4083	1	40.7559	1454
10	 24.3365	  16.7646	0.5969	0.3922	0.5969	0.3922	-1	0.4665	0.4083	1	40.7727	1455
10	 24.3531	  16.5802	0.5969	0.3922	0.5969	0.3922	-1	0.4665	0.4083	1	40.7893	1456
10	 24.3699	  16.7903	0.5969	0.3922	0.5969	0.3922	-1	0.4665	0.4083	1	40.8061	1457
10	 24.3865	  16.6351	0.5969	0.3922	0.5969	0.3922	-1	0.4665	0.4083	1	40.8227	1458
10	 24.4033	  16.7516	0.5969	0.3922	0.5969	0.3922	-1	0.4665	0.4083	1	40.8394	1459
10	 24.4199	  16.5772	0.5969	0.3922	0.5969	0.3922	-1	0.4665	0.4083	1	40.8560	1460
10	 24.4367	  16.7951	0.5969	0.3922	0.5969	0.3922	-1	0.4665	0.4083	1	40.8728	1461
10	 24.4533	  16.6203	0.5969	0.3922	0.5969	0.3922	-1	0.4665	0.4083	1	40.8894	1462
10	 24.4700	  16.7486	0.5969	0.3922	0.5969	0.3922	-1	0.4665	0.4083	1	40.9062	1463
10	 24.4866	  16.6246	0.5969	0.3922	0.5969	0.3922	-1	0.4665	0.4083	1	40.9228	1464
10	 24.5034	  16.7556	0.5969	0.3922	0.5969	0.3922	-1	0.4665	0.4083	1	40.9396	1465
10	 24.5200	  16.6191	0.5969	0.3922	0.5969	0.3922	-1	0.4665	0.4083	1	40.9562	1466
10	 24.5368	  16.7486	0.5969	0.3922	0.5969	0.3922	-1	0.4665	0.4083	1	40.9729	1467
10	 24.5534	  16.6267	0.5969	0.3922	0.5969	0.3922	-1	0.4665	0.4083	1	40.9896	1468
10	 24.5701	  16.7468	0.5969	0.3922	0.5969	0.3922	-1	0.4665	0.4083	1	41.0063	1469
10	 24.5868	  16.6249	0.5969	0.3922	0.5969	0.3922	-1	0.4665	0.4083	1	41.0229	1470
10	 24.6035	  16.7480	0.5969	0.3922	0.5969	0.3922	-1	0.4665	0.4083	1	41.0397	1471
10	 24.6200	  16.4769	0.5969	0.3922	0.5969	0.3922	-1	0.4665	0.4083	1	41.0561	1472
10	 24.6367	  16.7504	0.5969	0.3922	0.5969	0.3922	-1	0.4665	0.4083	1	41.0729	1473
10	 24.6533	  16.6061	0.5969	0.3922	0.5969	0.3922	-1	0.4665	0.4083	1	41.0895	1474
10	 24.6701	  16.7673	0.5969	0.3922	0.5969	0.3922	-1	0.4665	0.4083	1	41.1063	1475
10	 24.6867	  16.6239	0.5969	0.3922	0.5969	0.3922	-1	0.4665	0.4083	1	41.1229	1476
10	 24.7035	  16.7486	0.5969	0.3922	0.5969	0.3922	-1	0.4665	0.4083	1	41.1396	1477
10	 24.7201	  16.6282	0.5969	0.3922	0.5969	0.3922	-1	0.4665	0.4083	1	41.1563	1478
10	 24.7369	  16.7468	0.5969	0.3922	0.5969	0.3922	-1	0.4665	0.4083	1	41.1730	1479
10	 24.7535	  16.6291	0.5969	0.3922	0.5969	0.3922	-1	0.4665	0.4083	1	41.1896	1480
10	 24.7702	  16.7459	0.5969	0.3922	0.5969	0.3922	-1	0.4665	0.4083	1	41.2064	1481
10	 24.7869	  16.6276	0.5969	0.3922	0.5969	0.3922	-1	0.4665	0.4083	1	41.2230	1482
10	 24.8036	  16.7516	0.5969	0.3922	0.5969	0.3922	-1	0.4665	0.4083	1	41.2398	1483
10	 24.8203	  16.6406	0.5969	0.3922	0.5969	0.3922	-1	0.4665	0.4083	1	41.2564	1484
10	 24.8370	  16.7299	0.5969	0.3922	0.5969	0.3922	-1	0.4665	0.4083	1	41.2731	1485
10	 24.8536	  16.6430	0.5969	0.3922	0.5969	0.3922	-1	0.4665	0.4083	1	41.2898	1486
10	 24.8704	  16.7516	0.5969	0.3922	0.5969	0.3922	-1	0.4665	0.4083	1	41.3065	1487
10	 24.8870	  16.6252	0.5969	0.3922	0.5969	0.3922	-1	0.4665	0.4083	1	41.3232	1488
10	 24.9038	  16.7510	0.5969	0.3922	0.5969	0.3922	-1	0.4665	0.4083	1	41.3399	1489
10	 24.9204	  16.6212	0.5969	0.3922	0.5969	0.3922	-1	0.4665	0.4083	1	41.3565	1490
10	 24.9371	  16.7510	0.5969	0.3922	0.5969	0.3922	-1	0.4665	0.4083	1	41.3733	1491
10	 24.9538	  16.6215	0.5969	0.3922	0.5969	0.3922	-1	0.4665	0.4083	1	41.3899	1492
10	 24.9705	  16.7528	0.5969	0.3922	0.5969	0.3922	-1	0.4665	0.4083	1	41.4067	1493
10	 24.9871	  16.6203	0.5969	0.3922	0.5969	0.3922	-1	0.4665	0.4083	1	41.4233	1494
10	 25.0039	  16.7504	0.5969	0.3922	0.5969	0.3922	-1	0.4665	0.4083	1	41.4400	1495
2	25.014488	=
12	25.015331	END
