"ar.drop.slope","ar.drop.offset","ar1.noise.var","ar1.param","ar2.noise.var","ar2.param1","ar2.param2","ts.skewness","ts.kurtosis","ts.mean.min.median","ts.entropy1","ts.entropy2","ts.jump.max.abs.diff","ts.jump.max.abs.diff.std","ts.jump.max.abs.diff.std.len","ts.jump.max.abs.diff.std.localmean","ts.jump.max.abs.diff.std.localsum","ts.xcorr","fft.coarse.10","fft.coarse.15","fft.coarse.20","fft.coarse.25","fft.H0r.25","fft.H0r","mcorr.max","mcorr.max.grad","mcorr.max.max","mcorr.reg.2nd.max","mcorr.reg.max","mcorr.reg.mean","ts.oup.sigma","ts.oup.lambda","cluster.num","cluster.mean.min.median","cluster.max","cluster.var","cluster.skew","cluster.kurt","cluster.max1","cluster.max2","cluster.max3","negpos.entropy","negpos.abs.entropy","negpos.mean.ratio","negpos.stdmean.ratio","negpos.ratio","negpos.ratio.thresh","zxfunc.99prctl","zxfunc.95prctl","z2func.99prctl","z2func.95prctl","max.slice.prcnt","thr.max.slice.prcnt","every.2nd.single.var","every.2nd.pair.var","thr.every.2nd.single.var","thr.every.2nd.pair.var","wm.ts.coef","gm.ts.coef","csf.ts.coef","prcnt.on.csf","prcnt.on.gm","prcnt.on.wm","thr.prcnt.on.csf","thr.prcnt.on.gm","thr.prcnt.on.wm","thr.both.prcnt.on.csf","thr.both.prcnt.on.gm","thr.both.prcnt.on.wm","smoothness","smoothness.mm","std.then.tfce.max","tfce.max","thr.then.tfce","percent.on.edge.bin1","percent.on.edge.norm1","percent.of.edge1","percent.on.edge.bin2","percent.on.edge.norm2","percent.of.edge2","percent.on.edge.bin3","percent.on.edge.norm3","percent.of.edge3","percent.on.edge.bin4","percent.on.edge.norm4","percent.of.edge4","percent.on.edge.bin5","percent.on.edge.norm5","percent.of.edge5","percent.on.mask01.bin","percent.on.mask01.norm","percent.of.mask01","cc01a","cc01b","cc01c","percent.on.mask02.bin","percent.on.mask02.norm","percent.of.mask02","cc02a","cc02b","cc02c","percent.on.mask03.bin","percent.on.mask03.norm","percent.of.mask03","cc03a","cc03b","cc03c","percent.on.mask11.bin","percent.on.mask11.norm","percent.of.mask11","cc11a","cc11b","cc11c","percent.on.mask12.bin","percent.on.mask12.norm","percent.of.mask12","cc12a","cc12b","cc12c","percent.on.mask13.bin","percent.on.mask13.norm","percent.of.mask13","cc13a","cc13b","cc13c","percent.on.mask21.bin","percent.on.mask21.norm","percent.of.mask21","cc21a","cc21b","cc21c","percent.on.mask22.bin","percent.on.mask22.norm","percent.of.mask22","cc22a","cc22b","cc22c","percent.on.mask23.bin","percent.on.mask23.norm","percent.of.mask23","cc23a","cc23b","cc23c","percent.on.mask31.bin","percent.on.mask31.norm","percent.of.mask31","cc31a","cc31b","cc31c","percent.on.mask32.bin","percent.on.mask32.norm","percent.of.mask32","cc32a","cc32b","cc32c","percent.on.mask33.bin","percent.on.mask33.norm","percent.of.mask33","cc33a","cc33b","cc33c","stripe.patt","tlen","class.labs"
-0.0028,0.13286,0.12849,-0.93346,0.1278,-1.0016,0.073005,-0.99652,3.5195,-0.24053,2.9819,0.00018876,2.0625,5.6794,0.13154,8.4042,0.011357,0.9341,4.2198e+16,4.2198e+16,4.2198e+16,4.2198e+16,NA,NA,0.46113,0.32659,0.46113,0.35932,0.76318,0.20681,NA,NA,177,82.186,12103,828020,13.107,173.5,96824,4840,3160,0.9139,0.93416,0.036164,0.027128,0.0036225,0.15801,1782.2,924.83,0.04019,0.0054368,0.040993,0.031881,0.0025419,0.0034779,0.0047324,0.0041534,0.54609,0.86595,1.3762,0.09435,0.45259,0.44783,0.082382,0.49141,0.42177,0.07236,0.48759,0.43657,7.4558,3.5827,29470,73140,71787,0.090491,0.094311,0.058796,0.17028,0.17918,0.058149,0.23633,0.24033,0.056595,0.2893,0.28271,0.054611,0.3265,0.31189,0.051806,0.0022177,0.0022566,0.014304,-0.0023348,-0.013218,0.0023787,0.0080348,0.0084018,0.024584,0.003494,-0.0079333,0.010277,0.018641,0.020454,0.033809,0.012027,0.0033947,0.03139,0.00023481,0.00021487,0.0037927,-0.0046934,-0.012811,-0.004583,0.0011413,0.0010087,0.0084318,-0.0045438,-0.013646,-0.010019,0.0026168,0.0021718,0.01123,-0.0042872,-0.01171,-0.020219,0.0011724,0.001373,0.013605,-0.0019597,-0.011735,0.017625,0.0049627,0.0057985,0.028384,0.0043215,-0.0080375,0.030905,0.012903,0.015753,0.044772,0.0151,0.0021265,0.060201,0.00081055,0.00066865,0.11638,0.011425,0.020083,-0.013073,0.0020017,0.0016567,0.091485,0.012875,0.027587,-0.017761,0.0034714,0.0028284,0.078365,0.014204,0.035053,-0.0245,0.79388,746,"0"
-0.0012137,0.29645,0.29722,-0.83808,0.29293,-0.93871,0.12007,-0.30932,3.2777,-0.048708,3.1293,4.8e-05,3.7699,6.6511,0.3204,10.201,0.013786,0.83934,5.4473e+16,5.4473e+16,5.4473e+16,5.4473e+16,NA,NA,0.59639,0.16257,0.59639,0.47625,0.68574,0.16658,NA,NA,202,76.475,7905,436850,10.447,114.6,63240,40848,4824,0.91067,0.93264,0.011602,0.0088062,0.019361,0.067168,1305.5,708.83,0.037678,0.0036373,0.055915,0.042642,0.0027832,0.0084967,0.0037703,0.013664,0.03791,1.3456,1.3466,0.10731,0.43099,0.45652,0.1169,0.42069,0.45739,0.11399,0.40803,0.47348,9.0055,3.6521,29925,80425,79127,0.064807,0.068147,0.044917,0.13172,0.13854,0.047981,0.19488,0.20017,0.049781,0.25354,0.25486,0.051051,0.30825,0.30399,0.052173,0.00090573,0.00071353,0.0062313,-0.006569,-0.016469,-0.018748,0.0033783,0.002626,0.011026,-0.0059748,-0.015926,-0.031029,0.0076081,0.0059646,0.01472,-0.0046152,-0.01177,-0.042456,0.00035822,0.00025865,0.006172,-0.0042239,-0.012337,-0.017021,0.0015891,0.0011747,0.012524,-0.0032556,-0.012131,-0.025804,0.0040226,0.0030182,0.018415,-0.0010836,-0.0081608,-0.036237,2.8399e-05,1.8157e-05,0.00035155,-0.0068158,-0.015461,-0.010148,0.00033101,0.00021958,0.0020195,-0.00844,-0.018326,-0.018588,0.0011997,0.0008234,0.0044405,-0.0091939,-0.018823,-0.025814,0.00051911,0.00043673,0.079506,0.0067223,0.016068,-0.0098501,0.001499,0.0012604,0.073077,0.0090766,0.021345,-0.013878,0.0026514,0.0023179,0.063848,0.010087,0.026246,-0.014123,0.88602,746,"0"
-0.0096743,0.23138,0.23023,-0.87719,0.21512,-0.65246,-0.25619,-0.031132,2.6302,-0.054847,3.159,0.00039437,2.1381,4.3203,0.24426,5.5406,0.0074873,0.87764,3.9592e+16,3.9592e+16,3.9592e+16,3.9592e+16,NA,NA,0.36876,0.25,0.36876,0.17844,0.18505,0.10542,NA,NA,265,26.125,4230,68203,15.727,252.88,33840,2568,2272,0.91505,0.94314,0.017512,0.011653,0.021567,0.082128,1106.9,718.96,0.026385,0.0027359,0.04007,0.045143,0.0030361,0.0097518,0.010266,0.026991,1.9334,2.1699,0.7351,0.10602,0.43384,0.45428,0.11967,0.42276,0.45143,0.11384,0.40641,0.47447,8.0489,3.6342,20340,31943,29685,0.068219,0.062928,0.028699,0.12917,0.11837,0.02856,0.18028,0.16428,0.027952,0.22722,0.20528,0.027771,0.26627,0.23946,0.027355,0.0012998,0.0012043,0.0054278,-0.0041283,-0.018694,-0.011021,0.0032664,0.0029318,0.0064709,-0.0048149,-0.018979,-0.02173,0.0064155,0.0057207,0.007534,-0.005011,-0.014716,-0.032218,0.00012732,0.00010628,0.0013315,-0.0041876,-0.015175,-0.010986,0.00068801,0.00058029,0.0032911,-0.0047751,-0.016641,-0.017485,0.002242,0.0019536,0.0062299,-0.0041303,-0.013448,-0.025173,0.00022348,0.00019331,0.0016792,-0.004655,-0.017356,-0.010687,0.00092653,0.00082989,0.0034312,-0.0052613,-0.019795,-0.012717,0.0021918,0.0019848,0.0049242,-0.0055027,-0.019416,-0.016506,0.00094898,0.00090475,0.08822,0.011035,0.02145,-0.0056649,0.0017895,0.0016355,0.052953,0.008939,0.025595,-0.012624,0.0023341,0.002078,0.034116,0.0064464,0.030275,-0.018181,0.75691,746,"0"
-0.00087751,0.13954,0.138,-0.92834,0.13776,-0.88998,-0.041325,0.74934,4.4932,0.072448,3.0691,0.00060459,1.7764,4.8205,0.13545,6.8414,0.0092451,0.93194,4.0738e+16,4.0738e+16,4.0738e+16,4.0738e+16,NA,NA,0.2443,0.082272,0.2443,0.25087,0.33964,0.12336,NA,NA,196,75.423,12037,741260,13.759,191.47,96296,5768,4904,0.91261,0.93852,0.10648,0.073815,0.073987,0.39048,1677.1,911.69,0.032997,0.0041188,0.051356,0.052782,0.00040538,0.0077502,0.00034083,0.0091174,1.19,0.35516,1.1247,0.10635,0.4528,0.43447,0.12125,0.48297,0.38848,0.11514,0.48663,0.3915,8.2177,3.4757,17104,35764,32802,0.097964,0.10182,0.065282,0.2056,0.21321,0.072009,0.31096,0.32017,0.076372,0.40348,0.41058,0.078113,0.4754,0.47857,0.077362,0.00047068,0.00037775,0.0031134,-0.0077888,-0.019505,-0.018685,0.0018512,0.001521,0.0058091,-0.0089377,-0.019694,-0.027235,0.0042027,0.003425,0.0078178,-0.0096803,-0.016473,-0.039947,0.00018834,0.00016017,0.00312,-0.004986,-0.014459,-0.011766,0.001101,0.00092694,0.0083427,-0.0047296,-0.015455,-0.019527,0.002747,0.0022676,0.012091,-0.0040388,-0.012867,-0.030727,0.00015179,0.0001224,0.0018065,-0.0061743,-0.016894,-0.0097312,0.00045915,0.00038178,0.0026934,-0.0079227,-0.019796,-0.012296,0.00097652,0.00080358,0.0034752,-0.0094748,-0.020913,-0.018387,0.00013055,9.5186e-05,0.019224,-5.6351e-05,0.012606,-0.011518,0.00033521,0.00025299,0.015712,-0.00070335,0.019206,-0.015043,0.00058681,0.00044982,0.013586,-0.0014523,0.025017,-0.018071,0.8626,746,"1"
-0.0047077,0.21328,0.21015,-0.88857,0.20386,-0.7348,-0.17306,-1.2189,4.1213,-0.24733,2.8847,0.0011494,2.2568,4.8004,0.22043,6.7851,0.0091691,0.88952,4.6038e+16,4.6038e+16,4.6038e+16,4.6038e+16,NA,NA,0.72279,0.49823,0.72279,0.27364,0.83648,0.18941,NA,NA,210,83.876,15875,1198700,14.365,207.57,127000,3168,2120,0.9102,0.93186,0.10776,0.080228,0.054424,0.37096,1515.2,722.16,0.05665,0.0039171,0.031083,0.029919,0.0092057,0.014748,0.015445,0.017962,1.2604,1.964,1.1587,0.13175,0.47199,0.38821,0.17923,0.52904,0.28038,0.19627,0.53302,0.25768,3.2802,3.1057,30907,85784,84467,0.09563,0.092504,0.075428,0.20916,0.20912,0.086707,0.33297,0.34712,0.096797,0.45112,0.48378,0.10337,0.54194,0.58377,0.10439,0.00083158,0.0009981,0.0065109,-0.0072692,-0.016633,0.021191,0.0041308,0.0051008,0.015343,-0.0047282,-0.013211,0.042623,0.010868,0.012991,0.023929,0.0004498,-0.0047767,0.052739,0.00050364,0.00076703,0.0098753,-0.0037233,-0.011156,0.048129,0.0029673,0.004269,0.026612,0.0012583,-0.0064326,0.068992,0.008123,0.011001,0.042319,0.0092717,0.0034528,0.082791,0.00012023,8.2828e-05,0.0016938,-0.0068716,-0.015562,-0.010461,0.00036092,0.00025381,0.002506,-0.008927,-0.018633,-0.014947,0.00099954,0.00073764,0.0042104,-0.010276,-0.019549,-0.021997,0.00020771,0.00014824,0.036203,0.0013769,0.011529,-0.013609,0.00080724,0.00058138,0.044786,0.0034773,0.01816,-0.021345,0.0017825,0.0012804,0.048849,0.0055744,0.024973,-0.029849,1.1955,746,"1"
-0.0033244,0.14526,0.14146,-0.92647,0.13946,-0.81623,-0.119,-0.21974,2.3904,-0.051366,3.1924,0.00051628,1.8411,4.8146,0.14583,6.3526,0.0085847,0.92695,3.9253e+16,3.9253e+16,3.9253e+16,3.9253e+16,NA,NA,0.44401,0.21154,0.44401,0.35682,0.40575,0.11485,NA,NA,237,67.844,14039,830920,15.256,234.15,112310,3824,2080,0.91216,0.93689,0.09126,0.064278,0.045567,0.3632,1881.7,880.03,0.030314,0.0039375,0.022939,0.022882,0.0051826,0.010716,0.0059267,0.014286,2.0206,2.626,1.2127,0.10277,0.45708,0.43465,0.10794,0.49503,0.39221,0.10541,0.49815,0.39192,4.4984,3.4772,16301,38261,35878,0.098612,0.09827,0.07361,0.1806,0.17569,0.070856,0.24398,0.2328,0.067123,0.29508,0.27751,0.063992,0.32852,0.30619,0.059886,0.0017785,0.0018545,0.013178,-0.0039512,-0.01529,0.006699,0.0061755,0.0068435,0.021708,-0.0002249,-0.010973,0.028514,0.015964,0.017844,0.033266,0.008616,0.00026258,0.047806,0.0003723,0.00031133,0.0069087,-0.0043127,-0.013473,-0.01302,0.0016101,0.0014932,0.013666,-0.003311,-0.013402,-0.010191,0.0047874,0.0046707,0.023604,0.00076557,-0.0078806,-0.0055659,0.0010397,0.0012316,0.013862,-0.0026804,-0.013043,0.023271,0.0037834,0.0046846,0.02486,0.0012256,-0.010759,0.048899,0.0094842,0.011733,0.037809,0.0086851,-0.0037954,0.0729,0.00036644,0.00031159,0.060445,0.0042151,0.016394,-0.0097619,0.00095915,0.00080351,0.050361,0.0047082,0.023316,-0.015766,0.0019937,0.0016771,0.051706,0.0066482,0.030433,-0.021865,1.0289,746,"1"
-0.0024057,0.20774,0.20446,-0.89178,0.20422,-0.92206,0.033955,-0.7971,4.3144,-0.068921,3.1095,0.00025597,2.2129,4.817,0.21049,6.4936,0.0087751,0.89432,4.7434e+16,4.7434e+16,4.7434e+16,4.7434e+16,NA,NA,0.33915,0.096308,0.33915,0.58408,0.83878,0.30805,NA,NA,286,53.21,10786,409090,16.573,278.25,86288,6296,3976,0.91408,0.93941,0.13751,0.094426,0.090849,0.4972,2525.5,1192.2,0.031511,0.0034361,0.033549,0.030628,0.0032475,0.0073172,0.0092359,0.0099906,0.22423,0.9672,0.956,0.098673,0.43805,0.45846,0.094838,0.44294,0.45864,0.091244,0.43257,0.47278,9.8694,3.6677,23026,50221,47728,0.098046,0.097426,0.070867,0.17815,0.17432,0.067678,0.24942,0.24268,0.066444,0.30331,0.29549,0.063692,0.34498,0.33831,0.06089,0.0010439,0.0010668,0.0074896,-0.0062638,-0.01792,0.0031511,0.0039105,0.0039167,0.01331,-0.0049847,-0.01584,0.00037284,0.0089982,0.0087477,0.018155,-0.0025211,-0.0091833,-0.0093344,7.9794e-05,7.043e-05,0.0014338,-0.0057603,-0.014863,-0.0071223,0.00069818,0.00063985,0.005738,-0.0062538,-0.015946,-0.0099379,0.0023491,0.0021499,0.011215,-0.0051776,-0.012802,-0.01548,0.00035892,0.00037666,0.0046335,-0.0055492,-0.016423,0.0045768,0.0014341,0.0013997,0.0091245,-0.0054824,-0.018,-0.0034475,0.0035529,0.0033641,0.013714,-0.004298,-0.016377,-0.011481,0.00060517,0.00061971,0.096658,0.0084015,0.020752,0.0024764,0.0018996,0.001989,0.096576,0.012717,0.031517,0.007349,0.0034242,0.0035293,0.085989,0.014728,0.040892,0.0059459,0.83365,746,"1"
-0.0072125,0.50411,0.49652,-0.70909,0.49409,-0.65945,-0.070009,0.47062,3.6575,0.050568,3.1284,0.00019074,3.3851,4.4364,0.58065,5.9568,0.0080497,0.70923,6.0302e+16,6.0302e+16,6.0302e+16,6.0302e+16,NA,NA,0.55759,0.27442,0.55759,0.32615,0.61846,0.14488,NA,NA,258,45.829,7098,199030,15.37,242.81,56784,5656,4896,0.91237,0.9379,0.013672,0.0098622,0.0081925,0.090852,1171.4,668.13,0.027507,0.0026715,0.0549,0.045559,0.00022043,0.0045748,0.00053042,0.006373,0.05875,1.4501,1.4929,0.107,0.43675,0.45004,0.11691,0.44138,0.43608,0.1182,0.43291,0.44286,7.1775,3.6003,36432,75698,74276,0.069292,0.065307,0.039652,0.13716,0.12917,0.041252,0.20898,0.2009,0.044076,0.27796,0.2771,0.046211,0.33866,0.3427,0.047326,0.00042746,0.00033071,0.0024281,-0.0073322,-0.018022,-0.017457,0.002133,0.0017003,0.0057479,-0.0077445,-0.017459,-0.027562,0.0060471,0.004975,0.0096597,-0.0063734,-0.012539,-0.036752,0.00014333,0.00010506,0.002039,-0.0048211,-0.013678,-0.013294,0.00069797,0.00053305,0.0045416,-0.0055526,-0.015062,-0.017945,0.0017905,0.0014121,0.0067676,-0.0058031,-0.013069,-0.023514,0.00015351,0.00011834,0.0015689,-0.0057074,-0.015622,-0.011434,0.00090318,0.00073573,0.0045496,-0.0062092,-0.01738,-0.01706,0.0027706,0.0023041,0.0084671,-0.0053193,-0.016252,-0.023923,0.00013061,0.00010731,0.016517,-5.111e-05,0.012792,-0.0064659,0.00053899,0.00043766,0.021695,0.00090454,0.020237,-0.012492,0.0015893,0.0013541,0.031599,0.0037508,0.028355,-0.015915,0.88155,746,"1"
-0.02845,0.40492,0.38798,-0.78199,0.35913,-0.56876,-0.27268,0.0095251,3.287,-0.030793,3.1404,4.5075e-05,2.0132,3.0657,0.43008,3.7039,0.0050053,0.7841,5.1245e+16,5.1245e+16,5.1245e+16,5.1245e+16,NA,NA,0.29182,0.30627,0.30627,0.28983,0.29929,0.16032,NA,NA,177,93.537,15128,1292000,13.164,174.51,121020,4376,1256,0.91082,0.93327,0.022234,0.016775,0.026946,0.1023,1475.9,845.25,0.044943,0.0054565,0.038996,0.030991,0.0035963,0.017988,0.0045643,0.026517,0.26884,0.48238,0.20302,0.096885,0.47341,0.42265,0.084006,0.52349,0.38474,0.079332,0.54626,0.36588,7.8528,3.3812,44126,118810,117660,0.097237,0.091146,0.069459,0.17759,0.16266,0.066673,0.23889,0.21517,0.062894,0.28326,0.25132,0.058783,0.31264,0.27387,0.054537,0.0024313,0.0021229,0.01724,-0.0017635,-0.012901,-0.016649,0.0083572,0.0074916,0.028112,0.0043408,-0.0082043,-0.022028,0.01958,0.018089,0.039043,0.014098,0.0022959,-0.023617,0.00030839,0.00025712,0.0054763,-0.0045464,-0.012286,-0.009331,0.0016902,0.0014448,0.013728,-0.0029757,-0.012104,-0.015224,0.0049437,0.0043419,0.023326,0.0011265,-0.0075947,-0.01928,0.00067074,0.00057636,0.0085574,-0.0041899,-0.013301,-0.011017,0.0031782,0.0029727,0.019985,-0.00051401,-0.012169,-0.0090085,0.0091474,0.008982,0.034896,0.0077673,-0.0055793,-0.0039493,0.0014522,0.0012894,0.22923,0.02336,0.026548,-0.011013,0.003915,0.0034488,0.19671,0.029867,0.036693,-0.01615,0.0066335,0.0058431,0.16463,0.032902,0.045006,-0.020253,0.86225,746,"1"
-0.096674,0.90113,0.88398,-0.33887,0.78544,-0.22574,-0.33387,0.34526,2.9333,0.027503,3.1601,7.7997e-06,3.21,2.7897,1.3205,3.27,0.0044189,0.33887,5.883e+16,5.883e+16,5.883e+16,5.883e+16,NA,NA,0.47399,0.28989,0.47399,0.34043,0.79987,0.20049,NA,NA,321,56.227,10544,357880,16.868,295.17,84352,9024,7936,0.91351,0.93934,0.099367,0.066889,0.08289,0.52302,1310.3,746.17,0.037154,0.0041289,0.022819,0.02356,0.0038191,0.0052768,0.0065266,0.009484,0.90414,1.2617,0.87118,0.10952,0.45829,0.4237,0.12909,0.49847,0.35773,0.12754,0.50124,0.35501,5.003,3.3896,8781.1,20681,16435,0.07897,0.076388,0.066796,0.15511,0.14924,0.068956,0.22622,0.21676,0.070523,0.28996,0.2783,0.071254,0.34104,0.32766,0.070442,0.0015449,0.0015024,0.012971,-0.0050315,-0.017191,-0.0051414,0.0056201,0.0057173,0.022386,-0.0015056,-0.013711,0.0055585,0.013728,0.014055,0.032413,0.0053585,-0.0046324,0.011206,0.00028567,0.00028911,0.0060069,-0.0050849,-0.014388,0.0012066,0.0017021,0.0016797,0.01637,-0.0032023,-0.014218,-0.0025163,0.0048989,0.0047628,0.02737,0.00111,-0.009312,-0.0078811,0.00049629,0.00048803,0.0074976,-0.0053776,-0.016127,-0.0017144,0.001785,0.0019488,0.01329,-0.0048588,-0.016974,0.01667,0.0047849,0.0053114,0.021614,-0.0017674,-0.013919,0.031212,0.0007629,0.00072526,0.1426,0.012152,0.021914,-0.0062251,0.0022365,0.0021993,0.13306,0.016921,0.03262,-0.0032242,0.0044555,0.0044502,0.13094,0.02236,0.043265,-0.00030852,1.0431,746,"0"
-0.010195,0.16453,0.16417,-0.91412,0.14377,-0.59188,-0.35251,0.16607,2.0348,0.099006,3.1857,0.0012344,1.5125,3.6889,0.16767,4.6007,0.0062172,0.9159,3.5036e+16,3.5036e+16,3.5036e+16,3.5036e+16,NA,NA,0.11866,0.092265,0.11866,0.2639,0.29529,0.11985,NA,NA,319,50.461,13248,549850,17.725,315.77,105980,3616,1968,0.91441,0.94206,0.080447,0.053135,0.065211,0.30444,1237.9,756.69,0.027396,0.0027236,0.027615,0.031571,0.0021851,0.012773,0.0075813,0.023185,1.9749,1.3871,0.20691,0.10363,0.45754,0.43324,0.11113,0.50425,0.3789,0.10982,0.50791,0.37702,4.704,3.4659,8617.5,18701,13595,0.11042,0.11405,0.084636,0.22272,0.22978,0.089723,0.31289,0.32126,0.088388,0.38784,0.39569,0.086363,0.44031,0.44549,0.082413,0.0012165,0.0013776,0.0092558,-0.0058785,-0.017879,0.024747,0.0047069,0.0052064,0.016989,-0.0034106,-0.014972,0.033726,0.011711,0.012514,0.025057,0.001815,-0.0068708,0.032317,0.0001872,0.00017944,0.003567,-0.0053611,-0.015174,-0.0037939,0.0011917,0.0011588,0.010386,-0.0047727,-0.015676,-0.004893,0.0039237,0.0038644,0.019864,-0.0013889,-0.011015,-0.0042768,0.0005445,0.00066118,0.0074539,-0.0049002,-0.015912,0.025831,0.0019953,0.0023795,0.013462,-0.0040026,-0.01647,0.040004,0.0049975,0.0056863,0.020456,-0.001206,-0.013456,0.042482,0.00048483,0.00053697,0.082117,0.0064471,0.019931,0.013158,0.0016808,0.0018544,0.090617,0.011166,0.03007,0.018443,0.0031913,0.0034473,0.084983,0.013802,0.038168,0.018706,1.0127,746,"1"
-0.013483,0.23783,0.24019,-0.87149,0.2079,-0.55196,-0.36664,-0.085791,2.4035,-0.052326,3.1841,0.00040925,2.0832,4.1184,0.25518,5.2281,0.007065,0.87215,4.085e+16,4.085e+16,4.085e+16,4.085e+16,NA,NA,0.18433,0.10818,0.18433,0.31956,0.39897,0.13488,NA,NA,290,54.531,10310,395210,15.345,246.6,82480,23624,2736,0.91353,0.94019,0.052781,0.035688,0.032253,0.22648,1184.2,714.04,0.031871,0.0033404,0.02549,0.02717,0.0031095,0.0075461,0.0048057,0.011991,1.4119,0.87643,0.093877,0.11242,0.46136,0.42016,0.1362,0.51079,0.34545,0.13988,0.51844,0.33426,3.8302,3.3613,19804,43878,40837,0.10804,0.11258,0.081923,0.22254,0.23265,0.088688,0.32956,0.3432,0.0921,0.41548,0.43049,0.091528,0.47503,0.48897,0.08796,0.00073168,0.00069271,0.0055073,-0.0074549,-0.018886,-0.0078816,0.0040622,0.0041633,0.014505,-0.0047817,-0.016372,0.0065934,0.010777,0.011088,0.022812,0.00029453,-0.0083287,0.011113,0.00034922,0.0003603,0.0065829,-0.0044702,-0.013977,0.0035736,0.002142,0.0024595,0.018468,-0.0015465,-0.012376,0.028664,0.0057251,0.0066153,0.028674,0.0031092,-0.0058129,0.043477,0.00017735,0.00015845,0.0024019,-0.0064838,-0.016749,-0.0087419,0.0012506,0.0011229,0.0083473,-0.0061534,-0.018515,-0.015918,0.0037584,0.0033543,0.01522,-0.0039489,-0.016704,-0.024872,0.00020511,0.00017397,0.034368,0.0013019,0.013749,-0.0098745,0.00072786,0.00063384,0.038821,0.0027083,0.021063,-0.013324,0.0015512,0.0013518,0.040867,0.0041063,0.027949,-0.018491,1.0525,746,"0"
-0.0048662,0.20529,0.20597,-0.89093,0.19562,-0.69117,-0.22421,0.26378,2.1614,0.16652,3.1805,0.00093833,1.957,4.2725,0.20926,5.6396,0.0076211,0.89479,4.2458e+16,4.2458e+16,4.2458e+16,4.2458e+16,NA,NA,0.29018,0.12719,0.29018,0.30461,0.45684,0.1893,NA,NA,290,49.817,12076,502020,16.915,287.42,96608,1568,1120,0.91319,0.937,0.076151,0.053755,0.032204,0.31711,1293.3,723.06,0.045171,0.0031529,0.025725,0.026857,0.012797,0.0044002,0.021729,0.012678,2.3225,2.5097,0.63591,0.12276,0.46702,0.40302,0.1662,0.52789,0.29607,0.17903,0.53383,0.27633,3.5412,3.2242,13595,30386,28190,0.10332,0.10398,0.071188,0.22351,0.23443,0.080941,0.34502,0.36904,0.087614,0.45518,0.48769,0.091113,0.53356,0.56802,0.089774,0.00058461,0.0005595,0.0039984,-0.0075629,-0.018567,-0.0045754,0.003454,0.0038419,0.011207,-0.0058013,-0.016507,0.023816,0.0099734,0.011836,0.019182,-0.00095776,-0.0078604,0.059331,0.00034674,0.00037721,0.0059391,-0.004269,-0.013477,0.009376,0.0026283,0.0031874,0.020591,8.7239e-05,-0.010439,0.040324,0.0076877,0.0099237,0.034986,0.0076189,-0.0006956,0.080924,0.00020856,0.00015943,0.0025665,-0.0060435,-0.01622,-0.012327,0.00077623,0.00061958,0.0047079,-0.0071776,-0.018726,-0.019026,0.0021504,0.0018133,0.0079128,-0.0071575,-0.018247,-0.022922,2.9312e-05,2.2858e-05,0.0044629,-0.0018184,0.011592,-0.0075174,0.00016356,0.00012496,0.0079266,-0.0021556,0.016429,-0.0099759,0.0003533,0.0002678,0.0084574,-0.0027814,0.021098,-0.014023,1.0493,746,"1"
-0.0042591,0.19633,0.19392,-0.89767,0.18862,-0.74922,-0.16538,0.4641,3.1995,0.092408,3.1221,8.7845e-05,2.1133,4.708,0.20095,6.2884,0.0084978,0.89922,4.4398e+16,4.4398e+16,4.4398e+16,4.4398e+16,NA,NA,0.52398,0.39773,0.52398,0.38698,0.61012,0.16781,NA,NA,308,43.929,10811,380150,17.334,302.9,86488,4616,2672,0.91488,0.94093,0.062487,0.041931,0.042761,0.25991,1145.5,732.67,0.028878,0.0029088,0.021341,0.024056,0.010755,0.0029397,0.024524,0.0056194,1.0301,1.3474,0.55926,0.10649,0.45097,0.43572,0.12432,0.48272,0.38384,0.12648,0.48432,0.37947,4.0667,3.4858,7866.4,16169,12201,0.09442,0.094911,0.063956,0.18092,0.18043,0.064408,0.25743,0.25627,0.064268,0.32179,0.31934,0.063323,0.37135,0.36711,0.061425,0.0015283,0.0015171,0.010276,-0.0045432,-0.017141,-0.0013404,0.005486,0.005686,0.017499,-0.0016168,-0.013876,0.011334,0.014415,0.015579,0.027257,0.0058337,-0.003543,0.039194,0.00044635,0.00048621,0.0075159,-0.0037321,-0.013623,0.011207,0.0025877,0.0029298,0.01993,-4.2799e-05,-0.011615,0.03043,0.0082151,0.0096107,0.036755,0.0087943,-0.002019,0.064042,0.00041717,0.00038298,0.0050468,-0.0051273,-0.016649,-0.0079375,0.0014938,0.0013982,0.0089072,-0.005139,-0.018539,-0.010211,0.0038762,0.0037781,0.014022,-0.0034809,-0.017007,-0.0062944,0.0006648,0.00064791,0.099508,0.0091563,0.021738,-0.0029356,0.0016778,0.0016029,0.07994,0.010458,0.030218,-0.0070137,0.0027977,0.002612,0.065841,0.010778,0.037527,-0.012774,1.0108,746,"0"
-0.0034894,0.06155,0.064401,-0.96722,0.050902,-1.41,0.45783,0.23173,1.9921,0.14477,3.1583,0.0016417,0.83585,3.2849,0.064576,4.1443,0.0056004,0.96766,3.5992e+16,3.5992e+16,3.5992e+16,3.5992e+16,NA,NA,0.22762,0.13177,0.22762,0.22096,0.45987,0.13986,NA,NA,171,107.91,15681,1439100,12.888,167.7,125450,7040,1992,0.9063,0.9274,0.30303,0.25409,0.11257,0.74787,4784.2,1703.6,0.064521,0.0051812,0.06501,0.035831,0.0039323,0.0042602,0.0051505,0.0061049,1.5483,2.1317,0.5361,0.12848,0.47113,0.3933,0.15055,0.52413,0.31805,0.17183,0.51174,0.30824,13.231,3.1464,61003,255800,255030,0.09882,0.093216,0.076861,0.17786,0.16511,0.072706,0.24444,0.2227,0.070072,0.30335,0.27341,0.068546,0.35504,0.31866,0.067434,0.0017312,0.0013086,0.013366,-0.004194,-0.012155,-0.02141,0.0070665,0.0054153,0.025882,0.0017157,-0.0085649,-0.034787,0.016851,0.013013,0.036585,0.010252,-0.0010127,-0.048156,0.00066333,0.00056015,0.012826,-0.0028363,-0.0094769,-0.0096143,0.0034563,0.0029199,0.030567,0.0029179,-0.0068527,-0.016724,0.0092358,0.0078373,0.047448,0.012015,0.0002976,-0.02413,0.00014713,8.9654e-05,0.0020439,-0.0067026,-0.01247,-0.013504,0.0010599,0.00068082,0.0072565,-0.006798,-0.01386,-0.022531,0.0031228,0.002033,0.012971,-0.0054293,-0.013146,-0.032558,0.00092074,0.00065883,0.15825,0.014563,0.017552,-0.016481,0.0026758,0.0018911,0.14639,0.020132,0.024802,-0.025132,0.0050183,0.0034828,0.13561,0.024765,0.031256,-0.033482,0.69249,746,"1"
-0.0085701,0.34091,0.3394,-0.81249,0.32236,-0.63041,-0.2241,-0.53231,2.6775,-0.14207,3.1289,0.00029613,3.3366,5.5793,0.35668,7.3054,0.0098721,0.81983,5.3166e+16,5.3166e+16,5.3166e+16,5.3166e+16,NA,NA,0.37732,0.29508,0.37732,0.56824,0.66994,0.21072,NA,NA,253,67.988,14917,878400,15.784,250.42,119340,2336,1984,0.91159,0.93453,0.088653,0.063624,0.049573,0.3144,1246.5,714.05,0.030444,0.0027266,0.028317,0.028706,0.00051058,0.016437,0.0020139,0.031294,0.56999,0.97644,0.53079,0.12045,0.45847,0.41327,0.15438,0.49272,0.34181,0.16253,0.49787,0.32755,3.1788,3.3062,16975,42432,40677,0.097475,0.098023,0.076698,0.20394,0.20996,0.084338,0.31451,0.33123,0.091208,0.41418,0.43919,0.094679,0.48906,0.52029,0.093972,0.00057813,0.00052905,0.0045155,-0.0081161,-0.01786,-0.0073641,0.0025392,0.0026224,0.0094085,-0.0082186,-0.017023,0.0054261,0.0077732,0.0079756,0.017074,-0.0046525,-0.010807,0.0070967,0.00014986,0.00018757,0.0029314,-0.0056363,-0.013865,0.017535,0.0012372,0.0015737,0.011069,-0.0046815,-0.013342,0.034052,0.0043362,0.0050701,0.022536,-0.00035949,-0.0077881,0.034821,0.00025608,0.00020308,0.0035988,-0.0062553,-0.015632,-0.011802,0.00094445,0.00076816,0.0065416,-0.0071811,-0.017734,-0.018401,0.002849,0.0024512,0.011972,-0.006081,-0.016492,-0.023265,0.00017219,0.0001384,0.029939,0.00071383,0.014367,-0.0088506,0.00054803,0.00043561,0.030331,0.0011453,0.019245,-0.014398,0.0009966,0.00077793,0.027245,0.0008688,0.023309,-0.019145,1.2025,746,"0"
-0.092838,1.0348,0.98994,0.093435,0.96213,0.077773,-0.16763,-0.004779,2.6358,0.08122,3.1645,0.00018467,4.2106,2.8465,2.1822,3.3532,0.0045314,-0.093518,6.5388e+16,6.5388e+16,6.5388e+16,6.5388e+16,NA,NA,0.2746,0.42911,0.42911,0.42601,0.59522,0.21081,NA,NA,250,63.776,4959,209130,9.0978,88.228,39672,34552,22952,0.91289,0.93429,0.084599,0.061512,0.030242,0.30286,1378.6,743.47,0.049981,0.0055542,0.032181,0.026571,0.004073,0.0034693,0.0098363,0.0020303,0.13603,0.23908,0.029138,0.11446,0.46097,0.41767,0.13793,0.50095,0.3525,0.13735,0.50051,0.35441,6.1382,3.3414,18463,44643,42733,0.071245,0.068734,0.052026,0.1415,0.1329,0.054308,0.20828,0.19396,0.056057,0.2785,0.25945,0.059083,0.33676,0.31322,0.060053,0.0016691,0.0017737,0.012099,-0.0042629,-0.015,0.0082565,0.0057158,0.0059815,0.019656,-0.0011943,-0.011314,0.0097988,0.013187,0.013536,0.026882,0.004113,-0.0033682,0.0079725,0.00025128,0.00031668,0.0045615,-0.0048957,-0.012794,0.015611,0.0013276,0.0015236,0.011023,-0.0042075,-0.012332,0.01632,0.0040712,0.0044774,0.019637,-0.0009941,-0.0073592,0.017313,0.00023648,0.000217,0.0030844,-0.0061055,-0.015501,-0.0047867,0.0013877,0.0011651,0.0089204,-0.0056442,-0.016952,-0.018593,0.0040482,0.0033926,0.015787,-0.0032429,-0.015421,-0.027636,0.0011813,0.00124,0.19063,0.01877,0.025904,0.0052148,0.0030056,0.0032967,0.15438,0.022342,0.036214,0.013704,0.0050969,0.0056878,0.12931,0.024432,0.044634,0.020611,0.92333,746,"1"
-0.0082052,0.3026,0.29509,-0.83935,0.2909,-0.73931,-0.11918,-0.20438,2.6498,-0.11201,3.1802,0.00010855,2.0682,3.6602,0.31843,4.7154,0.0063722,0.84038,4.6221e+16,4.6221e+16,4.6221e+16,4.6221e+16,NA,NA,0.15119,0.12171,0.15119,0.26239,0.29451,0.12096,NA,NA,323,22.734,2641,25139,14.249,229.68,21128,4784,4600,0.91491,0.9433,0.05181,0.034725,0.033366,0.2735,1077.1,682.49,0.028048,0.0024708,0.033127,0.032155,0.0054807,0.0020719,0.02279,0.0015721,1.8577,0.95255,0.38231,0.12816,0.44608,0.41681,0.21217,0.46738,0.2991,0.22699,0.4638,0.28686,5.9995,3.3344,14986,24343,21414,0.066199,0.062278,0.029382,0.13031,0.12456,0.030398,0.19794,0.19188,0.032379,0.27421,0.26942,0.035358,0.34489,0.34161,0.037381,0.0015372,0.0014714,0.0067724,-0.0036425,-0.016385,-0.0073389,0.0054868,0.0052837,0.011468,-0.001303,-0.013453,-0.010869,0.013749,0.013568,0.017034,0.0038844,-0.0047495,-0.0057312,0.0002588,0.00022607,0.0028555,-0.0037701,-0.014706,-0.013828,0.0019694,0.0019598,0.0099389,-0.0016203,-0.014071,-0.00096459,0.0067276,0.0070725,0.019723,0.0042702,-0.0068665,0.016322,1.0546e-05,9.1831e-06,8.3601e-05,-0.0054939,-0.016885,-0.0080303,0.00041672,0.00037926,0.0016281,-0.006538,-0.019474,-0.011268,0.0019948,0.0018189,0.0047284,-0.0059864,-0.018969,-0.015715,0.0012678,0.0012361,0.12435,0.015774,0.030599,-0.0036766,0.0032479,0.0030943,0.1014,0.01897,0.041512,-0.0098525,0.0057641,0.0054398,0.088887,0.021944,0.051764,-0.014886,0.81379,746,"1"
-0.0047596,0.53193,0.52852,-0.68613,0.52596,-0.7339,0.069619,-2.0178,10.078,-0.19546,2.9488,0.0042737,4.4305,5.597,0.62492,8.5805,0.011595,0.68681,6.3171e+16,6.3171e+16,6.3171e+16,6.3171e+16,NA,NA,0.35507,0.39274,0.39274,0.41885,0.43333,0.21371,NA,NA,244,51.787,5529,226500,10.827,119.36,44232,39856,5064,0.91327,0.93886,0.012984,0.009135,0.0050918,0.053778,1330.4,786.69,0.028477,0.0026831,0.041691,0.043448,0.0038542,0.007384,0.0054612,0.0090063,0.49808,0.36922,0.79251,0.099375,0.43201,0.46364,0.0989,0.41629,0.48087,0.091488,0.40392,0.50112,8.4222,3.7091,20106,41362,39753,0.057694,0.056103,0.034569,0.11584,0.11259,0.036481,0.17583,0.17123,0.038829,0.23827,0.23259,0.041477,0.29515,0.28705,0.043186,0.00068954,0.00061,0.0041012,-0.0067343,-0.018452,-0.012216,0.0024677,0.0021114,0.006963,-0.0072876,-0.018768,-0.023256,0.0056958,0.0048075,0.0095268,-0.0070283,-0.015116,-0.036577,0.00018191,0.00015081,0.0027095,-0.0047533,-0.01417,-0.010633,0.00083294,0.00066642,0.0056749,-0.0052811,-0.015867,-0.019402,0.0022806,0.001841,0.0090258,-0.0048567,-0.013574,-0.02946,5.0402e-05,4.1172e-05,0.00053938,-0.0062431,-0.016423,-0.0073384,0.00030554,0.00024029,0.0016115,-0.0079018,-0.01916,-0.013732,0.0010489,0.00082191,0.0033563,-0.0088326,-0.019643,-0.023617,0.00045723,0.00041802,0.06054,0.0052387,0.015459,-0.0069029,0.0013438,0.0012144,0.056635,0.0072139,0.022266,-0.010984,0.0024655,0.002216,0.051325,0.0083976,0.028942,-0.01481,0.84892,746,"1"
-0.062973,0.73425,0.73725,-0.51162,0.63679,-0.32276,-0.36914,-0.43286,2.7999,-0.11765,3.1766,0.00019793,3.1098,3.152,0.97085,3.9455,0.0053317,0.5128,5.7462e+16,5.7462e+16,5.7462e+16,5.7462e+16,NA,NA,0.33843,0.21153,0.33843,0.35645,0.49117,0.17805,NA,NA,302,50.55,6397,190000,12.66,170.64,51176,31784,6744,0.91277,0.93845,0.077089,0.053316,0.04026,0.31657,1198,701.07,0.042803,0.0045392,0.026999,0.029404,0.010537,0.0031089,0.021607,0.0030218,0.8277,1.2615,0.54063,0.11437,0.45188,0.42423,0.1418,0.47661,0.36571,0.14132,0.47074,0.3679,5.4118,3.3939,18204,40767,38369,0.088542,0.085876,0.064744,0.17265,0.16675,0.066354,0.24513,0.23527,0.066061,0.30582,0.29343,0.064967,0.35816,0.34736,0.063954,0.0013473,0.001211,0.0097789,-0.0053137,-0.0173,-0.015614,0.0052635,0.0049079,0.018124,-0.002152,-0.014026,-0.017453,0.012742,0.011912,0.026008,0.0034079,-0.0055221,-0.024351,0.0002739,0.00024745,0.0049789,-0.0047812,-0.013933,-0.0085516,0.0016862,0.0015401,0.01402,-0.0030245,-0.013385,-0.013752,0.0049751,0.0045643,0.024029,0.0012169,-0.0079918,-0.019964,0.00059613,0.00054252,0.0077854,-0.0045617,-0.015377,-0.0093745,0.0023491,0.0022914,0.015121,-0.0028944,-0.015652,-0.0042169,0.0055903,0.0054806,0.02183,0.00011356,-0.012603,-0.004811,0.00047723,0.00042098,0.077112,0.0061577,0.016629,-0.010436,0.0014729,0.001339,0.075755,0.0091014,0.025705,-0.011617,0.0028479,0.0025624,0.072351,0.011498,0.034199,-0.017054,0.97799,746,"0"
-0.0361,0.59896,0.62423,-0.61232,0.50316,-0.34266,-0.44039,-1.0685,4.1552,-0.24885,3.0259,0.00025023,3.7351,4.2397,0.77405,6.22,0.0084054,0.6124,5.5652e+16,5.5652e+16,5.5652e+16,5.5652e+16,NA,NA,0.41376,0.2536,0.41376,0.25979,0.36434,0.11945,NA,NA,262,57.412,7975,295760,12.897,178.99,63800,29000,7024,0.9129,0.93697,0.052318,0.036949,0.028409,0.20868,1103.9,607.75,0.03087,0.003467,0.032571,0.0311,0.0053764,0.0049965,0.0074467,0.01005,1.2869,1.3735,0.69031,0.11567,0.45886,0.41644,0.13933,0.50208,0.34205,0.14162,0.49757,0.3432,4.8871,3.3315,27532,63505,61793,0.094607,0.093213,0.06814,0.19164,0.18918,0.072543,0.27928,0.27441,0.074137,0.35851,0.35268,0.075018,0.42452,0.41905,0.074666,0.0014558,0.0012799,0.010408,-0.0049219,-0.016626,-0.017316,0.0053137,0.0048322,0.018022,-0.0020301,-0.01376,-0.020846,0.0126,0.011686,0.025333,0.0031592,-0.0057647,-0.024376,0.00026004,0.00023901,0.0046559,-0.0048162,-0.013527,-0.0072909,0.0016806,0.0015297,0.013763,-0.0030197,-0.012929,-0.012796,0.0048527,0.0043781,0.023086,0.00091031,-0.0077617,-0.020872,0.00048307,0.00043555,0.0062141,-0.0050092,-0.015405,-0.0077302,0.0017578,0.0016832,0.011145,-0.0045528,-0.01643,-0.0057263,0.0046702,0.0046159,0.017964,-0.0018755,-0.013882,-0.0024179,0.00071265,0.00060535,0.11342,0.010299,0.01906,-0.015462,0.0021358,0.0018448,0.1082,0.014722,0.028003,-0.018352,0.0036305,0.0031909,0.09085,0.015881,0.035367,-0.020452,1.0663,746,"0"
-0.0022072,0.14322,0.13984,-0.92735,0.13974,-0.9514,0.025938,0.26274,2.7493,0.11527,3.1685,3.257e-05,1.3394,3.5442,0.14244,4.5333,0.0061261,0.92859,4.2491e+16,4.2491e+16,4.2491e+16,4.2491e+16,NA,NA,0.41557,0.18363,0.41557,0.25138,0.67928,0.13753,NA,NA,226,82.73,16178,1157300,14.893,223.2,129420,4728,1688,0.91022,0.93412,0.23891,0.17481,0.15398,0.64825,3118.4,1615.3,0.045164,0.0048235,0.036051,0.030614,0.0010942,0.011197,0.00039273,0.019051,1.2009,2.5523,1.3551,0.1074,0.46945,0.41838,0.11643,0.51643,0.36424,0.11618,0.52298,0.35846,10.428,3.347,22566,58013,56014,0.10735,0.10816,0.087479,0.20473,0.20627,0.087685,0.29174,0.29145,0.087621,0.36572,0.36183,0.086583,0.41871,0.41221,0.083323,0.00087354,0.00067951,0.0070661,-0.0072469,-0.017558,-0.02299,0.0033619,0.0027224,0.012901,-0.0065266,-0.016235,-0.034398,0.009628,0.0080584,0.021901,-0.0016235,-0.0088671,-0.047141,0.0002168,0.00017796,0.0043919,-0.0053686,-0.01356,-0.011811,0.0012904,0.0010821,0.011957,-0.0045803,-0.013921,-0.019363,0.0043277,0.0037098,0.023294,-0.00038814,-0.0091458,-0.028137,0.00045723,0.00034847,0.0066548,-0.0054534,-0.015186,-0.015697,0.0012652,0.0010066,0.0090756,-0.0063405,-0.017264,-0.020956,0.0030093,0.0024973,0.013096,-0.0058218,-0.016293,-0.026358,0.00019951,0.00015309,0.035926,0.0012446,0.013125,-0.013138,0.00081085,0.00063735,0.046477,0.0035687,0.021356,-0.019551,0.0023345,0.0018857,0.066097,0.0090279,0.031829,-0.027817,0.73642,746,"0"
-0.0040884,0.22536,0.21976,-0.88315,0.21768,-0.79722,-0.097297,0.43814,3.5402,0.05021,3.16,2.7758e-05,2.203,4.5588,0.2329,5.9353,0.0080207,0.88336,4.7009e+16,4.7009e+16,4.7009e+16,4.7009e+16,NA,NA,0.46794,0.18623,0.46794,0.31957,0.67941,0.19438,NA,NA,263,39.608,3418,79617,10.917,123.94,27344,24040,3496,0.9142,0.9413,0.063089,0.0437,0.018606,0.32688,1185.1,749.25,0.045791,0.0040549,0.036696,0.033457,0.0041659,0.00587,0.0082224,0.012894,0.040436,0.54338,0.77475,0.10748,0.45636,0.43057,0.12598,0.50434,0.36431,0.1315,0.51394,0.34962,6.5306,3.4446,29542,56271,54609,0.10707,0.11961,0.058257,0.19694,0.21825,0.056319,0.27931,0.30141,0.056013,0.35252,0.37317,0.055725,0.40842,0.42553,0.054268,0.00070864,0.00063787,0.0038275,-0.0063593,-0.018962,-0.0095685,0.0028517,0.002591,0.0073069,-0.0062404,-0.018749,-0.015372,0.0066811,0.0060552,0.010148,-0.0053461,-0.014381,-0.022541,0.0002999,0.00027792,0.0040566,-0.0039958,-0.014253,-0.0056704,0.0015094,0.0014313,0.0093383,-0.0031047,-0.014745,-0.0064863,0.0035293,0.0033464,0.012684,-0.0019961,-0.011632,-0.0090774,6.1909e-05,5.7437e-05,0.00060164,-0.0059014,-0.016799,-0.0038591,0.00059403,0.00051719,0.0028452,-0.0068138,-0.01928,-0.011213,0.002179,0.0018759,0.0063319,-0.0062929,-0.018661,-0.020438,0.00034683,0.00030251,0.041702,0.0032854,0.0145,-0.0071538,0.00075242,0.00064557,0.028797,0.0024695,0.019914,-0.010867,0.0010476,0.00088913,0.019804,0.00097227,0.024295,-0.012835,0.83179,746,"1"
-0.012857,0.32705,0.33033,-0.81806,0.30016,-0.57084,-0.3022,0.68882,2.6938,0.25763,3.0823,0.00021067,2.2508,3.7495,0.35941,4.9763,0.0067248,0.8197,4.577e+16,4.577e+16,4.577e+16,4.577e+16,NA,NA,0.1582,0.13216,0.1582,0.35963,0.50761,0.20966,NA,NA,330,34.494,7928,190330,17.97,325.26,63424,1464,1432,0.9147,0.94297,0.10387,0.068275,0.084212,0.3909,1580.8,879.27,0.030682,0.002907,0.033362,0.036318,0.0018487,0.0036509,0.0023897,0.010243,0.81724,0.74526,0.058212,0.10626,0.4409,0.44692,0.11738,0.45822,0.41685,0.11903,0.46001,0.41341,5.8891,3.5754,13729,25608,22571,0.069498,0.067905,0.041717,0.14261,0.1397,0.04499,0.22616,0.22548,0.050035,0.31778,0.32234,0.055417,0.39771,0.40883,0.058299,0.00079458,0.00072801,0.0047345,-0.006432,-0.019053,-0.013494,0.0032556,0.0030626,0.0092026,-0.0057873,-0.017601,-0.016163,0.0079721,0.0074885,0.013358,-0.0037663,-0.011766,-0.023818,0.00010114,0.00010617,0.0015093,-0.005139,-0.015464,0.004146,0.00075051,0.00078605,0.0051225,-0.0055324,-0.016318,0.0066961,0.0022712,0.0022829,0.009005,-0.0048821,-0.013091,0.0011228,5.4188e-05,4.6034e-05,0.00058095,-0.0062344,-0.01772,-0.0091751,0.00055649,0.00049005,0.0029405,-0.0072597,-0.02003,-0.016177,0.001999,0.0017929,0.0064083,-0.00697,-0.019451,-0.02093,0.00063925,0.00057581,0.084794,0.008195,0.021994,-0.013794,0.0020074,0.0018333,0.084758,0.01241,0.030967,-0.017309,0.0038143,0.0035024,0.079549,0.015429,0.03933,-0.02123,0.8911,746,"1"
-0.0031463,0.20017,0.19726,-0.89581,0.1946,-0.79179,-0.11611,-0.48893,2.5487,-0.17811,3.1244,0.00027748,1.7541,3.9046,0.20129,5.0521,0.0068272,0.89889,4.3325e+16,4.3325e+16,4.3325e+16,4.3325e+16,NA,NA,0.14543,0.1301,0.14543,0.24701,0.29257,0.12575,NA,NA,263,47.772,9780,365130,15.937,256.87,78240,4832,3824,0.91427,0.93979,0.14906,0.10346,0.094018,0.54922,2174.4,1003.7,0.028592,0.0029712,0.032001,0.033717,0.0032531,0.0037644,0.0054419,0.0070951,0.42038,0.064059,0.10738,0.10798,0.44544,0.44004,0.12615,0.46683,0.39927,0.12942,0.46054,0.4031,6.8391,3.5203,21472,43079,40918,0.10927,0.11995,0.06762,0.22051,0.24364,0.071719,0.31594,0.34716,0.072056,0.39743,0.431,0.071449,0.4638,0.49649,0.070085,0.00056126,0.00047981,0.0034476,-0.0072293,-0.018795,-0.012476,0.00183,0.0016405,0.0053326,-0.0086472,-0.018718,-0.014693,0.004455,0.0041303,0.0076954,-0.0089541,-0.014462,-0.015916,0.0001472,0.00014397,0.0022645,-0.0049982,-0.01435,-0.0013408,0.00083371,0.00083569,0.0058662,-0.0053662,-0.015051,0.00024352,0.0023739,0.0024301,0.0097028,-0.0047274,-0.011837,0.0038774,6.7597e-05,6.2601e-05,0.00074709,-0.0062785,-0.016726,-0.0021579,0.00027887,0.0002314,0.0015191,-0.0081027,-0.01961,-0.010433,0.0010107,0.00084706,0.00334,-0.0090551,-0.019701,-0.018075,0.00034646,0.00027324,0.047376,0.0035014,0.015447,-0.013052,0.00071739,0.00057342,0.031225,0.0023583,0.021519,-0.016115,0.001093,0.00087152,0.0235,0.0012785,0.026881,-0.019759,0.8322,746,"0"
-0.0024184,0.15733,0.15475,-0.91926,0.15271,-1.025,0.11499,3.2298,16.08,0.2401,2.6109,0.01571,3.4554,8.6006,0.16098,15.758,0.021295,0.91939,4.5358e+16,4.5358e+16,4.5358e+16,4.5358e+16,NA,NA,0.20953,0.42573,0.42573,0.17107,0.35597,0.098451,NA,NA,204,64.534,10794,574530,13.984,198.18,86352,8072,1888,0.91139,0.93438,0.073663,0.058085,0.0034345,0.28692,1754.8,702.76,0.023124,0.0029769,0.054626,0.033915,0.0076728,0.022266,0.010613,0.034007,0.74852,1.1423,0.52001,0.09241,0.45999,0.442,0.078459,0.50823,0.40833,0.064996,0.49655,0.4346,8.7641,3.536,63434,180220,179290,0.13158,0.16619,0.080219,0.24187,0.30931,0.077502,0.32183,0.39084,0.072315,0.37736,0.43747,0.066838,0.40943,0.46277,0.060956,0.0025841,0.0024902,0.015639,-0.0011732,-0.011655,-0.0040046,0.0090888,0.0089832,0.026094,0.0054146,-0.0066063,-0.0021014,0.021655,0.021957,0.036854,0.016006,0.0044727,0.0037362,0.00024065,0.00017912,0.0036472,-0.0045158,-0.012067,-0.012945,0.0015356,0.00116,0.010645,-0.0032108,-0.012498,-0.019615,0.0043614,0.0032948,0.017563,-0.00025956,-0.0093112,-0.029629,0.0011772,0.0013438,0.012818,-0.0018781,-0.010568,0.011036,0.0048273,0.0055661,0.025907,0.00383,-0.0070601,0.020873,0.013004,0.015129,0.042341,0.01482,0.0021718,0.034435,0.0011663,0.00096731,0.15713,0.016874,0.02128,-0.011686,0.0029353,0.0023977,0.12588,0.019825,0.02751,-0.017324,0.004895,0.0039683,0.10369,0.021223,0.033795,-0.022269,0.90285,746,"0"
-0.059048,0.90796,0.92236,-0.27641,0.80318,-0.17705,-0.35946,0.5731,3.7989,0.13273,3.1277,0.00015082,4.7914,3.9938,1.4354,5.1502,0.0069597,0.27778,6.3893e+16,6.3893e+16,6.3893e+16,6.3893e+16,NA,NA,0.32688,0.23503,0.32688,0.45323,0.75057,0.22611,NA,NA,333,27.886,5184,82172,17.484,314.06,41472,3376,2952,0.91401,0.93939,0.057394,0.041117,0.013913,0.27612,1295.9,725.83,0.057209,0.0036247,0.028731,0.024948,0.0077789,0.012621,0.012597,0.028792,1.1402,0.76325,0.043864,0.12239,0.45665,0.41202,0.16726,0.51182,0.30356,0.18474,0.508,0.288,6.082,3.2961,18061,35382,33569,0.088907,0.087726,0.046054,0.18256,0.18559,0.049703,0.28297,0.29326,0.054023,0.36451,0.37761,0.054856,0.42001,0.4294,0.05313,0.0010895,0.000935,0.0056023,-0.005162,-0.017363,-0.017676,0.0053883,0.0052017,0.013144,-0.001584,-0.013947,-0.0073529,0.014978,0.015543,0.021658,0.0058381,-0.00364,0.012427,0.00033953,0.00033918,0.0043723,-0.0037238,-0.01337,-8.1027e-05,0.0021048,0.0024341,0.012397,-0.0013767,-0.011784,0.021635,0.0069864,0.0086037,0.023904,0.0051498,-0.0031514,0.0539,0.00043707,0.00036315,0.0040437,-0.0044014,-0.015412,-0.01508,0.0024773,0.0021613,0.011296,-0.0021204,-0.015797,-0.018541,0.006599,0.005855,0.018256,0.0019384,-0.01292,-0.023981,0.00031293,0.00023267,0.035821,0.0026941,0.014492,-0.013895,0.00092946,0.00069651,0.033866,0.0036932,0.021544,-0.020455,0.0018497,0.0014206,0.03329,0.0048236,0.029185,-0.025303,0.82801,746,"1"
-0.0040835,0.28276,0.28015,-0.84822,0.27616,-0.74695,-0.11938,1.6425,7.0887,0.19285,2.9652,0.0025255,2.259,4.2912,0.27643,5.7447,0.0077632,0.85982,5.1764e+16,5.1764e+16,5.1764e+16,5.1764e+16,NA,NA,0.31237,0.38426,0.38426,0.27918,0.30201,0.16334,NA,NA,199,102.18,19480,1904600,13.997,196.94,155840,1216,1032,0.91088,0.93079,0.14063,0.10369,0.092552,0.44253,1633.3,855.5,0.031434,0.0034604,0.023583,0.021145,3.995e-05,0.0063888,0.00018992,0.012036,0.21538,1.2461,0.71883,0.10484,0.46783,0.42147,0.1109,0.51303,0.37122,0.10921,0.51931,0.3671,3.7365,3.3718,9867.3,27961,26573,0.083983,0.076873,0.074091,0.14633,0.13182,0.067851,0.19697,0.17625,0.064044,0.24001,0.21301,0.061516,0.26963,0.23735,0.058089,0.0019384,0.0019393,0.016975,-0.0037311,-0.013248,6.6854e-05,0.0072147,0.0073169,0.029973,0.0021754,-0.0078849,0.0035858,0.018156,0.018707,0.044712,0.013218,0.004436,0.011488,0.0002731,0.0002399,0.0059895,-0.0052682,-0.012943,-0.0084927,0.0015588,0.0013635,0.015636,-0.0037939,-0.012807,-0.015713,0.0048,0.0042897,0.02797,0.00086787,-0.0074841,-0.02142,0.00095498,0.0010816,0.015047,-0.0033213,-0.012286,0.013816,0.0036156,0.0041425,0.028078,0.00080615,-0.0099871,0.026227,0.0094051,0.010856,0.044311,0.0092723,-0.0022627,0.041842,0.00071036,0.00061781,0.13849,0.011381,0.02267,-0.012468,0.0023678,0.0020885,0.14693,0.018541,0.032799,-0.01628,0.0047216,0.004236,0.14472,0.024536,0.042251,-0.018882,1.2914,746,"0"
-0.0034836,0.34726,0.34922,-0.80642,0.33774,-0.95263,0.18131,0.80176,4.0518,0.14341,3.0861,0.00035785,2.9075,4.6715,0.38634,6.6937,0.0090455,0.80654,5.6342e+16,5.6342e+16,5.6342e+16,5.6342e+16,NA,NA,0.59192,0.39049,0.59192,0.19299,0.56661,0.14558,NA,NA,213,62.676,7386,291930,12.244,161.49,59088,20800,8264,0.9116,0.9353,0.048137,0.038092,0.011965,0.18087,1512.9,836.38,0.040098,0.0042256,0.090931,0.043765,0.0061278,0.008148,0.010637,0.013742,0.58151,1.3156,1.0515,0.10643,0.44938,0.43921,0.11989,0.45423,0.42212,0.11879,0.46314,0.41388,7.3659,3.5137,98214,280410,279500,0.087948,0.098614,0.053444,0.18798,0.19901,0.060038,0.29212,0.30193,0.065425,0.38372,0.38762,0.067744,0.45126,0.45029,0.066965,0.00024059,0.00016085,0.0014513,-0.0081131,-0.01694,-0.010675,0.0011238,0.00077886,0.0032158,-0.0099269,-0.018007,-0.018814,0.0033342,0.0023141,0.0056559,-0.010491,-0.015086,-0.029357,4.3951e-05,2.866e-05,0.00066396,-0.0054424,-0.012559,-0.0072511,0.00044622,0.00031218,0.0030832,-0.0064823,-0.014197,-0.012803,0.0016466,0.0011593,0.0066093,-0.0063029,-0.012121,-0.019941,5.569e-05,3.6036e-05,0.00060443,-0.0062671,-0.014142,-0.0044221,0.00018651,0.00012108,0.00099768,-0.0082689,-0.01688,-0.0087282,0.00073148,0.00047676,0.0023739,-0.0095251,-0.01755,-0.016717,0.00014095,9.615e-05,0.018928,0.000116,0.0087432,-0.0079671,0.00049103,0.0003456,0.020988,0.00055513,0.014073,-0.011132,0.00095611,0.00067799,0.020186,0.00054927,0.019452,-0.014233,0.81633,746,"1"
-0.0047854,0.33252,0.326,-0.82071,0.32597,-0.81338,-0.0089301,-0.19953,2.4165,-0.056505,3.1867,0.00040512,2.0007,3.3846,0.34851,4.4458,0.0060078,0.82468,4.85e+16,4.85e+16,4.85e+16,4.85e+16,NA,NA,0.14985,0.13667,0.14985,0.19771,0.20525,0.08784,NA,NA,288,34.399,5779,119150,16.066,266.64,46232,6952,3448,0.91518,0.94107,0.012512,0.0087206,0.014422,0.092954,1060.8,652.54,0.029555,0.0026675,0.033715,0.028492,0.00071345,0.0049704,0.0013411,0.011871,2.089,1.79,0.24846,0.13475,0.44977,0.40423,0.22943,0.4725,0.27178,0.24389,0.46959,0.25493,5.4333,3.2338,29270,56122,54474,0.057645,0.052568,0.030389,0.1141,0.10523,0.031614,0.17682,0.17056,0.034356,0.24229,0.24049,0.037108,0.30966,0.31476,0.039865,0.0020659,0.0020184,0.010811,-0.0025176,-0.015133,-0.003704,0.0076166,0.0077673,0.018909,0.0023924,-0.01046,0.0052963,0.018759,0.019245,0.027606,0.010973,-0.00013281,0.010296,0.00051172,0.00057876,0.0067064,-0.0029961,-0.013305,0.01309,0.0029966,0.0034801,0.017963,0.0011066,-0.01097,0.029431,0.0095056,0.01065,0.0331,0.010413,-0.0018477,0.035457,0.00012387,9.1317e-05,0.0011663,-0.005582,-0.016288,-0.011904,0.0006467,0.00052563,0.0030011,-0.0065767,-0.018633,-0.015172,0.0016489,0.0013803,0.0046422,-0.0071704,-0.018759,-0.018731,0.0014303,0.0013483,0.16662,0.019678,0.0302,-0.0072864,0.0041814,0.003976,0.15505,0.027534,0.043624,-0.0092166,0.0082769,0.0078709,0.1516,0.036195,0.056229,-0.012359,0.88504,746,"1"
-0.038332,0.40806,0.40681,-0.76983,0.34796,-0.47703,-0.38035,0.0066791,2.9363,-0.008211,3.1636,1.8203e-07,1.9771,2.9132,0.45937,3.6069,0.0048742,0.76997,4.5846e+16,4.5846e+16,4.5846e+16,4.5846e+16,NA,NA,0.26811,0.19311,0.26811,0.3515,0.45647,0.18689,NA,NA,286,42.332,8730,269970,16.398,274.04,69840,7512,4904,0.91565,0.94258,0.084871,0.056106,0.06712,0.35118,1122.4,699.09,0.026854,0.0024853,0.02141,0.022944,0.0030325,0.0029365,0.0040434,0.0062144,0.1313,0.72079,0.62321,0.098607,0.44872,0.44585,0.095352,0.48808,0.40536,0.092185,0.48978,0.40753,4.4466,3.5668,10659,20725,16266,0.11155,0.11619,0.070117,0.21124,0.21937,0.069783,0.29071,0.29783,0.067345,0.35558,0.35931,0.064931,0.40124,0.40175,0.061587,0.0013029,0.0012129,0.0081288,-0.0050525,-0.017927,-0.013431,0.004506,0.0044224,0.013337,-0.0034755,-0.015131,-0.0055296,0.010698,0.010577,0.01877,0.00015108,-0.0071406,-0.0050409,0.00014835,0.0001648,0.002318,-0.0050328,-0.015165,0.0085303,0.0007865,0.00086561,0.0056211,-0.0055533,-0.016138,0.01352,0.0026714,0.0027991,0.011091,-0.0040914,-0.012078,0.011329,0.00044871,0.00043306,0.0050373,-0.00481,-0.016301,-0.0044339,0.0019066,0.0019252,0.010549,-0.0038523,-0.017181,0.0019686,0.0048236,0.0048025,0.016191,-0.0014405,-0.015121,-0.0013046,0.0007058,0.000615,0.098033,0.0094942,0.021254,-0.017617,0.0019887,0.0018267,0.087924,0.012556,0.032546,-0.015254,0.0037187,0.003516,0.081209,0.015286,0.043516,-0.013735,0.99992,746,"1"
-0.012607,0.63863,0.63819,-0.60079,0.6104,-0.47541,-0.20869,0.36086,3.217,0.061996,3.141,2.171e-06,3.2506,3.6416,0.79466,4.7166,0.0063738,0.6016,6.2349e+16,6.2349e+16,6.2349e+16,6.2349e+16,NA,NA,0.30357,0.12299,0.30357,0.23384,0.32955,0.12953,NA,NA,233,60.609,10997,519160,15.068,229,87976,2872,2744,0.91376,0.93676,0.15568,0.11228,0.086351,0.53691,2789.5,1217,0.038978,0.0033453,0.046296,0.033986,0.00014872,0.0013769,0.003667,0.0041805,1.1688,0.17854,0.56331,0.11505,0.44523,0.43272,0.14149,0.46633,0.3842,0.14657,0.46952,0.37689,13.275,3.4618,35803,78932,77408,0.088051,0.082918,0.057062,0.18454,0.17713,0.062856,0.28351,0.27591,0.067716,0.37381,0.36959,0.070379,0.45125,0.45511,0.071414,0.00022585,0.00017459,0.0014529,-0.0084289,-0.018844,-0.017607,0.0018407,0.0015113,0.0056174,-0.0088317,-0.018454,-0.025687,0.0057877,0.0048352,0.01047,-0.0071773,-0.013693,-0.035429,0.00015015,0.00011515,0.002419,-0.0051028,-0.013721,-0.013584,0.0011388,0.00094037,0.0083918,-0.0045455,-0.013889,-0.019395,0.0036372,0.0030566,0.015569,-0.0019338,-0.0096341,-0.027511,4.9931e-05,4.072e-05,0.00057794,-0.0064993,-0.016354,-0.0082079,0.00051904,0.00043787,0.002961,-0.0076497,-0.018662,-0.012438,0.001777,0.0015071,0.0061502,-0.0077025,-0.018424,-0.018074,2.5762e-05,1.8727e-05,0.0036893,-0.0018222,0.011473,-0.0092628,0.00018284,0.00013305,0.0083348,-0.0019325,0.016681,-0.011903,0.00037793,0.00027465,0.0085095,-0.0025628,0.021335,-0.013661,0.75809,746,"1"
-0.04953,1.019,0.99549,0.056321,0.97172,0.047619,-0.15452,0.13665,3.3892,0.052173,3.1693,3.5591e-11,6.2685,4.3113,2.1084,5.5176,0.0074562,-0.056361,6.9264e+16,6.9264e+16,6.9264e+16,6.9264e+16,NA,NA,0.19777,0.1476,0.19777,0.18218,0.19425,0.10709,NA,NA,296,42.851,3832,76523,10.953,136.3,30656,18936,8112,0.91353,0.93904,0.15495,0.10885,0.10004,0.55457,1287.5,768.94,0.042053,0.0032368,0.027905,0.03114,0.0062717,0.0010698,0.0055345,0.00026018,0.74267,0.87374,0.21853,0.12167,0.45767,0.41359,0.17124,0.50158,0.31895,0.18147,0.50603,0.30455,6.7704,3.3087,17810,36275,34354,0.090179,0.092251,0.055432,0.1769,0.17831,0.057152,0.26416,0.26406,0.059846,0.3405,0.3405,0.060807,0.40696,0.4085,0.061088,0.001306,0.0012587,0.0079688,-0.0049862,-0.016888,-0.0050754,0.0050556,0.0051834,0.014634,-0.0023721,-0.013572,0.0060147,0.012524,0.013267,0.021489,0.0028023,-0.004688,0.020915,0.0003805,0.00047157,0.0058144,-0.0038664,-0.01305,0.020687,0.0019502,0.0024396,0.013631,-0.0019694,-0.011507,0.039616,0.005516,0.0069283,0.022396,0.0023251,-0.0045623,0.061284,0.00022182,0.00019653,0.0024352,-0.0056492,-0.01649,-0.0083386,0.0014092,0.0013126,0.007625,-0.0051132,-0.017798,-0.0092204,0.004183,0.0039605,0.013732,-0.002701,-0.015385,-0.010949,0.00070369,0.00059059,0.095584,0.0093523,0.020494,-0.014915,0.001786,0.0015191,0.077221,0.01081,0.028412,-0.019111,0.0031692,0.0027072,0.067682,0.012216,0.035432,-0.024253,0.86385,746,"0"
-0.0012567,0.18299,0.18119,-0.90475,0.18096,-0.93675,0.035373,1.1756,4.4098,0.2397,2.9786,0.00070328,2.3561,5.5758,0.17809,7.7308,0.010447,0.91031,4.7195e+16,4.7195e+16,4.7195e+16,4.7195e+16,NA,NA,0.16713,0.22459,0.22459,0.4107,0.48078,0.18356,NA,NA,231,61.827,9897,432400,14.582,217.9,79176,11432,3344,0.91216,0.93698,0.053283,0.042969,0.012389,0.15882,1377.3,796.58,0.039453,0.003124,0.099873,0.045515,0.0018167,0.0082299,0.0032541,0.011526,0.3076,0.062967,0.08732,0.10631,0.44504,0.44336,0.12068,0.44848,0.4259,0.12027,0.47579,0.39969,6.8204,3.5469,135220,450570,449690,0.089558,0.081978,0.058375,0.18078,0.15953,0.061932,0.27763,0.24211,0.066695,0.36427,0.31392,0.06898,0.43637,0.37459,0.069458,0.00050732,0.00033897,0.0032824,-0.0075889,-0.015281,-0.012718,0.0016238,0.0010892,0.0049841,-0.0092906,-0.01611,-0.018575,0.003526,0.0024295,0.0064155,-0.010585,-0.014231,-0.025045,0.00010788,6.9256e-05,0.0017481,-0.0053257,-0.011674,-0.0081,0.00058676,0.00039076,0.0043488,-0.0062796,-0.013044,-0.012193,0.0015331,0.0010945,0.0066005,-0.006794,-0.011631,-0.015519,0.00013992,9.6657e-05,0.0016289,-0.0061528,-0.013409,-0.0063995,0.00038284,0.00026671,0.0021966,-0.0080394,-0.016139,-0.0080417,0.00076435,0.00052609,0.0026607,-0.0098037,-0.017484,-0.011654,0.00025951,0.00017306,0.037379,0.002125,0.011784,-0.0084214,0.00068403,0.00044978,0.031361,0.0021494,0.01659,-0.012211,0.0013325,0.00087355,0.030176,0.0026131,0.021462,-0.016716,0.88502,746,"1"
-0.013491,0.34482,0.33895,-0.81277,0.32178,-0.62985,-0.22506,0.11232,2.277,0.051628,3.1996,0.00063855,1.9974,3.2692,0.37231,4.1102,0.0055544,0.81344,5.1383e+16,5.1383e+16,5.1383e+16,5.1383e+16,NA,NA,0.34688,0.1168,0.34688,0.47132,0.84918,0.24538,NA,NA,301,27.15,3712,49007,15.427,254.56,29696,4968,4384,0.91636,0.94359,0.0086504,0.0057974,0.0013651,0.086493,1087.1,717.29,0.0335,0.0033193,0.028335,0.02841,0.0055715,0.0062,0.010716,0.0027262,0.74881,1.6201,0.94754,0.099058,0.44119,0.4544,0.091437,0.46164,0.44055,0.085691,0.44904,0.45977,6.3218,3.6352,19787,33363,30989,0.067149,0.060634,0.031607,0.13149,0.11916,0.032529,0.1932,0.18047,0.033517,0.2571,0.24982,0.035158,0.31965,0.31814,0.036742,0.0010022,0.00088357,0.0046827,-0.0051439,-0.018001,-0.015854,0.0038096,0.0034819,0.0084442,-0.004178,-0.016329,-0.020194,0.0098985,0.0092049,0.013006,-0.0008843,-0.010007,-0.025128,0.00017881,0.00018128,0.0020923,-0.0042176,-0.014478,0.0011192,0.0011546,0.0011311,0.0061796,-0.003822,-0.014721,-0.0027808,0.0033219,0.0031108,0.010328,-0.0022603,-0.011177,-0.013286,0.0005689,0.00049035,0.0047827,-0.0037391,-0.016047,-0.013255,0.002117,0.0019127,0.0087715,-0.0028443,-0.01738,-0.017157,0.0058376,0.0054876,0.014674,0.00052118,-0.015119,-0.016626,0.00025451,0.00021194,0.026472,0.0017292,0.017419,-0.013042,0.00081479,0.00068236,0.026976,0.0027254,0.025154,-0.016172,0.001372,0.0011588,0.022438,0.0023965,0.031507,-0.019557,0.82216,746,"0"
-0.0094025,0.64653,0.64227,-0.59738,0.63695,-0.54302,-0.091007,-0.12939,2.815,-0.053539,3.1746,6.2179e-06,3.0108,3.3715,0.79531,4.3783,0.0059166,0.60004,6.4132e+16,6.4132e+16,6.4132e+16,6.4132e+16,NA,NA,0.44947,0.18953,0.44947,0.39296,0.72141,0.18119,NA,NA,214,63.841,10610,525200,14.461,210.74,84880,2912,1736,0.91361,0.93963,0.15316,0.10606,0.108,0.55632,2075.3,1122.2,0.029669,0.0029232,0.040793,0.051114,0.0022332,0.0066362,0.0029526,0.014372,0.91848,1.5546,0.90622,0.11056,0.43466,0.44937,0.12784,0.44121,0.42556,0.13547,0.44171,0.41785,11.2,3.5949,20953,42614,40480,0.098776,0.10408,0.063121,0.1913,0.19932,0.064251,0.278,0.28563,0.065476,0.3574,0.36219,0.066352,0.42062,0.42054,0.065638,0.00038418,0.00031872,0.002437,-0.0078875,-0.019053,-0.014818,0.0018745,0.0015953,0.005641,-0.0087027,-0.018893,-0.025095,0.0056238,0.0050502,0.010032,-0.0073693,-0.013762,-0.027187,4.5361e-05,3.6978e-05,0.00072061,-0.005577,-0.014799,-0.0080962,0.00053407,0.00050237,0.0038807,-0.0063798,-0.016235,-0.0062719,0.0023605,0.0023865,0.0099635,-0.004836,-0.012631,0.0020291,6.3699e-05,4.7566e-05,0.00072703,-0.0063976,-0.016885,-0.012274,0.00043417,0.00033067,0.0024423,-0.0078219,-0.019863,-0.019774,0.0012413,0.00096563,0.0042363,-0.0087365,-0.020484,-0.026939,0.00027512,0.00023418,0.03885,0.0023648,0.016223,-0.010012,0.00090877,0.00076426,0.040849,0.0039425,0.024319,-0.017157,0.0020619,0.0017304,0.04578,0.0065085,0.03272,-0.024771,0.80098,746,"0"
-0.0063293,0.19351,0.19602,-0.8965,0.17418,-1.1958,0.33381,0.34813,3.6702,0.040005,3.09,0.00041488,1.9691,4.4078,0.19905,5.6825,0.0076791,0.89997,4.9087e+16,4.9087e+16,4.9087e+16,4.9087e+16,NA,NA,0.21637,0.11962,0.21637,0.4552,0.49443,0.17454,NA,NA,218,83.408,14011,902790,14.521,213.18,112090,6080,4776,0.90985,0.93181,0.22521,0.1756,0.096477,0.66786,2850.9,1190.8,0.050673,0.005788,0.045797,0.025861,0.007742,0.01021,0.010871,0.014724,1.1146,0.28323,1.0963,0.12888,0.47014,0.39471,0.17448,0.51288,0.30421,0.17953,0.52202,0.29143,8.9695,3.1577,38612,124360,123170,0.072042,0.062224,0.057287,0.13322,0.11419,0.055678,0.19191,0.16355,0.056245,0.24025,0.20527,0.055503,0.27689,0.23727,0.053769,0.0033877,0.0034078,0.026741,0.0013868,-0.0092907,0.0009262,0.013566,0.015142,0.050799,0.016089,0.0043131,0.030895,0.03481,0.043594,0.077271,0.040137,0.032566,0.10242,0.00052525,0.00069931,0.010383,-0.0036211,-0.010318,0.027787,0.0040087,0.0059465,0.036246,0.0048573,-0.00096561,0.079096,0.014578,0.023676,0.076568,0.025796,0.027195,0.17313,0.00046191,0.00037442,0.0065604,-0.0053644,-0.013646,-0.012795,0.0030159,0.0027396,0.021111,-0.0010282,-0.012165,-0.012503,0.0096705,0.0093435,0.041068,0.0093947,-0.004464,-0.0073079,0.0024005,0.0023341,0.42182,0.042425,0.041118,-0.0034368,0.00697,0.0068791,0.38986,0.059126,0.05932,-0.0022817,0.01223,0.012307,0.33789,0.068396,0.072704,0.0013766,0.79706,746,"0"
-0.031253,0.98338,0.965,-0.18358,0.95437,-0.16431,-0.10498,0.24371,3.1863,-0.0021091,3.1575,8.5614e-06,3.8508,3.0183,1.6234,3.784,0.0051136,0.18426,7.0358e+16,7.0358e+16,7.0358e+16,7.0358e+16,NA,NA,0.20853,0.28322,0.28322,0.42234,0.59868,0.20464,NA,NA,261,47.64,10655,434200,16.038,258.48,85240,1960,840,0.91371,0.94037,0.16597,0.11431,0.11823,0.58362,2118.5,970.63,0.026716,0.0025536,0.046396,0.050952,0.0026055,0.023503,0.0049735,0.037664,0.89918,0.43193,0.17851,0.11599,0.44216,0.43591,0.15105,0.45994,0.38358,0.15439,0.45619,0.38411,11.398,3.4873,20856,40442,37492,0.075118,0.077123,0.045063,0.16306,0.16659,0.051412,0.25437,0.26207,0.056241,0.3458,0.35752,0.060267,0.43065,0.44508,0.063088,0.00051548,0.00047179,0.0030696,-0.0072506,-0.019453,-0.0081727,0.0019533,0.0018053,0.005518,-0.0082763,-0.019596,-0.013116,0.0055973,0.00505,0.0093732,-0.0071737,-0.015049,-0.026973,0.00013272,0.00013733,0.0019792,-0.0049882,-0.014885,0.00213,0.00076812,0.00077502,0.0052394,-0.0054778,-0.015905,0.0010636,0.0027066,0.002548,0.010725,-0.0039174,-0.01226,-0.011888,5.715e-05,4.7236e-05,0.00061233,-0.0062202,-0.017098,-0.0065828,0.00038401,0.00031649,0.0020279,-0.007704,-0.019901,-0.015337,0.0014023,0.0011723,0.0044925,-0.0081421,-0.019965,-0.022663,0.00032561,0.00028723,0.043164,0.0031083,0.015209,-0.008252,0.00080118,0.00071376,0.033806,0.0029763,0.020606,-0.010749,0.0015025,0.0013409,0.031316,0.0033899,0.026036,-0.014047,0.78875,746,"0"
-0.010269,0.27987,0.28717,-0.84407,0.25173,-0.54756,-0.35128,0.4265,2.523,0.10007,3.1532,0.00030263,2.4405,4.4236,0.30357,5.648,0.0076324,0.84741,4.4801e+16,4.4801e+16,4.4801e+16,4.4801e+16,NA,NA,0.16786,0.19415,0.19415,0.51919,0.7577,0.24166,NA,NA,346,38.087,8768,225400,18.023,331.04,70144,8680,3080,0.91509,0.94422,0.096481,0.062274,0.081247,0.36698,1524.8,810.58,0.030288,0.0025709,0.021024,0.02421,0.0010393,0.0028271,0.0018533,0.013544,0.017062,0.34994,0.25429,0.10531,0.44567,0.44257,0.11859,0.47716,0.39748,0.12083,0.47964,0.39269,4.7352,3.5406,8018.5,15974,10714,0.10816,0.11031,0.074134,0.20561,0.20948,0.074069,0.28604,0.28942,0.072258,0.35912,0.36153,0.07151,0.41231,0.41224,0.069011,0.00087604,0.00083577,0.0059603,-0.0066252,-0.019435,-0.0087687,0.0035633,0.0033993,0.011501,-0.0055624,-0.018407,-0.014961,0.0092802,0.0090376,0.017756,-0.0020203,-0.011497,-0.012802,0.00015125,0.00013605,0.0025771,-0.0052452,-0.015473,-0.0090896,0.00074955,0.00069325,0.0058416,-0.0059224,-0.017054,-0.011518,0.0026015,0.0025471,0.011778,-0.0044415,-0.013842,-0.0058346,0.0001077,9.7991e-05,0.0013184,-0.0064473,-0.017929,-0.0078739,0.00078439,0.00074056,0.0047326,-0.0071361,-0.020411,-0.0096074,0.0026431,0.0025969,0.0096748,-0.0061003,-0.018968,-0.0047028,0.0006171,0.00060174,0.093466,0.0083836,0.020784,-0.003823,0.0020978,0.0020268,0.10114,0.014035,0.030972,-0.0080265,0.0042421,0.0040841,0.10102,0.018892,0.04147,-0.011633,0.97005,746,"0"
-0.03004,0.93989,0.95539,-0.20815,0.87557,-0.14798,-0.28905,-0.014302,4.7298,-0.0016554,3.0961,0.0008244,5.2245,4.1534,1.578,5.3567,0.0072388,0.20852,6.9788e+16,6.9788e+16,6.9788e+16,6.9788e+16,NA,NA,0.19099,0.23661,0.23661,0.43401,0.54584,0.20647,NA,NA,308,47.698,9884,320640,17.071,296.49,79072,8088,3000,0.91287,0.9364,0.078003,0.055538,0.03325,0.30788,1206.1,691.25,0.06065,0.0046979,0.02312,0.022038,0.0002569,0.0067495,0.0019491,0.013825,0.68805,0.31106,0.039596,0.12282,0.46371,0.40553,0.16355,0.50562,0.3184,0.17,0.50906,0.30775,5.4386,3.2443,11235,25912,23166,0.084616,0.082684,0.060117,0.17304,0.17244,0.064615,0.26946,0.27556,0.070558,0.35756,0.3666,0.073803,0.42088,0.42889,0.07302,0.0011974,0.001229,0.0084444,-0.005717,-0.016435,0.0035866,0.0053008,0.0057381,0.017735,-0.0020429,-0.012711,0.019531,0.013303,0.014544,0.026384,0.0042374,-0.003645,0.03207,0.00045059,0.00053248,0.0079582,-0.0038025,-0.012938,0.018254,0.0028136,0.0033722,0.02273,0.00069224,-0.01005,0.035945,0.0078327,0.0093815,0.036757,0.0080891,-0.0016617,0.05256,0.00035089,0.00038988,0.0044526,-0.005535,-0.015359,0.0083801,0.0014642,0.0015431,0.0091575,-0.0053489,-0.01695,0.0066789,0.0037302,0.0037485,0.014153,-0.0038804,-0.015717,0.00089616,0.0003959,0.0003066,0.062156,0.0046303,0.0179,-0.015387,0.0011079,0.00088668,0.055364,0.0058584,0.025393,-0.019422,0.0019279,0.0015575,0.047589,0.0061095,0.031938,-0.02352,0.96707,746,"0"
-0.0081914,0.16478,0.157,-0.91803,0.15034,-1.1072,0.20602,0.17561,2.7772,0.031121,3.1722,0.00011626,1.5659,3.9637,0.15565,5.1191,0.0069177,0.92175,4.3825e+16,4.3825e+16,4.3825e+16,4.3825e+16,NA,NA,0.24851,0.13819,0.24851,0.34437,0.39381,0.15813,NA,NA,207,98.7,8922,522380,10.451,118.75,71376,40432,14384,0.90947,0.93141,0.20798,0.15487,0.11881,0.58743,2855.3,1476.7,0.039719,0.0039571,0.039258,0.025412,0.0040989,0.019134,0.0082426,0.025185,0.67455,1.2202,0.63924,0.11308,0.48023,0.40184,0.13042,0.53569,0.33161,0.13257,0.54127,0.32434,13.61,3.2147,26725,76665,74944,0.10385,0.10608,0.090314,0.20371,0.21196,0.093113,0.3016,0.31524,0.09667,0.39198,0.40806,0.099036,0.46357,0.4803,0.09845,0.00083421,0.00066427,0.0072014,-0.0076324,-0.01695,-0.018132,0.0030896,0.0025781,0.012653,-0.0073777,-0.015849,-0.025238,0.0082577,0.0070632,0.020047,-0.0040565,-0.0099824,-0.034599,0.00010374,8.9834e-05,0.0022427,-0.0061962,-0.013686,-0.0061946,0.0008708,0.00081578,0.008611,-0.0062518,-0.014457,-0.0059575,0.0032696,0.0030446,0.018781,-0.0032307,-0.010264,-0.010881,0.00030389,0.00026934,0.0047202,-0.0063596,-0.015047,-0.0055552,0.0008599,0.00077496,0.0065829,-0.0078238,-0.017512,-0.0074461,0.0020189,0.001763,0.0093766,-0.0083761,-0.017658,-0.014647,0.00042658,0.00030509,0.081979,0.0057365,0.016329,-0.018278,0.0013663,0.00099314,0.083576,0.0089396,0.024941,-0.026596,0.0030403,0.0023106,0.091864,0.013776,0.033586,-0.033547,0.76152,746,"0"
-0.019761,0.95658,0.93621,-0.25007,0.93288,-0.23515,-0.059659,0.33296,3.0151,0.066242,3.167,1.0529e-05,3.8612,3.1509,1.4977,3.9486,0.0053359,0.25009,7.1744e+16,7.1744e+16,7.1744e+16,7.1744e+16,NA,NA,0.20626,0.15801,0.20626,0.24654,0.26028,0.12301,NA,NA,258,60.213,12439,600860,15.845,253.31,99512,5984,2520,0.91272,0.93658,0.16321,0.11604,0.106,0.54089,2518.6,1139.3,0.047305,0.0039639,0.039885,0.030796,0.0015817,0.0026546,0.00071748,0.0048094,0.55225,0.26879,0.095383,0.11565,0.45578,0.42145,0.14854,0.49085,0.35015,0.15118,0.49915,0.34035,12.695,3.3716,32962,74569,71662,0.097109,0.094166,0.069571,0.20562,0.20427,0.077424,0.31958,0.32549,0.084385,0.4195,0.43386,0.087313,0.50505,0.52595,0.088359,0.0012871,0.0011615,0.0091532,-0.005452,-0.017242,-0.013077,0.0046159,0.0043239,0.015573,-0.0034856,-0.015064,-0.013575,0.0098736,0.0093041,0.019746,-0.001134,-0.0088826,-0.01686,0.00030967,0.00030414,0.0055152,-0.0045466,-0.013772,-0.0015601,0.0019592,0.0020142,0.01596,-0.0021003,-0.012677,0.0042805,0.0051755,0.005249,0.024491,0.0016894,-0.0071249,0.0030982,0.00059697,0.00052687,0.0076386,-0.0045108,-0.015069,-0.010128,0.001715,0.0014947,0.010815,-0.0046619,-0.017009,-0.016076,0.0031408,0.0027328,0.012017,-0.0051672,-0.016874,-0.020738,0.00038045,0.00033054,0.06023,0.0043761,0.015116,-0.0089388,0.00098609,0.00085053,0.049692,0.0048412,0.022896,-0.012679,0.0016746,0.0014147,0.041684,0.0046918,0.028944,-0.017806,0.80866,746,"1"
-0.013936,0.83651,0.82671,-0.41495,0.8237,-0.38991,-0.060329,0.41669,3.5993,0.047684,3.1485,4.5708e-05,3.6078,3.3365,1.1661,4.2305,0.0057169,0.41545,6.9495e+16,6.9495e+16,6.9495e+16,6.9495e+16,NA,NA,0.12905,0.18022,0.18022,0.30236,0.32114,0.15879,NA,NA,236,68.254,10542,480220,14.711,222.27,84336,9360,7208,0.9125,0.93668,0.20254,0.14436,0.13529,0.62941,2506.1,1100.1,0.028874,0.0030138,0.03933,0.035317,0.00067732,0.0030903,0.00017318,0.00043846,0.083452,0.20783,0.2995,0.10809,0.45011,0.43703,0.12212,0.48378,0.39081,0.11888,0.48514,0.39309,8.9074,3.4963,18628,42933,40616,0.092903,0.096189,0.067595,0.17031,0.17154,0.065126,0.24162,0.2405,0.064793,0.29921,0.29721,0.063248,0.34461,0.34074,0.061229,0.0010353,0.00092776,0.0074776,-0.0063128,-0.017148,-0.013269,0.0043572,0.0041017,0.014929,-0.0040587,-0.015022,-0.013738,0.011873,0.011567,0.024114,0.0020237,-0.0065929,-0.009287,0.00022314,0.00021573,0.0040359,-0.0050333,-0.013983,-0.0022174,0.0011616,0.0011286,0.0096099,-0.0047469,-0.014541,-0.003605,0.0038779,0.0038078,0.018636,-0.001464,-0.010006,-0.0038552,0.00064014,0.00056987,0.0083186,-0.0043611,-0.014804,-0.010564,0.0024015,0.0023041,0.015381,-0.0027377,-0.015329,-0.0068522,0.0059331,0.0059655,0.023054,0.000858,-0.012272,0.00135,0.00017207,0.00014216,0.027665,0.00068367,0.015251,-0.012035,0.00098056,0.00082737,0.050183,0.0048317,0.023359,-0.017815,0.0024901,0.0021668,0.062947,0.0094124,0.032911,-0.021151,0.88543,746,"1"
-0.0062568,0.43972,0.43539,-0.75101,0.43184,-0.68319,-0.090312,-0.17902,2.4235,-0.083817,3.1977,0.00045481,2.6979,3.8266,0.49575,4.9386,0.0066738,0.7516,5.7049e+16,5.7049e+16,5.7049e+16,5.7049e+16,NA,NA,0.18473,0.17691,0.18473,0.35617,0.38724,0.19533,NA,NA,263,56.346,12442,589300,16.031,258.96,99536,3808,3608,0.91419,0.9391,0.091224,0.062836,0.065243,0.35296,1307,734.26,0.021731,0.0019049,0.03004,0.03336,0.00073079,0.0029659,0.00083017,0.0071924,0.17879,0.26398,0.20647,0.10287,0.42013,0.47163,0.10517,0.39215,0.49748,0.10094,0.38384,0.51051,4.4947,3.773,14105,30442,28016,0.071766,0.069667,0.049638,0.14903,0.14532,0.054175,0.23062,0.22545,0.058789,0.3151,0.31,0.063316,0.39332,0.38946,0.066433,0.00044962,0.00038077,0.003087,-0.0080049,-0.019897,-0.012083,0.0012518,0.0011229,0.0040774,-0.010342,-0.021677,-0.013416,0.0028973,0.0026,0.0055939,-0.011881,-0.019849,-0.019577,9.2869e-05,9.3396e-05,0.0015968,-0.0055659,-0.015013,0.0003195,0.00061625,0.00060852,0.0048466,-0.0063784,-0.016919,-0.0012979,0.0018383,0.0017451,0.0083982,-0.0062777,-0.014858,-0.0079943,0.00019371,0.00015016,0.002393,-0.0061175,-0.016983,-0.011958,0.0004573,0.00036919,0.0027843,-0.0080797,-0.020067,-0.014095,0.00075453,0.00060463,0.0027871,-0.010127,-0.021416,-0.018011,0.00016304,0.00013721,0.024919,0.00050884,0.012718,-0.0080343,0.00039949,0.00033399,0.019436,-0.00017646,0.016896,-0.011018,0.00063116,0.00052084,0.015167,-0.001232,0.020016,-0.014263,1.0774,746,"1"
-0.0025874,0.1757,0.17177,-0.90994,0.17148,-0.94759,0.041369,0.38045,3.0401,0.061334,3.1447,4.195e-06,1.7167,4.0621,0.17813,5.2453,0.0070882,0.91074,4.6334e+16,4.6334e+16,4.6334e+16,4.6334e+16,NA,NA,0.26787,0.27209,0.27209,0.34455,0.40364,0.14895,NA,NA,204,102.55,17674,1536200,14.053,199.57,141390,10544,2512,0.90873,0.93069,0.26097,0.19657,0.15441,0.66483,3509.8,1637.1,0.054279,0.0052287,0.041299,0.032408,0.0019386,0.0017808,0.0035748,0.0027725,2.6704,3.6492,1.1411,0.11163,0.49094,0.39227,0.12654,0.56717,0.30148,0.12759,0.58099,0.28727,11.053,3.1381,27625,81812,79874,0.0975,0.096471,0.087451,0.19426,0.19192,0.091578,0.29108,0.28893,0.096225,0.38325,0.38786,0.099867,0.45754,0.4654,0.10022,0.0015922,0.0014584,0.014176,-0.0050148,-0.015064,-0.010668,0.0058158,0.0055376,0.024565,-0.001092,-0.011339,-0.010023,0.013568,0.013355,0.033972,0.0052416,-0.002671,-0.0047189,0.00046116,0.00040798,0.010283,-0.0042233,-0.012266,-0.0093303,0.0023744,0.0022927,0.024216,-0.0008322,-0.010692,-0.0048121,0.0061723,0.0062596,0.036567,0.0046036,-0.0043374,0.0028922,0.00022422,0.00019079,0.0035919,-0.0068423,-0.015061,-0.0070673,0.00081986,0.00066263,0.0064732,-0.0080765,-0.017229,-0.015071,0.0020561,0.0016305,0.0098488,-0.0084205,-0.017168,-0.024359,0.00090678,0.00085959,0.17973,0.015388,0.0219,-0.0046559,0.0026299,0.0025884,0.16592,0.021216,0.033008,-0.0021375,0.0053941,0.005504,0.1681,0.029044,0.045089,0.0037663,0.7758,746,"0"
-0.0093964,0.50771,0.51911,-0.69296,0.47623,-0.4938,-0.28741,-0.085622,2.8035,-0.083885,3.1706,7.9161e-05,3.2548,4.1546,0.61211,5.4151,0.0073177,0.69336,5.9461e+16,5.9461e+16,5.9461e+16,5.9461e+16,NA,NA,0.49673,0.30893,0.49673,0.42021,0.49153,0.18787,NA,NA,256,52.715,8183,273350,14.844,229.55,65464,13192,4784,0.91386,0.93872,0.062728,0.043333,0.039469,0.2461,1045.5,615.88,0.050429,0.0038208,0.024328,0.024428,0.00023278,0.0060453,0.0014405,0.016779,0.81281,1.4049,0.93639,0.11795,0.45696,0.41687,0.15563,0.50295,0.3288,0.16876,0.50148,0.31391,4.5885,3.335,15219,31256,29310,0.09181,0.089852,0.059973,0.19675,0.19871,0.06755,0.30767,0.3194,0.074073,0.40702,0.43214,0.077243,0.47396,0.50507,0.075606,0.00095146,0.0010501,0.0061695,-0.0062329,-0.01769,0.01472,0.004515,0.004987,0.013889,-0.0035268,-0.014425,0.026633,0.011973,0.012697,0.021833,0.0020657,-0.0064802,0.023002,0.00044993,0.00060566,0.0073065,-0.003646,-0.013149,0.03778,0.0023209,0.0029676,0.017239,-0.00087448,-0.011382,0.050604,0.0059453,0.00707,0.025652,0.0033898,-0.0057059,0.050632,0.00031456,0.00028611,0.00367,-0.0054501,-0.016151,-0.0066534,0.0015004,0.0014286,0.0086278,-0.0050273,-0.01735,-0.0073662,0.0045965,0.0043818,0.016035,-0.001936,-0.014832,-0.011202,0.00018697,0.00015838,0.026989,0.0008993,0.014998,-0.0094933,0.00080561,0.00071044,0.037016,0.0031445,0.02323,-0.012321,0.0017996,0.0016228,0.040842,0.005155,0.029761,-0.013828,0.96469,746,"0"
-0.0020747,0.22433,0.22108,-0.88239,0.22107,-0.88874,0.0071895,0.22297,2.3889,0.07322,3.1985,0.00048035,1.692,3.4917,0.23419,4.4558,0.0060214,0.88271,4.86e+16,4.86e+16,4.86e+16,4.86e+16,NA,NA,0.10763,0.080942,0.10763,0.24666,0.24681,0.12886,NA,NA,207,85.618,14354,994780,14.217,203.73,114830,4328,3128,0.91051,0.93137,0.25636,0.19827,0.13158,0.70014,4458.2,1605.4,0.031607,0.0043762,0.043086,0.036883,0.0043837,0.0046751,0.0068094,0.0047599,1.8738,2.3913,0.56662,0.1081,0.48015,0.40801,0.12028,0.54081,0.33715,0.11751,0.54947,0.3318,12.778,3.2641,41910,124130,123010,0.077096,0.073379,0.060602,0.14961,0.14593,0.061808,0.22348,0.22009,0.064744,0.28749,0.28148,0.065652,0.34133,0.33085,0.06552,0.0032691,0.0035853,0.025508,0.00097795,-0.0092373,0.015492,0.011243,0.012242,0.041617,0.010894,-0.00067695,0.022392,0.025476,0.027491,0.055901,0.02452,0.013444,0.028592,0.00011684,8.6389e-05,0.0022832,-0.0058124,-0.0127,-0.01029,0.0011844,0.0010055,0.010586,-0.0048601,-0.012958,-0.015384,0.0052497,0.0050309,0.027256,0.0019598,-0.0062664,-0.0074764,0.00013201,9.1289e-05,0.0018534,-0.0068061,-0.014661,-0.01137,0.00072125,0.00052595,0.0049906,-0.0078407,-0.016684,-0.018921,0.0023863,0.0018246,0.010017,-0.0071235,-0.01579,-0.027406,0.0030202,0.0034076,0.52462,0.053709,0.053821,0.019588,0.0094356,0.010781,0.5217,0.080908,0.081809,0.031983,0.018157,0.020872,0.49587,0.10341,0.10617,0.04396,0.72203,746,"0"
-0.0064677,0.26268,0.25614,-0.86227,0.24974,-0.72595,-0.1581,0.099221,3.1225,0.033273,3.1484,1.8743e-05,2.2632,4.3117,0.27479,5.5058,0.0074402,0.8624,4.964e+16,4.964e+16,4.964e+16,4.964e+16,NA,NA,0.1608,0.32984,0.32984,0.38377,0.48753,0.18656,NA,NA,250,61.828,6684,253560,11.379,138.3,53472,33608,9152,0.91216,0.93594,0.22994,0.16787,0.14301,0.68669,3113.6,1371.1,0.043541,0.0043441,0.025146,0.026177,0.0023997,0.0096495,0.0026156,0.013688,1.001,2.1664,0.78501,0.1163,0.46904,0.40933,0.14074,0.52766,0.32633,0.14646,0.53424,0.31458,9.1624,3.2747,26813,63347,61362,0.09563,0.094362,0.068695,0.18279,0.17901,0.069011,0.2691,0.26583,0.071243,0.35674,0.35643,0.074449,0.43119,0.43396,0.075638,0.0011314,0.00093243,0.0080676,-0.005962,-0.016282,-0.021174,0.0046299,0.0039206,0.015661,-0.0034611,-0.013781,-0.031003,0.011373,0.0097936,0.022806,0.0012241,-0.0062287,-0.040934,0.00030714,0.00026478,0.0054848,-0.0045662,-0.013006,-0.010937,0.0020288,0.0018207,0.016571,-0.001875,-0.012134,-0.014837,0.0062267,0.0057045,0.029544,0.0042406,-0.0058512,-0.01888,0.000231,0.00017762,0.0029637,-0.0060775,-0.015587,-0.012506,0.00098247,0.00075565,0.0062125,-0.0067466,-0.017905,-0.021782,0.0025169,0.0019447,0.0096553,-0.0065208,-0.01754,-0.031307,0.00059327,0.00049003,0.094174,0.0081632,0.019923,-0.013891,0.0016186,0.0013442,0.081783,0.010268,0.028527,-0.018468,0.0026446,0.0021557,0.066003,0.010233,0.036141,-0.024325,0.76572,746,"1"
-0.0027464,0.39365,0.39075,-0.78021,0.39075,-0.78032,0.00014204,-0.39043,3.2367,-0.09635,3.1528,3.0188e-07,2.9245,4.4254,0.43554,5.7798,0.0078105,0.78156,5.5536e+16,5.5536e+16,5.5536e+16,5.5536e+16,NA,NA,0.26769,0.15138,0.26769,0.21957,0.36003,0.13563,NA,NA,333,18.174,1722,12967,11.803,161.44,13776,7536,3736,0.91709,0.9451,0.098065,0.06414,0.078004,0.44656,1073.8,726.71,0.02825,0.0025255,0.025038,0.032164,0.0012603,0.013232,0.0023304,0.025677,2.132,2.2246,0.56539,0.12413,0.43793,0.42993,0.21619,0.46098,0.3083,0.2276,0.46007,0.297,7.1004,3.4394,9357.4,14328,11060,0.074658,0.074579,0.030605,0.149,0.14865,0.032104,0.21887,0.21865,0.033068,0.28214,0.28148,0.033602,0.33416,0.33304,0.033452,0.0011607,0.0011355,0.0047234,-0.0044115,-0.018879,-0.0043536,0.0056154,0.0055632,0.01084,-0.0010487,-0.015302,-0.0032666,0.014719,0.014654,0.016843,0.0048788,-0.0055684,-0.0022639,0.00050558,0.00056464,0.0051523,-0.0026615,-0.014387,0.015918,0.0027179,0.002948,0.012669,0.00028771,-0.013273,0.021298,0.0076717,0.0081985,0.020773,0.0058233,-0.00627,0.026116,7.4126e-06,6.3299e-06,5.4273e-05,-0.0052873,-0.018041,-0.010816,0.00023002,0.00019812,0.00083006,-0.0066791,-0.020658,-0.01366,0.001267,0.0011176,0.0027739,-0.006931,-0.02023,-0.019904,0.00064776,0.00056456,0.058679,0.0068662,0.020583,-0.018687,0.0026803,0.0024281,0.077286,0.014563,0.034367,-0.021779,0.0059844,0.0055161,0.085235,0.022024,0.04867,-0.024916,0.76772,746,"0"
-0.018741,0.38843,0.38195,-0.78583,0.35792,-0.58872,-0.25084,0.50263,3.5464,0.065151,3.1532,7.8794e-06,2.3434,3.5866,0.42578,4.5003,0.0060815,0.78661,5.1369e+16,5.1369e+16,5.1369e+16,5.1369e+16,NA,NA,0.20278,0.14884,0.20278,0.28139,0.48844,0.17873,NA,NA,271,41.196,8524,268150,16.266,266.69,68192,2960,2320,0.9157,0.93864,0.06503,0.046341,0.027525,0.31937,1200.2,684.66,0.025256,0.0028141,0.036524,0.032993,0.00035363,0.0022142,0.0011556,0.00075734,0.0091225,0.72666,0.55613,0.099433,0.46092,0.43312,0.094448,0.5179,0.38066,0.085845,0.52277,0.38486,4.5206,3.465,25724,51537,49895,0.10537,0.099408,0.059216,0.19531,0.18136,0.05769,0.26547,0.24421,0.054986,0.32186,0.29356,0.052549,0.35728,0.32347,0.049032,0.0022304,0.0020061,0.012442,-0.0021324,-0.015478,-0.014961,0.0067844,0.0062679,0.017954,0.00093182,-0.012706,-0.017641,0.01464,0.013791,0.022966,0.0056157,-0.0048859,-0.018986,0.00031686,0.00026112,0.0044268,-0.0039849,-0.01347,-0.011286,0.0013334,0.0011354,0.0085207,-0.003665,-0.014084,-0.016365,0.0036772,0.0031527,0.01365,-0.0017129,-0.010618,-0.024423,0.00083235,0.00076776,0.0083546,-0.0030998,-0.014451,-0.0073023,0.0029253,0.002843,0.014471,-0.0010883,-0.014341,-0.0044192,0.0071986,0.0072862,0.021605,0.0031623,-0.010227,0.002855,0.0010812,0.00097723,0.13427,0.014855,0.021211,-0.0098398,0.0028315,0.0025179,0.11193,0.018236,0.028908,-0.015688,0.0045351,0.0039461,0.08855,0.018549,0.035899,-0.022087,0.90541,746,"1"
-0.0088457,0.30443,0.30518,-0.83331,0.28282,-0.60772,-0.27072,0.63564,3.1859,0.10323,3.1066,1.0176e-05,2.3949,4.2049,0.32354,5.4229,0.0073283,0.83726,5.0058e+16,5.0058e+16,5.0058e+16,5.0058e+16,NA,NA,0.33851,0.34069,0.34069,0.2334,0.54499,0.18058,NA,NA,366,26.287,3626,40534,15.875,278.9,29008,5960,5376,0.91637,0.94419,0.044353,0.029303,0.034543,0.19598,861.51,577.14,0.027074,0.0024714,0.023472,0.026236,0.002243,0.0018666,0.0027713,0.0035062,1.5315,2.3287,0.956,0.10306,0.45088,0.44042,0.1087,0.49071,0.39516,0.10675,0.49357,0.39469,4.6298,3.5234,22326,41179,38843,0.10026,0.10512,0.055968,0.19625,0.20227,0.057579,0.28062,0.2854,0.057737,0.3477,0.34945,0.05639,0.40158,0.39951,0.054745,0.0018742,0.0019584,0.010385,-0.0031358,-0.016603,0.0084189,0.0062507,0.0066872,0.016432,-5.5332e-05,-0.012752,0.021278,0.014955,0.015721,0.023305,0.0060332,-0.0038254,0.023015,0.00015928,0.00013959,0.0022104,-0.0046881,-0.015029,-0.0082928,0.00092211,0.00082615,0.0058531,-0.0048373,-0.016008,-0.013476,0.0031431,0.0028548,0.011589,-0.0028459,-0.012231,-0.020082,0.00081742,0.0010122,0.00815,-0.0031452,-0.015148,0.031592,0.0034433,0.0041546,0.01692,0.00020796,-0.014261,0.048702,0.0089208,0.010235,0.026595,0.00642,-0.0095957,0.051223,0.00089746,0.0008066,0.11071,0.011933,0.023276,-0.012735,0.0021777,0.0019942,0.085511,0.013245,0.033539,-0.013792,0.0034923,0.0032181,0.067734,0.013252,0.04164,-0.015863,0.94485,746,"1"
-0.0012467,0.27316,0.2716,-0.85325,0.27063,-0.80232,-0.059687,-1.6443,8.4236,-0.058117,2.9264,0.0052483,2.847,5.2811,0.28985,7.4239,0.010032,0.85465,5.275e+16,5.275e+16,5.275e+16,5.275e+16,NA,NA,0.42908,0.32419,0.42908,0.34056,0.57616,0.166,NA,NA,215,56.651,9338,406100,14.425,210.34,74704,3272,3080,0.91209,0.9359,0.030508,0.023267,0.0094388,0.14727,2234.7,823.42,0.036531,0.0039274,0.040133,0.032692,0.0094903,0.0034728,0.014451,0.0073053,0.31367,0.67112,0.84843,0.10914,0.45193,0.43315,0.13019,0.4841,0.3791,0.12972,0.46976,0.39516,7.2149,3.4652,52174,129340,128360,0.11063,0.11672,0.064646,0.23009,0.25626,0.070667,0.34259,0.39578,0.073783,0.43574,0.49906,0.073974,0.50422,0.56522,0.071951,0.00043321,0.00036144,0.0025128,-0.0073933,-0.017032,-0.010648,0.0022662,0.0019015,0.0062359,-0.0075753,-0.016517,-0.017604,0.0067605,0.0057043,0.011028,-0.0054314,-0.011954,-0.02782,0.00041272,0.00034757,0.0059954,-0.003618,-0.011715,-0.0097296,0.0019574,0.0016873,0.013006,-0.0018982,-0.010958,-0.013683,0.0053044,0.0046201,0.020473,0.001804,-0.0065537,-0.019981,2.0494e-05,1.3869e-05,0.00021389,-0.0062787,-0.015095,-0.0085369,0.00029601,0.00020624,0.0015226,-0.0078257,-0.017916,-0.014369,0.0014303,0.0010695,0.0044636,-0.0079794,-0.018197,-0.022099,0,0,0,-0.0021406,0.0093128,0,1.2787e-05,7.9827e-06,0.00052559,-0.0031451,0.014567,-0.0053247,4.9371e-05,3.2343e-05,0.0010023,-0.0041187,0.019055,-0.0062067,0.82093,746,"0"
-0.020537,0.7693,0.77759,-0.4705,0.72274,-0.34554,-0.26559,0.14577,4.8805,0.0055003,3.0836,0.001325,4.1501,4.0577,1.0433,5.3218,0.0071916,0.47391,6.6007e+16,6.6007e+16,6.6007e+16,6.6007e+16,NA,NA,0.23299,0.22691,0.23299,0.33885,0.41907,0.22356,NA,NA,247,68.413,11031,531870,14.115,209.05,88248,25464,3128,0.91358,0.93652,0.11034,0.077854,0.067392,0.40417,1529.3,777.22,0.050242,0.0048771,0.049478,0.033956,0.0004755,0.0056004,0.00026812,0.012985,0.047269,0.71575,0.48329,0.12052,0.46266,0.40954,0.15597,0.51076,0.32378,0.16344,0.52103,0.3056,6.1832,3.2763,25261,59887,58058,0.095923,0.099881,0.073119,0.19595,0.20392,0.078505,0.301,0.315,0.084565,0.39966,0.41856,0.088506,0.46743,0.48968,0.08701,0.0007515,0.00068449,0.0056863,-0.0074088,-0.018729,-0.010729,0.0035699,0.0032923,0.012815,-0.0058585,-0.017295,-0.015967,0.0090213,0.0084157,0.019196,-0.0025528,-0.011098,-0.019876,0.00035101,0.00031363,0.0066515,-0.0044727,-0.013615,-0.0089266,0.0019549,0.0018212,0.016944,-0.0021826,-0.012874,-0.010687,0.0055981,0.0053028,0.028186,0.0028,-0.0071067,-0.012631,0.00024537,0.0002458,0.0033406,-0.0062019,-0.016253,0.00012736,0.0011409,0.0010885,0.0076553,-0.0064908,-0.018269,-0.0053368,0.0026791,0.0025096,0.010906,-0.0063608,-0.018046,-0.0099238,0.00015512,0.00012506,0.026129,0.0003897,0.011313,-0.0093891,0.00047512,0.00038344,0.025475,0.00048266,0.016915,-0.01286,0.00077723,0.00063192,0.020584,-0.00043544,0.022432,-0.014769,0.96323,746,"1"
-0.0027426,0.25137,0.24757,-0.86723,0.24715,-0.83157,-0.041124,0.15591,2.6973,0.11461,3.1863,7.8542e-05,2.1282,4.1641,0.26051,5.3472,0.007226,0.86927,5.1027e+16,5.1027e+16,5.1027e+16,5.1027e+16,NA,NA,0.13934,0.15184,0.15184,0.12952,0.22714,0.099399,NA,NA,233,55.609,6154,187690,12.509,170.98,49232,15896,11616,0.91261,0.93903,0.17592,0.12361,0.11444,0.60203,2239.5,1196.6,0.039065,0.0040055,0.030104,0.031543,0.0029288,0.011275,0.0088948,0.020984,1.7364,2.2777,0.46757,0.11362,0.46109,0.41956,0.13719,0.5137,0.34563,0.14087,0.50873,0.34726,9.7762,3.3565,21772,43889,40884,0.092224,0.096041,0.056731,0.17965,0.18511,0.058081,0.26651,0.27367,0.060423,0.34943,0.35722,0.062446,0.414,0.42036,0.06219,0.0010744,0.00097564,0.0065602,-0.0056786,-0.017309,-0.011789,0.0035635,0.0031654,0.010323,-0.0052634,-0.016249,-0.021687,0.0084145,0.0073959,0.014449,-0.0031705,-0.010696,-0.035205,9.5888e-05,8.1188e-05,0.0014663,-0.0052284,-0.014265,-0.0067837,0.00071432,0.00060883,0.0049963,-0.0057112,-0.015082,-0.015689,0.0028924,0.0024656,0.011752,-0.0035517,-0.010863,-0.027278,8.0799e-05,6.0524e-05,0.0008877,-0.0062072,-0.016461,-0.010396,0.00048815,0.00037808,0.0026433,-0.0075294,-0.019309,-0.017934,0.0014983,0.0011972,0.0049221,-0.0080552,-0.01973,-0.024853,0.00089768,0.00083393,0.12202,0.01254,0.022235,-0.0081178,0.0023611,0.0021785,0.10216,0.015367,0.030986,-0.011432,0.0040274,0.0037359,0.086075,0.016746,0.038428,-0.013724,0.71359,746,"1"
-0.028193,0.81202,0.82002,-0.42294,0.75127,-0.30048,-0.28955,0.21166,3.8493,0.0079905,3.1283,0.00023084,4.2482,3.9599,1.1478,5.1267,0.006928,0.42395,6.5533e+16,6.5533e+16,6.5533e+16,6.5533e+16,NA,NA,0.3487,0.25284,0.3487,0.45316,0.58222,0.21416,NA,NA,281,36.609,5898,129120,15.537,252.37,47184,6312,5752,0.91472,0.9411,0.14504,0.1004,0.092957,0.56708,1639.4,882.37,0.026061,0.0025622,0.036887,0.035729,0.0030137,0.018867,0.0027674,0.036612,0.87645,0.51429,0.016018,0.10926,0.44257,0.44137,0.13376,0.45378,0.40323,0.13233,0.45751,0.40137,7.6735,3.5309,22016,40374,38290,0.083435,0.085603,0.044698,0.15937,0.16105,0.044872,0.23115,0.2306,0.04564,0.2944,0.29155,0.04582,0.35156,0.3451,0.045992,0.00074014,0.00068948,0.003936,-0.0062217,-0.018018,-0.0081037,0.003273,0.0030154,0.0082571,-0.0054305,-0.016394,-0.01573,0.0084005,0.0079691,0.012563,-0.0029742,-0.010341,-0.015201,0.00026139,0.00021428,0.0034812,-0.0041362,-0.014353,-0.014262,0.0014289,0.0012698,0.0087043,-0.0033073,-0.014548,-0.015122,0.0042015,0.0040918,0.014867,-0.00057693,-0.0098894,-0.0056263,0.00017281,0.00020063,0.0016535,-0.0054483,-0.016326,0.0086225,0.00084726,0.00083488,0.0039956,-0.0061404,-0.018585,-0.0015684,0.0023149,0.0021478,0.006623,-0.0059908,-0.018314,-0.011266,0.00030594,0.00027457,0.036219,0.0026338,0.018066,-0.0074746,0.001034,0.00094294,0.038963,0.0045282,0.026557,-0.0092,0.0020099,0.0018315,0.037411,0.0056942,0.033653,-0.011984,0.79465,746,"0"
-0.0012728,0.23577,0.23556,-0.87414,0.23235,-0.97624,0.1168,0.6055,3.6423,0.082633,3.1348,5.3655e-05,1.9054,3.8322,0.24656,5.2237,0.007059,0.87626,4.9631e+16,4.9631e+16,4.9631e+16,4.9631e+16,NA,NA,0.32494,0.24977,0.32494,0.2028,0.44174,0.11542,NA,NA,221,32.1,5442,134710,14.536,214.27,43536,4440,520,0.91449,0.94255,0.045439,0.032848,0.01076,0.29852,1108,650.56,0.023939,0.002578,0.041503,0.0363,0.0020783,0.023361,0.0050495,0.043488,0.054329,1.4348,1.2232,0.10193,0.43862,0.45462,0.11192,0.4396,0.44496,0.095521,0.41821,0.48348,7.2727,3.637,54695,94852,93618,0.070841,0.056825,0.027194,0.14557,0.12006,0.029369,0.22416,0.19397,0.031714,0.311,0.28387,0.034683,0.39239,0.38291,0.036783,0.00025796,0.00018014,0.00098294,-0.0063861,-0.01868,-0.014193,0.0011921,0.00088964,0.0021548,-0.0077598,-0.01952,-0.021476,0.0036123,0.0027833,0.0038709,-0.0079923,-0.015788,-0.031053,7.8903e-05,5.8701e-05,0.00075296,-0.0041801,-0.013821,-0.006974,0.00063794,0.00050901,0.0027845,-0.004678,-0.014778,-0.01457,0.0025502,0.0020449,0.0064661,-0.0033994,-0.011431,-0.023229,9.5626e-05,6.5788e-05,0.00065562,-0.0048403,-0.015745,-0.0083064,0.00026608,0.00018419,0.00089913,-0.006386,-0.018811,-0.010985,0.00061286,0.00043073,0.0012564,-0.0077316,-0.01966,-0.016083,8.3428e-05,5.5655e-05,0.007077,-0.00065159,0.010178,-0.0093753,0.00028803,0.00019644,0.007777,-0.0008258,0.015249,-0.01139,0.00044928,0.00030775,0.0059921,-0.0016684,0.020885,-0.013319,0.77175,746,"1"
-0.0051196,0.51118,0.50874,-0.70041,0.50158,-0.61731,-0.11865,0.42509,3.5676,0.02522,3.1538,3.9164e-05,3.7268,4.8237,0.59531,6.6772,0.0090232,0.70149,6.0219e+16,6.0219e+16,6.0219e+16,6.0219e+16,NA,NA,0.20719,0.20594,0.20719,0.22677,0.27151,0.12602,NA,NA,307,33.186,5928,116510,16.802,289.87,47424,4400,3072,0.91479,0.94316,0.15967,0.10634,0.12215,0.59281,2114.5,1068.3,0.027339,0.0027956,0.034509,0.033356,0.0018191,0.0014444,0.0022849,0.00012253,0.05431,1.05,0.92812,0.11289,0.44775,0.43387,0.14786,0.48308,0.36526,0.14955,0.48321,0.36357,11.1,3.471,18898,33316,30626,0.086339,0.085831,0.04683,0.18282,0.18212,0.052118,0.28525,0.28697,0.057024,0.38071,0.39005,0.05999,0.46127,0.47903,0.061096,0.00047706,0.00042323,0.0025685,-0.0069957,-0.020016,-0.013833,0.0022371,0.0020269,0.005714,-0.0073464,-0.020098,-0.020249,0.0060889,0.0055665,0.0092191,-0.0061454,-0.015331,-0.02868,0.00027091,0.00025002,0.0036528,-0.0041196,-0.01491,-0.0081867,0.0014725,0.0013713,0.0090812,-0.0032046,-0.015414,-0.012074,0.0041928,0.0039281,0.015021,-0.00059872,-0.011541,-0.017754,8.7201e-05,7.3649e-05,0.00084475,-0.0057987,-0.017409,-0.010883,0.00056924,0.00049441,0.0027178,-0.0068629,-0.020071,-0.015259,0.0014973,0.0013102,0.0043371,-0.0075576,-0.020283,-0.019825,0.00011895,9.9566e-05,0.014257,-0.0002293,0.013485,-0.0072802,0.00019542,0.00016122,0.0074557,-0.0016717,0.018289,-0.0092445,0.00040347,0.00033189,0.0076034,-0.0022145,0.024523,-0.01536,0.73326,746,"0"
-0.0054951,0.30349,0.30095,-0.83585,0.28998,-0.67626,-0.19094,-0.49128,3.8608,-0.035022,3.1239,0.0002592,2.4737,4.3344,0.32486,5.486,0.0074135,0.83711,5.2404e+16,5.2404e+16,5.2404e+16,5.2404e+16,NA,NA,0.30925,0.2577,0.30925,0.33364,0.41212,0.1769,NA,NA,272,49.408,6561,186870,13.313,193.39,52488,19856,10072,0.91281,0.93787,0.19759,0.14104,0.12228,0.6532,2939.4,1312.5,0.043927,0.0038772,0.032863,0.035802,0.0016861,0.0089984,0.0051361,0.013923,0.9116,0.5263,0.51876,0.11079,0.46654,0.41769,0.13145,0.52831,0.33674,0.13703,0.54277,0.31714,10.053,3.3415,18951,40780,38750,0.10852,0.11184,0.070848,0.21936,0.23095,0.075268,0.32439,0.34164,0.078054,0.40653,0.42563,0.077105,0.46594,0.48475,0.074283,0.00033708,0.00026411,0.0021845,-0.008118,-0.019212,-0.01748,0.0017179,0.0014148,0.0052814,-0.0091103,-0.020148,-0.025025,0.0048879,0.0041468,0.0089078,-0.0085525,-0.016536,-0.03293,0.00011938,9.2834e-05,0.0019375,-0.0052733,-0.014098,-0.012614,0.0007955,0.00067074,0.0059053,-0.0056337,-0.015318,-0.015693,0.0024063,0.0021293,0.010376,-0.0047833,-0.012849,-0.01771,0.00011151,9.61e-05,0.0013003,-0.0062736,-0.016319,-0.0070219,0.00059139,0.00050438,0.0033987,-0.0074827,-0.019293,-0.012368,0.001725,0.0014536,0.0060144,-0.0078378,-0.019487,-0.020206,0.00010619,7.5176e-05,0.015319,-0.00046804,0.010585,-0.010835,0.000331,0.00023968,0.0152,-0.00073046,0.01532,-0.015601,0.00078194,0.00058212,0.017736,-0.00037679,0.021147,-0.021865,0.7412,746,"0"
-0.018703,0.80613,0.81118,-0.43328,0.76283,-0.32749,-0.24415,0.17532,3.5619,0.005066,3.1166,0.00024549,4.3004,4.0441,1.1278,5.256,0.0071028,0.43419,6.658e+16,6.658e+16,6.658e+16,6.658e+16,NA,NA,0.15138,0.1928,0.1928,0.2687,0.30181,0.1529,NA,NA,358,35.997,6257,126580,15.785,266.68,50056,19480,3496,0.9146,0.94176,0.087008,0.05772,0.074957,0.33835,1359.2,794.32,0.037275,0.0032436,0.02583,0.026905,0.0033567,0.0007127,0.0087103,0.0044627,1.0269,0.37587,0.24063,0.12019,0.44993,0.42133,0.16655,0.48641,0.33165,0.17024,0.48862,0.32492,6.7743,3.3706,8503.7,17170,13347,0.073756,0.072452,0.049699,0.15163,0.14936,0.053699,0.23896,0.23687,0.059345,0.31882,0.3175,0.062412,0.38381,0.3828,0.063156,0.0014706,0.0014568,0.0098367,-0.004711,-0.017758,-0.002012,0.0058317,0.0058153,0.018505,-0.00091111,-0.013796,-0.0010005,0.013873,0.013808,0.026095,0.0049922,-0.0044757,-0.0024132,0.00048393,0.00050099,0.0081064,-0.003534,-0.013992,0.0048694,0.0026,0.0026755,0.019921,-3.5481e-06,-0.012178,0.0073118,0.0076183,0.0078148,0.033907,0.0073703,-0.0044841,0.010099,0.00044854,0.00045992,0.0053982,-0.0049846,-0.016418,0.0030315,0.0016113,0.0016209,0.0095575,-0.004803,-0.017736,0.0010867,0.0033549,0.0032998,0.012073,-0.0045607,-0.016687,-0.0039941,0.00053815,0.00049591,0.080133,0.0069536,0.018637,-0.0093153,0.0016553,0.0015548,0.078456,0.010244,0.028465,-0.010769,0.0030783,0.0028688,0.072067,0.0123,0.038483,-0.015475,0.87381,746,"1"
-0.0031198,0.68357,0.67911,-0.56567,0.6785,-0.58259,0.029915,0.15025,2.6999,0.068709,3.1937,0.0001244,3.9833,4.2729,0.8667,5.6094,0.0075802,0.56589,6.5457e+16,6.5457e+16,6.5457e+16,6.5457e+16,NA,NA,0.058173,0.055935,0.058173,0.094828,0.11355,0.054421,NA,NA,289,36.924,5324,109580,14.584,227.52,42592,14064,3792,0.91495,0.94054,0.044112,0.030614,0.018269,0.22846,1066.6,644.46,0.031563,0.00255,0.03067,0.033712,0.013054,0.0013878,0.028379,0.0013237,1.4669,1.3846,0.2502,0.12983,0.44719,0.41146,0.20615,0.47732,0.29251,0.21529,0.4719,0.28147,5.4908,3.2917,14470,28083,25615,0.066674,0.06607,0.037337,0.14108,0.14216,0.041524,0.22173,0.22491,0.045763,0.30238,0.30622,0.049195,0.37285,0.37635,0.050988,0.0012326,0.0012891,0.0068518,-0.0049636,-0.016993,0.0069234,0.0058108,0.0062646,0.015324,-0.00086761,-0.013012,0.020922,0.015121,0.016356,0.023637,0.0062722,-0.0029844,0.032092,0.00068011,0.00079889,0.009468,-0.0023224,-0.012521,0.02183,0.0037582,0.0043418,0.023931,0.0033392,-0.0089936,0.03446,0.010476,0.012006,0.038751,0.012811,0.00092865,0.048317,2.0194e-05,1.5132e-05,0.00020197,-0.0061453,-0.016878,-0.011497,0.00033281,0.00026263,0.0016406,-0.0075665,-0.019299,-0.016557,0.0013466,0.0011091,0.0040272,-0.0079687,-0.018645,-0.021498,0.0005323,0.0004751,0.065871,0.0062369,0.019716,-0.00941,0.0017631,0.0017129,0.069447,0.010135,0.028684,-0.0038594,0.0035742,0.0035553,0.069542,0.013687,0.037292,-0.00095796,0.90454,746,"0"
-0.00086264,0.05433,0.054252,-0.97246,0.051967,-1.172,0.20524,-0.60949,2.816,-0.18573,3.0288,0.00014271,1.4847,6.3716,0.054155,10.135,0.013696,0.97288,3.128e+16,3.128e+16,3.128e+16,3.128e+16,NA,NA,0.25141,0.23653,0.25141,0.1987,0.30966,0.12567,NA,NA,292,51.777,10109,352970,16.656,282.04,80872,5368,4096,0.9174,0.94093,0.13543,0.092407,0.099197,0.48284,2466.9,1394.3,0.015844,0.0023303,0.025504,0.028247,0.0029364,1.2767e-06,0.0040869,0.0010676,1.5393,1.7171,0.46127,0.13372,0.44921,0.40881,0.15352,0.46403,0.37635,0.16011,0.46179,0.37252,10.106,3.2704,16423,34337,31984,0.076483,0.077136,0.050745,0.15444,0.15717,0.053644,0.23292,0.24309,0.056508,0.30666,0.32368,0.058483,0.37035,0.3874,0.059259,0.0041264,0.0036288,0.030401,0.003979,0.01444,-0.0301,0.0096884,0.0085994,0.034037,0.0076461,0.023123,-0.040523,0.018473,0.016948,0.038615,0.013177,0.032704,-0.040352,0.0022415,0.0020838,0.040667,0.0055205,0.011327,-0.012782,0.0054726,0.0050571,0.045468,0.0095523,0.018644,-0.020816,0.011453,0.010889,0.055274,0.017142,0.029347,-0.019295,0.00186,0.0015263,0.024998,0.001149,0.0070833,-0.030424,0.0041251,0.0034742,0.02759,0.0026726,0.010998,-0.036273,0.0069338,0.0060038,0.028369,0.0037585,0.012821,-0.038647,2.4897e-05,1.8696e-05,0.004012,-0.0019419,0.010921,-0.0090097,0.00017793,0.00013628,0.00917,-0.0020627,0.016266,-0.013012,0.00049007,0.00038819,0.012433,-0.0020468,0.021808,-0.017536,0.81983,746,"0"
-0.0013236,0.11711,0.11507,-0.94063,0.11502,-0.95917,0.019716,-0.31207,2.1101,-0.13902,3.1443,0.0012955,2.4768,7.3245,0.11405,11.586,0.015656,0.94277,3.87e+16,3.87e+16,3.87e+16,3.87e+16,NA,NA,0.19478,0.12288,0.19478,0.1657,0.23687,0.091628,NA,NA,291,64.155,11885,507240,15.857,262.02,95080,15624,12168,0.91623,0.93724,0.13792,0.096954,0.090564,0.4427,1390.9,923.87,0.01711,0.0018548,0.022276,0.020869,0.0022175,0.005651,0.0035198,0.01208,1.9043,2.123,0.30037,0.15268,0.46979,0.36688,0.20198,0.50769,0.27735,0.20991,0.50158,0.27512,3.442,2.9351,10599,26036,22863,0.068155,0.068204,0.053598,0.14373,0.14338,0.059175,0.21564,0.21673,0.062011,0.28869,0.29284,0.065258,0.36118,0.37019,0.0685,0.0081792,0.0081207,0.071426,0.018825,0.027933,-0.0022735,0.018726,0.018986,0.077977,0.029388,0.042171,0.0061528,0.032395,0.033201,0.080264,0.038751,0.054339,0.014127,0.0036117,0.0036329,0.077667,0.013813,0.018119,0.001282,0.0092788,0.0097198,0.091375,0.024143,0.029938,0.015056,0.017139,0.018333,0.098042,0.033873,0.042003,0.028881,0.0038624,0.0038102,0.061527,0.010771,0.016742,-0.0028315,0.007677,0.0075529,0.06086,0.014203,0.022278,-0.0044268,0.012155,0.011959,0.058945,0.016766,0.024833,-0.0054398,0.0007051,0.00067765,0.13468,0.011195,0.02166,-0.0042028,0.0022432,0.002142,0.13703,0.017247,0.032768,-0.0071908,0.0043669,0.0040691,0.13131,0.02211,0.042356,-0.014267,1.1371,746,"1"
-0.0011982,0.15082,0.14921,-0.92228,0.14892,-0.88206,-0.043603,0.74866,3.2811,0.063625,3.0546,4.2552e-07,1.4366,3.661,0.15358,4.994,0.0067487,0.92304,4.1644e+16,4.1644e+16,4.1644e+16,4.1644e+16,NA,NA,0.31361,0.26279,0.31361,0.25745,0.31159,0.15185,NA,NA,242,63.616,14188,830480,15.454,239.89,113500,864,712,0.9168,0.93993,0.20587,0.144,0.14605,0.65191,3347.4,1674.6,0.019547,0.0024043,0.048372,0.044932,0.0049023,0.0099739,0.0078712,0.017303,0.96073,1.5721,0.7157,0.14272,0.44227,0.40716,0.19068,0.44663,0.35752,0.19011,0.44936,0.35595,16.135,3.2573,26635,55221,51225,0.048415,0.049406,0.030752,0.11665,0.12374,0.038789,0.21227,0.23024,0.049301,0.32438,0.35636,0.059224,0.43533,0.48014,0.066686,0.0039432,0.0036876,0.027812,0.0033044,0.013077,-0.014958,0.0096451,0.0092705,0.03244,0.0073874,0.020985,-0.013017,0.018249,0.017956,0.03652,0.012535,0.029211,-0.0072175,0.0034791,0.003327,0.060428,0.011708,0.015544,-0.009619,0.0088789,0.0086742,0.070622,0.020353,0.025667,-0.0074669,0.017063,0.017029,0.07884,0.030188,0.037513,-0.00088341,0.00046408,0.00036066,0.0059711,-0.004825,0.0011421,-0.015929,0.00075899,0.00059091,0.0048599,-0.006976,0.0010423,-0.019028,0.001056,0.00082946,0.0041361,-0.0091075,-0.00012911,-0.021709,0,0,0,-0.002336,0.013408,0,7.2149e-06,5.4336e-06,0.00035597,-0.0034622,0.01789,-0.010515,0.00013245,9.9826e-05,0.0032167,-0.004015,0.021696,-0.013723,0.73907,746,"0"
-0.00067182,0.13216,0.13164,-0.93177,0.1314,-0.89236,-0.042296,0.063736,2.1782,0.040719,3.173,0.0012466,2.5014,6.9641,0.12868,10.235,0.013831,0.93534,3.812e+16,3.812e+16,3.812e+16,3.812e+16,NA,NA,0.16467,0.089401,0.16467,0.23689,0.36258,0.11774,NA,NA,285,65.084,15967,895870,16.704,280.96,127740,7424,1376,0.91637,0.93748,0.080201,0.055891,0.046821,0.2998,2124.3,1146.9,0.024608,0.0023667,0.022786,0.023097,9.0309e-05,0.0030469,0.0020788,0.011319,0.5515,0.14088,0.30671,0.15576,0.45748,0.37342,0.21871,0.47393,0.28747,0.22679,0.46443,0.2857,4.2627,2.9874,10733,25898,23343,0.07423,0.074756,0.057259,0.14356,0.14448,0.057974,0.2063,0.20918,0.058189,0.267,0.27352,0.059201,0.32707,0.33634,0.060845,0.0070889,0.0071873,0.060721,0.014783,0.023239,0.0040971,0.015203,0.015168,0.062095,0.020975,0.033712,-0.00091967,0.025499,0.025121,0.06197,0.026415,0.042519,-0.0075817,0.0042766,0.0045369,0.090207,0.017422,0.019825,0.014214,0.0097017,0.010151,0.093712,0.025415,0.029448,0.014951,0.016821,0.017349,0.094382,0.032701,0.038918,0.013032,0.0027753,0.0026233,0.043365,0.005549,0.011035,-0.0097448,0.0051639,0.0047637,0.040154,0.0061555,0.014552,-0.017439,0.007754,0.0070439,0.036884,0.0060299,0.015867,-0.025023,3.7005e-05,2.7023e-05,0.0069328,-0.001863,0.013579,-0.013938,0.00035235,0.00026449,0.021112,-0.00059756,0.019141,-0.019818,0.0011225,0.00088572,0.033109,0.0017215,0.025515,-0.024523,1.0172,746,"1"
-0.010988,0.22582,0.21479,-0.88596,0.20861,-0.73559,-0.16972,-0.18738,1.9431,-0.041822,3.1567,0.0017872,2.1994,4.6427,0.22383,6.4325,0.0086926,0.88772,4.2098e+16,4.2098e+16,4.2098e+16,4.2098e+16,NA,NA,0.20583,0.1545,0.20583,0.13199,0.1921,0.091095,NA,NA,364,29.102,6346,111610,18.579,351.1,50768,3520,3136,0.91833,0.94478,0.0088958,0.0058081,0.0075226,0.023857,1269.1,772.51,0.023912,0.0022775,0.022586,0.024398,0.0030394,0.0052483,0.0031218,0.010304,1.8592,1.4587,0.02766,0.13152,0.45653,0.39877,0.15018,0.49321,0.33076,0.14773,0.49709,0.32763,5.1481,3.1902,11446,20549,16723,0.074789,0.072726,0.04054,0.14437,0.14026,0.040969,0.20167,0.19528,0.039974,0.24734,0.23815,0.038538,0.28057,0.26867,0.036678,0.01945,0.023866,0.11707,0.048877,0.052969,0.14818,0.036078,0.043647,0.10355,0.057713,0.066549,0.17589,0.053796,0.064765,0.091872,0.06303,0.077528,0.2063,0.0039948,0.0040692,0.059213,0.013224,0.018991,0.005569,0.0079694,0.0081295,0.054094,0.016061,0.026088,0.0079009,0.012498,0.012819,0.04928,0.01777,0.032987,0.012329,0.014846,0.019211,0.16301,0.052077,0.04989,0.16712,0.027545,0.035287,0.15052,0.063956,0.062007,0.20434,0.040698,0.051956,0.13604,0.071116,0.069216,0.24102,0.00060892,0.00058623,0.080167,0.0077003,0.019251,-0.0051397,0.0018394,0.0017969,0.077446,0.011108,0.02881,-0.004653,0.0038751,0.0039129,0.080318,0.01573,0.040293,0.0027635,0.89267,746,"0"
-0.0021346,0.10547,0.10355,-0.94674,0.10154,-0.8149,-0.13926,0.15902,1.558,0.22735,2.9871,0.0040923,1.8188,5.5825,0.10586,7.8748,0.010642,0.94699,3.3989e+16,3.3989e+16,3.3989e+16,3.3989e+16,NA,NA,0.23858,0.13277,0.23858,0.17716,0.34228,0.103,NA,NA,263,51.004,11432,496240,16.092,260.3,91456,2208,1376,0.91822,0.93983,0.075961,0.05371,0.066432,0.29895,1576.9,816.63,0.016714,0.0015192,0.027771,0.030956,0.0038584,0.004442,0.0075733,0.0099393,1.5152,1.3727,0.0069278,0.158,0.45469,0.37586,0.23946,0.4687,0.27541,0.25163,0.46718,0.26374,3.0385,3.0069,25611,53658,51398,0.051314,0.048644,0.030271,0.10835,0.10642,0.033463,0.17453,0.17121,0.037648,0.24397,0.24097,0.041369,0.31217,0.31033,0.044412,0.0045839,0.0043226,0.030028,0.0051593,0.016604,-0.012091,0.01131,0.010828,0.03533,0.010462,0.026058,-0.012977,0.020178,0.019376,0.037503,0.014986,0.034058,-0.015508,0.0032978,0.0032426,0.053197,0.010384,0.015353,-0.0030262,0.008205,0.008164,0.060612,0.017501,0.024385,-0.0012958,0.014697,0.014676,0.063068,0.023618,0.033178,-0.0004874,0.00096994,0.00079631,0.011591,-0.0025704,0.0053151,-0.017676,0.0024852,0.0021191,0.014779,-0.0019819,0.0083362,-0.021071,0.0045293,0.0038973,0.016477,-0.0014959,0.0092598,-0.025701,0.00031622,0.00028369,0.045308,0.0030934,0.016192,-0.0051844,0.00066795,0.00058321,0.030608,0.002051,0.021226,-0.0090552,0.0012225,0.0010227,0.027575,0.0020427,0.026905,-0.015533,1.05,746,"1"
-0.0015602,0.098274,0.099684,-0.94878,0.092789,-1.1983,0.263,-0.7232,2.7554,-0.26035,3.0623,0.0002171,2.4168,7.5671,0.10173,12.332,0.016665,0.94905,4.0732e+16,4.0732e+16,4.0732e+16,4.0732e+16,NA,NA,0.71213,0.32442,0.71213,0.23447,0.63069,0.15099,NA,NA,189,93.206,14383,1099000,13.483,184.09,115060,9040,3048,0.91285,0.93037,0.0070861,0.0057749,0.0083084,0.013255,2053.9,968.42,0.020743,0.0020891,0.067615,0.033455,0.0011868,0.0047912,0.0024976,0.0031878,0.27785,0.14534,0.12745,0.14201,0.46006,0.38667,0.15919,0.46696,0.35919,0.17505,0.49065,0.32023,6.3234,3.0933,92775,342600,342010,0.066358,0.055108,0.046687,0.12951,0.10775,0.047702,0.18528,0.15312,0.047665,0.24005,0.19664,0.048546,0.29159,0.23892,0.049477,0.0025531,0.0017579,0.019947,-0.0012114,0.0065365,-0.025067,0.0050951,0.003468,0.018981,-0.0022253,0.0088995,-0.034297,0.0082472,0.0055701,0.018281,-0.0033347,0.011423,-0.043178,0.0020023,0.0014137,0.038523,0.0044035,0.0080863,-0.02115,0.0041785,0.0028953,0.036814,0.0054362,0.010962,-0.030165,0.0068858,0.0047264,0.035241,0.0061517,0.014415,-0.038182,0.00049928,0.00030954,0.0071156,-0.0049252,0.00097956,-0.013344,0.00088997,0.00054829,0.0063121,-0.006957,0.00083412,-0.016588,0.0013485,0.00082808,0.0058508,-0.0089253,1.7123e-05,-0.020479,5.1529e-05,3.4694e-05,0.0088053,-0.0015086,0.0039277,-0.0061412,0.0002161,0.00014215,0.01181,-0.0017853,0.0070441,-0.0078949,0.00035841,0.00023216,0.009642,-0.0028902,0.010261,-0.0094102,0.99376,746,"0"
-0.0014803,0.15604,0.15409,-0.91962,0.15349,-0.86211,-0.062535,0.45916,2.8022,0.11163,3.1339,0.00024414,2.1235,5.3612,0.15648,7.3648,0.0099524,0.9215,4.2402e+16,4.2402e+16,4.2402e+16,4.2402e+16,NA,NA,0.26068,0.17575,0.26068,0.18063,0.27005,0.12982,NA,NA,402,23.216,3944,43997,16.804,305.69,31552,10520,4408,0.92042,0.94849,0.011071,0.0069285,0.010747,0.062032,2065.1,1287.1,0.018909,0.0021314,0.023638,0.031092,0.00076061,0.0062131,0.0015063,0.015193,1.3456,0.3309,0.73448,0.13254,0.44686,0.40998,0.15612,0.46351,0.3663,0.15431,0.46304,0.36833,9.0681,3.2798,10044,17656,13327,0.077647,0.080087,0.040642,0.15157,0.15582,0.041534,0.223,0.22903,0.04268,0.2924,0.29928,0.043992,0.35196,0.35883,0.044428,0.0067978,0.0067852,0.03951,0.011283,0.024391,-0.00093512,0.01416,0.014055,0.039244,0.015234,0.034455,-0.0050618,0.024194,0.023935,0.039898,0.019814,0.043776,-0.0094229,0.002236,0.0022044,0.032003,0.0048664,0.012664,-0.0042065,0.0053626,0.0052786,0.035149,0.008143,0.02025,-0.0067737,0.010378,0.010246,0.039512,0.01286,0.028977,-0.0074133,0.0040764,0.0041476,0.043221,0.0095765,0.016781,0.0067426,0.0079209,0.0080001,0.041794,0.012166,0.021519,0.0049702,0.012328,0.012369,0.039792,0.01396,0.023492,0.002026,0.00048533,0.00043314,0.061698,0.0055989,0.020875,-0.017202,0.0015229,0.0014048,0.061917,0.0084858,0.031179,-0.018195,0.0030182,0.0028208,0.060405,0.011081,0.041456,-0.020547,0.78648,746,"0"
-0.0063725,0.14774,0.13923,-0.92768,0.13644,-1.059,0.14151,0.53929,3.8795,0.018154,3.1284,0.00020253,2.1713,5.7624,0.14161,7.7153,0.010426,0.929,4.1531e+16,4.1531e+16,4.1531e+16,4.1531e+16,NA,NA,0.28839,0.26676,0.28839,0.24422,0.34702,0.14962,NA,NA,241,98.751,21633,1939900,15.413,238.7,173060,3616,1416,0.91498,0.93676,0.24634,0.17354,0.18481,0.62801,2335.7,1429.4,0.021758,0.0025829,0.029839,0.029708,0.0033474,0.01037,0.0070291,0.017557,0.74993,2.4933,1.3028,0.14902,0.47902,0.36204,0.18693,0.52474,0.27763,0.19048,0.52697,0.27204,6.0211,2.8964,10474,28191,24025,0.075192,0.075936,0.070588,0.15542,0.15883,0.076384,0.22763,0.23385,0.078139,0.29597,0.30382,0.079864,0.36286,0.37338,0.082151,0.010634,0.011167,0.11086,0.030232,0.036916,0.018632,0.022773,0.023899,0.1132,0.042512,0.052007,0.02502,0.037994,0.03955,0.11237,0.053183,0.064894,0.026189,0.0053036,0.0060217,0.13615,0.025669,0.029527,0.03622,0.011869,0.013461,0.13953,0.036674,0.04186,0.048926,0.020359,0.022769,0.13903,0.046516,0.053429,0.055211,0.0044318,0.0042876,0.084276,0.014762,0.018853,-0.007689,0.0093193,0.0089792,0.088194,0.021273,0.026104,-0.011656,0.015156,0.014487,0.087738,0.026337,0.030366,-0.017406,0.00089869,0.00085734,0.20491,0.016412,0.022893,-0.0051349,0.0021502,0.002036,0.1568,0.01793,0.031325,-0.0083439,0.0038771,0.0036791,0.13917,0.02085,0.040666,-0.01043,0.97818,746,"1"
-0.0063869,0.16838,0.16094,-0.91589,0.15628,-0.76011,-0.17008,-0.0073408,1.8274,0.025449,3.1641,0.0022708,2.2234,5.4849,0.1639,7.9844,0.01079,0.91778,4.1525e+16,4.1525e+16,4.1525e+16,4.1525e+16,NA,NA,0.38614,0.17511,0.38614,0.3375,0.54273,0.17145,NA,NA,244,81.332,18347,1377800,15.519,241.89,146780,1168,1128,0.91262,0.92883,0.10458,0.080061,0.047009,0.34194,1754.5,928.9,0.018846,0.0030262,0.030589,0.025257,0.00339,0.0055132,0.0061865,0.0058853,1.2174,0.80095,0.35123,0.14071,0.47074,0.37695,0.16518,0.50501,0.31483,0.16484,0.51595,0.30451,2.7292,3.0156,19055,59167,58104,0.083398,0.086668,0.066408,0.16809,0.17259,0.070071,0.25394,0.2544,0.07394,0.32437,0.3171,0.074242,0.37944,0.36414,0.072866,0.013966,0.013374,0.12349,0.039763,0.039178,-0.012,0.029669,0.028981,0.1251,0.055228,0.055825,-0.0090608,0.04928,0.048859,0.12363,0.068753,0.070929,-0.0041964,0.0056357,0.0053988,0.12271,0.025486,0.024497,-0.0076323,0.013036,0.012822,0.12999,0.037934,0.037331,-0.0042858,0.023672,0.023817,0.13711,0.051637,0.051916,0.0020857,0.0075303,0.007292,0.12146,0.028386,0.026964,-0.0066429,0.016062,0.015863,0.12893,0.041115,0.038502,-0.0035022,0.025296,0.025194,0.12421,0.048955,0.045418,-0.0013866,0.00080014,0.00068334,0.15475,0.013138,0.019209,-0.0097988,0.0017378,0.001467,0.10749,0.012556,0.024906,-0.014467,0.0030036,0.0024899,0.09145,0.013638,0.03134,-0.02045,1.3469,746,"1"
-0.0103,0.12985,0.1304,-0.93243,0.10444,-1.3485,0.44619,-0.20697,2.5242,-0.05852,3.1887,0.00041,1.1913,3.26,0.13317,4.0602,0.0054867,0.93327,3.851e+16,3.851e+16,3.851e+16,3.851e+16,NA,NA,0.53885,0.15801,0.53885,0.4024,0.61462,0.19606,NA,NA,233,74.742,14613,915730,15.122,230.11,116900,3680,1536,0.91292,0.93294,0.17475,0.13767,0.075817,0.57117,2384.7,1203.5,0.031834,0.0034663,0.040146,0.021969,0.0039712,0.021883,0.007679,0.029624,0.00098546,1.5963,2.1763,0.18135,0.46943,0.33943,0.27092,0.4933,0.22527,0.293,0.49201,0.20391,8.5601,2.7154,45388,145860,144900,0.053361,0.051015,0.037366,0.11483,0.11558,0.042097,0.19597,0.21116,0.050179,0.2838,0.31173,0.057123,0.35731,0.38902,0.060341,0.019138,0.032145,0.14882,0.054652,0.078638,0.19231,0.041286,0.066035,0.15308,0.0772,0.106,0.23322,0.068057,0.10547,0.15014,0.095357,0.12805,0.26878,0.013979,0.025868,0.26768,0.06857,0.098327,0.20609,0.031143,0.055128,0.27308,0.097031,0.13357,0.26062,0.052835,0.090305,0.26912,0.12168,0.1632,0.30448,0.0031217,0.0033797,0.044279,0.0068319,0.01084,0.0095292,0.0068442,0.0072909,0.048313,0.01089,0.014957,0.0099867,0.010467,0.010815,0.045196,0.011939,0.015912,0.0060553,0.0020374,0.0028975,0.34651,0.03512,0.047556,0.040837,0.005205,0.0068284,0.28312,0.042599,0.05806,0.043262,0.0095198,0.011737,0.25489,0.051326,0.068807,0.041902,0.83699,746,"0"
-0.0036651,0.32936,0.32872,-0.81905,0.32417,-0.72262,-0.11773,-0.25424,3.0302,-0.034262,3.1654,1.2075e-05,3.3879,5.6661,0.35657,8.3361,0.011265,0.82104,5.22e+16,5.22e+16,5.22e+16,5.22e+16,NA,NA,0.38767,0.19522,0.38767,0.46415,0.46774,0.18926,NA,NA,173,141.2,23408,3163500,13.037,170.97,187260,888,880,0.91194,0.92931,0.15952,0.11794,0.10968,0.46284,2905.3,1421.6,0.0289,0.0024724,0.026453,0.02619,0.0028723,0.00468,0.0038297,0.0048551,0.85604,1.1577,0.58854,0.1587,0.46845,0.35941,0.20245,0.50674,0.2719,0.2177,0.50484,0.25651,4.2376,2.8753,13399,42012,40655,0.075897,0.074245,0.070989,0.15223,0.14822,0.074545,0.22252,0.21558,0.076106,0.28647,0.27742,0.077021,0.33856,0.32919,0.076371,0.0024206,0.001793,0.025142,-0.0019198,0.0081231,-0.03705,0.0055976,0.0042698,0.027723,-0.0012965,0.01323,-0.047769,0.010275,0.0083654,0.030279,2.2385e-05,0.018973,-0.049281,0.0015486,0.0011769,0.039608,0.0022759,0.0070981,-0.027559,0.0036085,0.0028597,0.042265,0.0040454,0.011514,-0.033384,0.0068,0.0058802,0.046266,0.00687,0.017593,-0.029261,0.00087173,0.00061595,0.016516,-0.0037656,0.0032483,-0.025491,0.0020869,0.0014891,0.019678,-0.0038937,0.0051697,-0.035486,0.0035803,0.0025772,0.020651,-0.0044117,0.005578,-0.042977,3.2536e-07,2.0792e-07,7.3913e-05,-0.0028419,0.0066748,-0.005443,3.4077e-05,2.1873e-05,0.0024758,-0.0039448,0.011329,-0.011657,0.00021079,0.00013857,0.0075389,-0.0043583,0.017088,-0.016263,1.2048,746,"0"
-0.002306,0.12675,0.12381,-0.93596,0.12246,-1.0336,0.10435,-0.070291,2.0088,-0.0042342,3.1962,0.0014501,1.7678,4.9657,0.12641,6.8754,0.0092911,0.93667,4.0412e+16,4.0412e+16,4.0412e+16,4.0412e+16,NA,NA,0.38817,0.1143,0.38817,0.38567,0.45701,0.16602,NA,NA,218,108.42,21421,2102800,14.647,215.69,171370,2848,2656,0.91342,0.93225,0.22852,0.16707,0.1556,0.60619,3572.6,1800.1,0.022894,0.0025024,0.02507,0.025259,0.0040976,0.0066195,0.0068863,0.014335,0.81337,1.9264,0.82486,0.16199,0.45895,0.3625,0.20997,0.48826,0.2777,0.22664,0.4789,0.26325,5.0515,2.9,17252,50808,49383,0.072604,0.07697,0.066771,0.14998,0.15561,0.072211,0.22366,0.22998,0.075214,0.2883,0.29509,0.076211,0.3451,0.35277,0.07654,0.0064322,0.0055935,0.065687,0.013636,0.020648,-0.031059,0.012965,0.011637,0.063134,0.01731,0.028865,-0.032549,0.021192,0.020294,0.061402,0.020738,0.037477,-0.016912,0.0034578,0.0033049,0.086957,0.014023,0.018172,-0.0079581,0.0076671,0.0075397,0.088296,0.019869,0.026291,-0.0041354,0.013756,0.014507,0.092026,0.026929,0.037213,0.01786,0.0025162,0.0019265,0.046874,0.0047391,0.0083592,-0.034006,0.0046783,0.0035803,0.043371,0.005065,0.010998,-0.043581,0.0068014,0.0052277,0.038572,0.0040954,0.01133,-0.050368,0.00045823,0.00036203,0.10235,0.0068956,0.016101,-0.014872,0.001225,0.00098982,0.087512,0.008275,0.021957,-0.018956,0.0019464,0.0015857,0.068444,0.0074907,0.02735,-0.021622,1.0245,746,"1"
-0.022991,0.42903,0.40202,-0.77294,0.39376,-0.66215,-0.14333,0.043825,2.7725,0.074417,3.1813,7.9751e-05,4.2001,6.2751,0.44681,8.6374,0.011672,0.77555,5.3866e+16,5.3866e+16,5.3866e+16,5.3866e+16,NA,NA,0.30285,0.27891,0.30285,0.29657,0.4328,0.14252,NA,NA,228,68.079,10436,484310,14.579,217.17,83488,9944,4760,0.91395,0.9347,0.035214,0.026693,0.031709,0.13655,2130,1125.5,0.034883,0.0047263,0.031484,0.025327,0.0023242,0.014537,0.003896,0.021047,0.92252,0.7479,0.16502,0.13714,0.46383,0.38738,0.15567,0.48938,0.33879,0.15702,0.493,0.33353,7.7564,3.0991,36386,95780,94501,0.078632,0.067897,0.050845,0.14335,0.12082,0.048529,0.19214,0.15844,0.04543,0.22975,0.18636,0.042702,0.26085,0.20949,0.040679,0.014659,0.016794,0.10526,0.037985,0.041987,0.039443,0.028242,0.031311,0.096698,0.046634,0.053803,0.03885,0.043806,0.046897,0.089243,0.053133,0.063212,0.030761,0.0044125,0.0041058,0.078022,0.016617,0.01874,-0.010431,0.0092862,0.0086568,0.075192,0.021867,0.025695,-0.013964,0.015646,0.01446,0.073593,0.027042,0.032741,-0.019701,0.010043,0.012549,0.13155,0.036325,0.037563,0.05541,0.018591,0.022474,0.12118,0.044226,0.045855,0.059717,0.027822,0.032418,0.11094,0.049552,0.050346,0.056616,0.00020321,0.00013891,0.031915,0.0012408,0.010743,-0.012106,0.00078877,0.00054723,0.039618,0.0031815,0.019232,-0.020565,0.0017868,0.0012846,0.044179,0.0053467,0.028892,-0.025677,0.80104,746,"0"
-0.0099454,0.19343,0.17887,-0.90603,0.17761,-0.82991,-0.084017,-0.33008,2.9123,-0.063389,3.1788,1.2116e-05,1.666,3.8865,0.18325,4.9955,0.0067507,0.90805,4.2208e+16,4.2208e+16,4.2208e+16,4.2208e+16,NA,NA,0.20751,0.11023,0.20751,0.19637,0.29171,0.11073,NA,NA,274,50.88,6117,172650,12.441,171.95,48936,20192,14752,0.91778,0.94148,0.032533,0.022108,0.012549,0.15725,1646.8,895.34,0.023703,0.0025272,0.030073,0.035101,0.0017375,0.016349,0.0025043,0.030341,0.24121,1.0813,0.69564,0.13076,0.45213,0.40245,0.1433,0.47565,0.35442,0.14601,0.46913,0.35297,6.2421,3.2196,13812,27723,24722,0.079982,0.083333,0.048169,0.15345,0.1592,0.048383,0.22018,0.22774,0.048489,0.27241,0.27965,0.047157,0.3173,0.3224,0.046086,0.0042245,0.0038212,0.028252,0.0040929,0.016483,-0.023779,0.0093314,0.0084081,0.029758,0.0065522,0.023135,-0.033736,0.015245,0.013645,0.028927,0.0076104,0.029031,-0.044518,0.0016639,0.0014382,0.027401,0.0023881,0.0080172,-0.020454,0.0032504,0.0028412,0.024513,0.0021016,0.011249,-0.025013,0.0052771,0.0046864,0.023118,0.0019366,0.015414,-0.027815,0.0023404,0.0022099,0.028552,0.003086,0.011959,-0.01079,0.0057682,0.0053366,0.03502,0.0070992,0.016817,-0.02016,0.0094905,0.0086141,0.035247,0.0089889,0.018982,-0.030694,0.00022017,0.00017309,0.032205,0.0014862,0.013423,-0.014197,0.00067843,0.00053142,0.031738,0.0021591,0.020322,-0.020816,0.0012172,0.00096618,0.028029,0.0020352,0.027849,-0.025071,0.86282,746,"0"
-0.007367,0.27892,0.27028,-0.85402,0.26602,-0.74678,-0.12558,-0.061061,2.8448,0.030763,3.1884,0.00010965,4.1809,7.7366,0.29126,11.591,0.015664,0.85415,4.9998e+16,4.9998e+16,4.9998e+16,4.9998e+16,NA,NA,0.34484,0.22664,0.34484,0.33837,0.4192,0.16058,NA,NA,229,95.651,19840,1716600,15.024,226.82,158720,1560,1456,0.91256,0.92856,0.16201,0.12281,0.082819,0.47557,2510.9,1151.3,0.026183,0.00389,0.028919,0.024087,0.009046,0.017906,0.013038,0.026545,0.42735,0.73497,0.59219,0.13659,0.47745,0.37533,0.15616,0.52335,0.30677,0.15199,0.52308,0.31228,3.5828,3.0026,19961,63248,61893,0.081623,0.086257,0.069894,0.16397,0.17028,0.073508,0.24383,0.24769,0.076348,0.30588,0.30397,0.075288,0.35446,0.34599,0.073201,0.016596,0.016357,0.15781,0.051098,0.047437,-0.0048119,0.034044,0.033847,0.15436,0.067973,0.065335,-0.0025975,0.054183,0.05436,0.14618,0.080341,0.079879,0.0018146,0.0073121,0.0077664,0.17122,0.036416,0.035189,0.013786,0.015459,0.01619,0.16576,0.048502,0.047482,0.014237,0.02543,0.026571,0.1584,0.058503,0.059335,0.016866,0.0081858,0.0075313,0.14199,0.032722,0.027391,-0.01873,0.01679,0.015983,0.14493,0.045094,0.03917,-0.01494,0.026417,0.025681,0.1395,0.053662,0.047029,-0.010586,0.0010984,0.0010594,0.22845,0.019736,0.025858,-0.0032624,0.0028891,0.0026222,0.19217,0.024389,0.033719,-0.012132,0.0050229,0.0044567,0.16446,0.027403,0.040814,-0.018667,1.2216,746,"1"
-0.00038442,0.096654,0.096335,-0.95054,0.095826,-1.0197,0.072718,-0.2574,2.3689,-0.13625,3.1816,0.00041567,1.4808,4.9318,0.089933,6.9192,0.0093503,0.95479,3.8621e+16,3.8621e+16,3.8621e+16,3.8621e+16,NA,NA,0.45144,0.31616,0.45144,0.40231,0.43574,0.17759,NA,NA,289,57.443,7413,330840,11.916,144.31,59304,51288,3472,0.91806,0.94251,0.02515,0.016715,0.013782,0.10661,1690.6,972.56,0.027334,0.00259,0.031193,0.032196,0.0021108,0.014971,0.0019506,0.03228,0.27871,0.60354,0.21517,0.14081,0.4625,0.38569,0.17954,0.49978,0.30488,0.17934,0.50224,0.30196,5.3837,3.0855,9024.2,19538,15933,0.06928,0.0675,0.049616,0.13325,0.1287,0.049961,0.19324,0.18563,0.050605,0.24344,0.23262,0.050114,0.28375,0.26998,0.049008,0.011669,0.011846,0.092803,0.029837,0.034769,0.0068632,0.022785,0.023172,0.086404,0.037022,0.046881,0.010184,0.035927,0.036438,0.081063,0.042831,0.057194,0.010509,0.0059169,0.0058004,0.11587,0.025661,0.024514,-0.006331,0.011425,0.011315,0.10246,0.030388,0.032556,-0.0040791,0.018166,0.018105,0.094637,0.034902,0.041621,-0.0017416,0.0054944,0.0058098,0.079709,0.01766,0.021226,0.018108,0.011287,0.011829,0.081487,0.024474,0.028914,0.020155,0.017387,0.01809,0.076788,0.028079,0.032527,0.020336,0.00025811,0.00023631,0.044897,0.0023315,0.018618,-0.0063827,0.00095721,0.00093589,0.05325,0.0048677,0.027747,-0.0031021,0.0023027,0.0022814,0.063057,0.0087204,0.037056,-0.0018229,0.96133,746,"0"
-0.0088148,0.21081,0.20293,-0.89264,0.19707,-0.74096,-0.16992,0.3006,2.5364,0.10626,3.1693,0.00030809,2.2427,4.8548,0.21283,6.7609,0.0091363,0.89336,4.4024e+16,4.4024e+16,4.4024e+16,4.4024e+16,NA,NA,0.39281,0.12233,0.39281,0.37604,0.39816,0.1236,NA,NA,234,67.855,13623,792140,15.167,231.36,108980,2704,1984,0.9179,0.93771,0.017473,0.012428,0.0073268,0.079166,1160.2,716.53,0.012332,0.0012997,0.028643,0.030516,0.0020881,0.001495,0.0028697,0.0057167,0.065829,0.46965,0.67163,0.1598,0.44853,0.37983,0.23455,0.45178,0.29589,0.25151,0.45331,0.27635,2.5293,3.0386,15816,36491,34448,0.055579,0.052426,0.037378,0.11402,0.11044,0.040147,0.17857,0.17431,0.043914,0.24877,0.24536,0.048091,0.31894,0.31765,0.051729,0.0057493,0.0051098,0.042936,0.0093608,0.019417,-0.025277,0.012199,0.011016,0.043442,0.013096,0.027791,-0.030369,0.020569,0.018707,0.043582,0.016655,0.035251,-0.035723,0.0029916,0.0029215,0.055016,0.0094959,0.01569,-0.0041025,0.007593,0.0073457,0.063944,0.016675,0.024982,-0.0082738,0.013637,0.013121,0.066712,0.02264,0.033594,-0.012205,0.0027089,0.0021522,0.036904,0.0048814,0.010307,-0.030438,0.0046517,0.0037278,0.031536,0.0042359,0.012228,-0.036366,0.0067798,0.0054957,0.028117,0.0034397,0.012997,-0.041607,4.8769e-05,3.6056e-05,0.007966,-0.0015241,0.0098791,-0.010942,0.00032181,0.00024577,0.016811,-0.00082333,0.016175,-0.0144,0.00087713,0.00068411,0.022555,0.00018235,0.022021,-0.018961,1.2007,746,"1"
-0.023455,0.34937,0.32981,-0.81838,0.31119,-0.62393,-0.23761,0.47634,2.5992,0.091517,3.1398,0.0001493,2.8942,4.8179,0.35991,6.4931,0.0087745,0.81955,4.5058e+16,4.5058e+16,4.5058e+16,4.5058e+16,NA,NA,0.1943,0.22094,0.22094,0.24934,0.37667,0.16105,NA,NA,313,36.773,8576,234940,17.504,308.58,68608,2240,1728,0.9186,0.94008,0.025651,0.018252,0.054239,0.10248,1130.9,644.66,0.019605,0.0021597,0.036396,0.035792,0.0006008,0.0039505,0.00095605,0.010464,0.78857,0.66989,0.19749,0.12429,0.46099,0.40088,0.12179,0.49789,0.35594,0.11329,0.51121,0.34914,4.364,3.207,26913,54630,53080,0.067321,0.058312,0.036153,0.12784,0.11091,0.035942,0.1759,0.15124,0.034542,0.21276,0.18171,0.032842,0.23903,0.20291,0.030958,0.02933,0.046754,0.1749,0.077707,0.097074,0.28292,0.055844,0.086787,0.15879,0.09533,0.12089,0.34796,0.085956,0.1294,0.14543,0.10906,0.13871,0.39023,0.0048844,0.0053591,0.071726,0.017326,0.020862,0.018395,0.010116,0.01125,0.068029,0.022354,0.030253,0.02997,0.018008,0.019967,0.070344,0.029785,0.041343,0.037811,0.022476,0.039065,0.24449,0.08167,0.1024,0.31126,0.043914,0.074342,0.23773,0.10645,0.12987,0.38283,0.066904,0.11045,0.22156,0.1231,0.14631,0.43745,0.0019697,0.0023301,0.25691,0.029583,0.038146,0.024492,0.0051581,0.0059905,0.21517,0.036842,0.051493,0.031423,0.0094801,0.011029,0.19466,0.044623,0.065686,0.041495,0.95357,746,"0"
-0.0059657,0.11277,0.11025,-0.94319,0.10104,-1.2158,0.28902,-0.34921,2.71,-0.037473,3.1534,7.464e-05,1.5031,4.5081,0.11088,5.773,0.0078014,0.94442,4.0318e+16,4.0318e+16,4.0318e+16,4.0318e+16,NA,NA,0.37658,0.094906,0.37658,0.40915,0.41784,0.15529,NA,NA,191,143.49,25463,3390400,13.706,188.9,203700,2120,1896,0.90995,0.92844,0.30835,0.23482,0.18526,0.70467,4689.9,2458.1,0.037605,0.0035145,0.027327,0.024157,0.00073488,0.006559,0.00051315,0.011064,1.2782,1.7378,0.032304,0.15295,0.48078,0.35824,0.18278,0.52371,0.28646,0.19167,0.52392,0.27835,14.582,2.866,20679,71990,69600,0.061233,0.055306,0.063049,0.13413,0.12414,0.072305,0.21878,0.21192,0.082371,0.30695,0.31199,0.090846,0.38696,0.4038,0.09609,0.0051887,0.0043592,0.059328,0.0093496,0.016459,-0.029942,0.010871,0.0090317,0.05927,0.012747,0.023855,-0.043417,0.018463,0.015156,0.059896,0.016496,0.030498,-0.058524,0.0032719,0.0029705,0.092123,0.013651,0.015874,-0.013932,0.0068417,0.0060783,0.088216,0.017644,0.022257,-0.022552,0.011466,0.0099161,0.085877,0.021524,0.028513,-0.034755,0.0013705,0.000963,0.028585,-0.0012334,0.004452,-0.027847,0.0028598,0.0020263,0.029685,-0.0012698,0.0060906,-0.038309,0.0048833,0.0035483,0.031007,-0.0010043,0.0069022,-0.045263,0.00054641,0.00042567,0.13665,0.0092922,0.017159,-0.014045,0.0014179,0.0011075,0.11341,0.010864,0.024594,-0.020965,0.002763,0.0021683,0.10878,0.013832,0.03168,-0.027353,0.76238,746,"1"
-0.006028,0.264,0.25475,-0.86308,0.2544,-0.83108,-0.037079,-0.051161,2.748,-0.063516,3.1933,0.0001089,2.8302,5.4462,0.26933,7.4651,0.010088,0.86488,4.8134e+16,4.8134e+16,4.8134e+16,4.8134e+16,NA,NA,0.33839,0.23035,0.33839,0.20126,0.31762,0.14022,NA,NA,273,64,14842,807550,16.352,269.21,118740,5968,2056,0.91661,0.93926,0.1131,0.077561,0.081217,0.39176,1559.5,931.49,0.03398,0.0041293,0.021279,0.024584,0.0017054,0.011174,0.0039676,0.020449,0.95769,1.594,0.66493,0.14244,0.45758,0.38842,0.18298,0.47939,0.32048,0.18723,0.48082,0.31501,5.872,3.1074,13345,30117,26722,0.08177,0.081779,0.059942,0.1605,0.16077,0.061597,0.23003,0.23192,0.06166,0.2797,0.27972,0.058936,0.31671,0.31404,0.055992,0.0078322,0.0087791,0.063756,0.016964,0.027934,0.039934,0.016544,0.018329,0.064216,0.023446,0.039675,0.048885,0.028001,0.030481,0.064671,0.029961,0.050779,0.050835,0.004775,0.0059769,0.095717,0.019706,0.026791,0.065352,0.010488,0.012834,0.096276,0.027495,0.037834,0.080868,0.017944,0.0214,0.095684,0.034749,0.048812,0.087947,0.0030331,0.0027825,0.045039,0.006588,0.012115,-0.016858,0.0059614,0.0054066,0.044054,0.0084416,0.016013,-0.024625,0.0093064,0.008401,0.04207,0.0095074,0.017734,-0.031398,2.4153e-05,1.9669e-05,0.0043003,-0.0020577,0.010873,-0.011018,0.00033301,0.00027599,0.018963,-0.00075846,0.019382,-0.015286,0.0012592,0.0010999,0.035295,0.0025049,0.02928,-0.017354,0.92822,746,"0"
-0.0090536,0.48021,0.48221,-0.71912,0.46383,-0.57871,-0.19526,-1.7663,9.0886,-0.23948,2.9796,0.0021273,7.1681,9.6174,0.55403,15.167,0.020496,0.72165,5.7124e+16,5.7124e+16,5.7124e+16,5.7124e+16,NA,NA,0.22452,0.15955,0.22452,0.29526,0.3172,0.18297,NA,NA,272,67.824,16171,960660,16.37,269.32,129370,3568,2176,0.91616,0.9373,0.063681,0.044984,0.038194,0.23474,1559,842.83,0.020791,0.001698,0.026924,0.024014,0.0039043,0.0091084,0.0057578,0.015422,0.144,0.54989,0.60374,0.15822,0.45662,0.37265,0.22211,0.4743,0.28556,0.23182,0.47702,0.27103,4.469,2.9812,21220,52858,50861,0.06715,0.066367,0.05116,0.13551,0.13371,0.054049,0.20562,0.20233,0.057283,0.2766,0.27194,0.060574,0.33472,0.32792,0.061502,0.0046304,0.0043634,0.039174,0.0060431,0.017004,-0.011912,0.0096716,0.0095283,0.039017,0.0081679,0.024405,-0.0042169,0.01673,0.017164,0.040159,0.01114,0.031893,0.0095009,0.0030894,0.0031431,0.064362,0.010669,0.015523,0.0029882,0.0068833,0.0073165,0.06567,0.015257,0.024327,0.015312,0.01228,0.013635,0.068058,0.020571,0.034353,0.034817,0.0014712,0.0011656,0.022705,-0.00058519,0.0072253,-0.024029,0.0028802,0.0023051,0.022121,-0.0010239,0.0090718,-0.030017,0.0046314,0.0037253,0.02176,-0.0014611,0.0092773,-0.036909,6.985e-05,5.4749e-05,0.012925,-0.0012185,0.0099357,-0.0074971,0.00036213,0.00029502,0.021431,-0.00050296,0.014737,-0.011757,0.0010089,0.00082603,0.02939,0.0010083,0.019674,-0.017246,1.1238,746,"1"
-0.0071101,0.12327,0.12005,-0.93797,0.1076,-1.2401,0.32211,-0.15138,2.6147,-0.060222,3.1929,0.00015,1.1406,3.2767,0.12085,4.1668,0.0056307,0.93941,4.0709e+16,4.0709e+16,4.0709e+16,4.0709e+16,NA,NA,0.40693,0.099361,0.40693,0.34062,0.61017,0.18621,NA,NA,208,126.41,14064,1181200,11.307,137.69,112510,54104,12056,0.90813,0.92475,0.29356,0.23372,0.13968,0.67552,6694,2664.8,0.031859,0.0036304,0.037122,0.026288,0.00030928,0.0049947,0.0010409,0.0074091,0.72671,1.0278,0.29539,0.14533,0.48452,0.36153,0.16199,0.5303,0.29952,0.17179,0.52959,0.29093,16.476,2.8922,45032,185190,183970,0.069208,0.068615,0.068914,0.13983,0.13955,0.072896,0.22005,0.22706,0.080122,0.29871,0.31483,0.085497,0.36927,0.39264,0.088676,0.0059262,0.0044103,0.065527,0.012166,0.013974,-0.041674,0.012399,0.0094309,0.065377,0.016548,0.02075,-0.052959,0.020694,0.016105,0.064921,0.020622,0.027454,-0.062075,0.0028912,0.002265,0.078725,0.010972,0.010602,-0.024913,0.0064024,0.0050365,0.079831,0.015552,0.016411,-0.034262,0.011452,0.0091981,0.082947,0.021113,0.023862,-0.041418,0.0027543,0.0019294,0.055556,0.0062157,0.0074755,-0.033398,0.0057856,0.0041832,0.058076,0.0092504,0.011074,-0.04148,0.0093539,0.0069285,0.057437,0.011259,0.013081,-0.04809,0.00028057,0.00021587,0.067855,0.0032582,0.0092476,-0.0085413,0.00070093,0.00055907,0.054215,0.0030342,0.013391,-0.010876,0.0012744,0.0010198,0.048521,0.0030398,0.017644,-0.014014,0.77343,746,"1"
-0.012845,0.23767,0.23411,-0.87497,0.21352,-0.61549,-0.29656,0.01043,1.8243,0.021208,3.1679,0.0021401,2.8645,5.7544,0.24714,7.8454,0.010602,0.87611,4.0832e+16,4.0832e+16,4.0832e+16,4.0832e+16,NA,NA,0.22219,0.13294,0.22219,0.19412,0.42244,0.1189,NA,NA,273,38.194,9024,297770,16.403,270.37,72192,1632,1224,0.91796,0.94261,0.0012456,0.00085563,0.0072319,0.033239,935.79,565.86,0.015548,0.0017647,0.030295,0.030859,0.0018108,0.015086,0.00087313,0.019794,1.5419,1.5508,0.25217,0.12295,0.45792,0.40703,0.11953,0.49709,0.36264,0.11234,0.50969,0.35705,4.1033,3.2562,18665,34458,32409,0.059045,0.052966,0.029566,0.11041,0.098282,0.028945,0.1545,0.13652,0.028289,0.18783,0.16475,0.027035,0.21343,0.18616,0.025774,0.025408,0.035921,0.14128,0.063861,0.071672,0.22119,0.049341,0.067969,0.13083,0.079965,0.091185,0.26955,0.077469,0.10374,0.12221,0.093456,0.10693,0.29972,0.0027735,0.0028658,0.037976,0.0071853,0.013533,0.0059691,0.0063815,0.0071956,0.040014,0.010878,0.021569,0.033247,0.012115,0.014263,0.044126,0.016253,0.031366,0.062185,0.020109,0.029567,0.20397,0.069893,0.073023,0.22514,0.039592,0.057367,0.19985,0.09182,0.09506,0.28484,0.061163,0.086429,0.18886,0.10773,0.10844,0.32002,0.0025248,0.0034884,0.30707,0.037172,0.045214,0.067877,0.0064414,0.0078691,0.25054,0.045176,0.055364,0.058469,0.012087,0.014512,0.23142,0.056056,0.070746,0.069552,0.93911,746,"0"
-0.02421,0.57958,0.56218,-0.66111,0.55234,-0.57363,-0.13233,1.6064,9.0096,0.097365,3.0477,0.0012832,6.5786,7.9925,0.67567,13.253,0.017909,0.66151,5.9312e+16,5.9312e+16,5.9312e+16,5.9312e+16,NA,NA,0.18837,0.24456,0.24456,0.23139,0.26203,0.13442,NA,NA,269,76.591,14674,817910,15.738,253.74,117390,16936,6808,0.91487,0.93506,0.098272,0.069744,0.060609,0.33342,1733.4,1003.6,0.02029,0.0021339,0.02888,0.026585,0.0046744,0.0011186,0.0082579,0.0012121,0.86743,1.3769,0.4106,0.14118,0.47094,0.37786,0.17295,0.51165,0.30443,0.17246,0.51968,0.2975,4.6451,3.0229,13039,34079,31900,0.08355,0.087307,0.069666,0.16357,0.17037,0.071403,0.2341,0.24034,0.071376,0.30309,0.30807,0.072644,0.35716,0.35915,0.071823,0.0077046,0.0073867,0.071338,0.017654,0.025697,-0.011989,0.016518,0.015885,0.072932,0.024989,0.037178,-0.015336,0.027899,0.027151,0.073292,0.031822,0.048231,-0.013588,0.0031176,0.0031554,0.071085,0.011341,0.017368,0.0022766,0.0074244,0.007455,0.077521,0.017991,0.02653,0.0011233,0.013732,0.013937,0.083291,0.02554,0.037073,0.0053436,0.0042225,0.0038983,0.071321,0.012864,0.015965,-0.016339,0.0082977,0.0076756,0.069747,0.016668,0.021117,-0.020671,0.012324,0.011381,0.063368,0.0177,0.023154,-0.024882,0.00036443,0.00033304,0.073804,0.0046648,0.015193,-0.0063581,0.0012057,0.0011112,0.078092,0.0076805,0.024235,-0.008876,0.0026617,0.0025498,0.084864,0.011753,0.034875,-0.0067803,1.1309,746,"1"
-0.00068882,0.15554,0.15598,-0.91859,0.15319,-0.7957,-0.13378,-0.32596,2.4396,-0.19863,3.1499,0.00049752,2.9734,7.3855,0.16166,10.856,0.01467,0.91903,4.2834e+16,4.2834e+16,4.2834e+16,4.2834e+16,NA,NA,0.26947,0.11633,0.26947,0.2106,0.45152,0.12024,NA,NA,338,51.237,12530,468440,17.986,327.95,100240,9344,3720,0.91777,0.94057,0.12208,0.082701,0.094704,0.41755,1969.6,1075.5,0.020379,0.0020768,0.023874,0.022474,0.000148,0.00039012,0.0035182,0.0027066,0.95653,1.6138,0.59328,0.14496,0.46304,0.38138,0.1862,0.49583,0.30516,0.18929,0.49342,0.30457,4.1061,3.051,9249.8,21050,17331,0.074609,0.074539,0.056644,0.14814,0.14885,0.058881,0.22097,0.2235,0.061344,0.28595,0.29123,0.062402,0.34397,0.35022,0.06298,0.010198,0.011071,0.085979,0.02558,0.034423,0.034186,0.020675,0.021695,0.083114,0.03332,0.046148,0.026053,0.032678,0.033579,0.078164,0.038545,0.055472,0.017999,0.005142,0.0057574,0.10675,0.022114,0.026591,0.0331,0.010132,0.011086,0.096324,0.026734,0.034759,0.034777,0.016544,0.017618,0.091365,0.03171,0.04338,0.030088,0.0045356,0.0048034,0.069753,0.013721,0.0185,0.015998,0.0094621,0.0096095,0.072417,0.019521,0.02469,0.0055047,0.014528,0.014567,0.068015,0.02212,0.02735,0.0011687,0.00052083,0.00051051,0.096038,0.0074521,0.020796,-0.0020268,0.0014517,0.0013657,0.08561,0.0096004,0.028703,-0.0085744,0.0026616,0.0024206,0.077265,0.011199,0.036377,-0.017014,1.0359,746,"1"
-0.054395,0.83085,0.79827,-0.44795,0.75658,-0.34558,-0.22853,-1.336,7.9282,-0.11861,3.0755,0.0012046,4.084,3.891,1.0987,5.1174,0.0069154,0.44883,6.2812e+16,6.2812e+16,6.2812e+16,6.2812e+16,NA,NA,0.55077,0.3134,0.55077,0.17057,0.54559,0.14167,NA,NA,244,59.742,8160,326500,12.73,172.57,65280,29256,3144,0.9156,0.93606,0.11068,0.081519,0.043209,0.39433,1811,935.7,0.031111,0.0039299,0.035352,0.028506,0.00076933,0.0042862,0.00092578,0.0088014,0.13014,0.59824,0.92862,0.14557,0.45971,0.37938,0.17871,0.47895,0.31619,0.18706,0.47808,0.30209,5.4886,3.035,34341,79616,77963,0.080514,0.075363,0.050322,0.14941,0.13758,0.048889,0.20642,0.18659,0.047175,0.25269,0.22643,0.045397,0.29705,0.26355,0.044774,0.009304,0.0084956,0.064572,0.020314,0.026198,-0.02232,0.021742,0.020535,0.071952,0.032373,0.04022,-0.020174,0.036989,0.03557,0.072835,0.041606,0.05176,-0.017531,0.0024546,0.0020318,0.041951,0.0064321,0.012275,-0.024413,0.0069129,0.0058769,0.054104,0.013882,0.020342,-0.031164,0.012829,0.011156,0.058323,0.01989,0.027969,-0.035103,0.0067312,0.0063734,0.085219,0.021702,0.021396,-0.011386,0.014868,0.014711,0.093677,0.032948,0.03255,-0.0031447,0.024331,0.02459,0.093778,0.041172,0.040036,0.003872,0.00011818,9.0376e-05,0.01794,-0.00026026,0.01311,-0.0085696,0.00053504,0.00041716,0.025975,0.00099683,0.019893,-0.014332,0.0016894,0.0013721,0.040374,0.0047109,0.028228,-0.020977,0.88352,746,"0"
-0.0048637,0.29673,0.29951,-0.83671,0.28571,-0.65714,-0.21462,0.61287,3.2225,0.13957,3.1293,5.533e-05,3.2738,5.7569,0.32252,8.2776,0.011186,0.83823,4.8803e+16,4.8803e+16,4.8803e+16,4.8803e+16,NA,NA,0.27536,0.1488,0.27536,0.29484,0.61141,0.1675,NA,NA,294,55.265,13401,612500,16.927,288.89,107210,7408,2056,0.9169,0.93847,0.085509,0.059524,0.04751,0.33639,2421.7,1050.1,0.016649,0.0017749,0.030487,0.02824,0.003905,0.0074207,0.007735,0.013114,1.2762,0.72224,0.23837,0.15395,0.45941,0.37525,0.2208,0.48741,0.27546,0.22681,0.4917,0.26502,4.6711,3.002,15318,34673,31952,0.063505,0.063091,0.044225,0.1235,0.12212,0.045028,0.18268,0.17863,0.046518,0.2435,0.23648,0.048743,0.29684,0.28655,0.049854,0.0056027,0.0051505,0.043327,0.0090365,0.01745,-0.02173,0.012097,0.011072,0.044608,0.013109,0.026886,-0.030463,0.019861,0.018051,0.043577,0.01579,0.034882,-0.04114,0.0037444,0.0035634,0.071304,0.013689,0.016967,-0.010661,0.0080904,0.0077137,0.070553,0.01866,0.024849,-0.01368,0.013355,0.012675,0.067655,0.022343,0.032556,-0.018864,0.0018084,0.0015501,0.025511,0.00094727,0.0067175,-0.021537,0.0037476,0.003168,0.026309,0.0016121,0.010017,-0.030295,0.0056784,0.0047611,0.024386,0.00099107,0.011034,-0.037997,4.9921e-05,3.7012e-05,0.0084438,-0.0015303,0.0094967,-0.0089682,0.00032875,0.00024447,0.017784,-0.00077649,0.017936,-0.019554,0.001123,0.00084777,0.029904,0.0016365,0.026937,-0.028719,1.0134,746,"1"
-0.034798,0.85338,0.83148,-0.40916,0.81024,-0.34376,-0.15983,-0.44069,2.9719,-0.07648,3.1335,4.4732e-08,3.2441,2.9854,1.1777,3.8154,0.005156,0.40965,6.6289e+16,6.6289e+16,6.6289e+16,6.6289e+16,NA,NA,0.21689,0.15701,0.21689,0.20712,0.20788,0.11739,NA,NA,250,54.376,10152,413410,15.548,244.4,81216,4912,2488,0.9172,0.94052,0.16055,0.11233,0.1038,0.58447,2914.8,1301.8,0.015941,0.0019383,0.042225,0.050919,0.00035126,0.013065,0.0021673,0.027426,1.3549,2.4231,1.3627,0.15447,0.43619,0.39966,0.21419,0.42226,0.35239,0.23112,0.42022,0.33822,12.661,3.1973,26548,54417,52365,0.036911,0.03187,0.02188,0.07743,0.067903,0.02403,0.13263,0.12097,0.028748,0.20241,0.18864,0.034489,0.28263,0.2651,0.040406,0.0050616,0.0044411,0.033319,0.0066496,0.018426,-0.030544,0.011899,0.010616,0.03735,0.011675,0.027632,-0.038007,0.020898,0.018858,0.039031,0.016115,0.036681,-0.044087,0.0030357,0.0028705,0.049208,0.0091206,0.014289,-0.010395,0.0069759,0.006699,0.051783,0.01371,0.022458,-0.010658,0.012692,0.01221,0.05473,0.019046,0.031692,-0.013433,0.0017622,0.0013729,0.02116,0.00068223,0.0085941,-0.032353,0.0040754,0.0032716,0.024354,0.0023866,0.011533,-0.040129,0.006578,0.0053659,0.024046,0.0028016,0.012453,-0.045176,0.00026375,0.00019774,0.037975,0.0022124,0.016333,-0.019223,0.0010743,0.00081891,0.049468,0.0053758,0.024709,-0.027163,0.0022632,0.0017718,0.051299,0.0077038,0.033724,-0.032763,0.7908,746,"0"
-0.0085832,0.46582,0.47152,-0.72653,0.44462,-0.55298,-0.23888,0.03057,2.7893,-0.054321,3.1803,6.527e-05,2.6266,3.5622,0.5422,4.77,0.006446,0.72799,5.6952e+16,5.6952e+16,5.6952e+16,5.6952e+16,NA,NA,0.25837,0.15804,0.25837,0.22491,0.259,0.1366,NA,NA,303,45.677,10368,356170,17.12,296.29,82944,4200,3792,0.91822,0.94232,0.14599,0.098724,0.10435,0.53162,2754.4,1255.5,0.016489,0.0020144,0.034234,0.036473,0.0020039,0.0046146,0.0018087,0.0063962,0.072758,1.2019,1.0117,0.13144,0.45463,0.40395,0.14534,0.47806,0.36446,0.14099,0.48421,0.36226,10.873,3.2316,19051,38293,34731,0.072481,0.074888,0.045209,0.15073,0.15728,0.049219,0.23719,0.24792,0.054096,0.32476,0.34114,0.058224,0.40775,0.43014,0.061335,0.004641,0.003923,0.032145,0.0054891,0.017757,-0.043096,0.0095368,0.0081542,0.031497,0.0070948,0.026166,-0.053054,0.015421,0.013334,0.030304,0.0080207,0.03349,-0.062223,0.0025852,0.0021887,0.044094,0.007085,0.013158,-0.031314,0.004924,0.0042192,0.038459,0.0074988,0.018543,-0.037061,0.0078444,0.0068386,0.035591,0.0080569,0.024201,-0.041985,0.0015384,0.0013006,0.019437,-0.00024448,0.0075882,-0.02487,0.0032566,0.0027519,0.020477,0.00013829,0.01083,-0.032979,0.0049441,0.0041844,0.019017,-0.00064544,0.011821,-0.03894,0.0005174,0.00043376,0.078383,0.0066797,0.020703,-0.017101,0.0014997,0.0012931,0.072659,0.0090841,0.030383,-0.021218,0.0030281,0.002628,0.072219,0.012171,0.040489,-0.027823,0.79829,746,"0"
-0.0077317,0.2683,0.26462,-0.85734,0.25532,-0.69666,-0.18742,-0.079672,2.3151,-0.050049,3.1953,0.00061867,2.906,5.4733,0.28114,7.4442,0.01006,0.85898,4.832e+16,4.832e+16,4.832e+16,4.832e+16,NA,NA,0.13643,0.14546,0.14546,0.15292,0.16308,0.10556,NA,NA,289,50.19,12446,535240,16.882,286.32,99568,1736,1688,0.91621,0.93642,0.10437,0.076566,0.04715,0.40911,1890,903.32,0.020964,0.0028612,0.029875,0.023906,0.0074409,0.0067604,0.010722,0.0058657,0.53696,0.65182,0.33518,0.14119,0.46547,0.38239,0.17522,0.50362,0.30604,0.17123,0.50415,0.31001,3.5041,3.0591,17619,41824,40524,0.079877,0.083436,0.051401,0.16188,0.16732,0.054536,0.23718,0.23864,0.055809,0.29846,0.29288,0.055207,0.34521,0.33338,0.053573,0.012299,0.011706,0.087886,0.030277,0.034039,-0.014333,0.025995,0.024868,0.088576,0.041795,0.048142,-0.017343,0.042471,0.041108,0.086105,0.050892,0.059905,-0.016094,0.0048407,0.0048257,0.08518,0.018773,0.02053,-0.00058034,0.011302,0.011301,0.091075,0.028371,0.03122,-2.112e-05,0.021076,0.02139,0.098654,0.04005,0.044161,0.0053258,0.0067841,0.0063767,0.088431,0.022254,0.023134,-0.01322,0.013863,0.012992,0.08993,0.030558,0.0312,-0.01799,0.020801,0.019432,0.082544,0.034055,0.034545,-0.022393,0.00067426,0.00050326,0.10538,0.0095577,0.02047,-0.018551,0.001589,0.0012271,0.079428,0.0099911,0.028043,-0.022346,0.0028673,0.0022927,0.070551,0.011457,0.035122,-0.026515,1.0271,746,"1"
-0.011011,0.37307,0.36451,-0.79687,0.354,-0.66152,-0.16985,-0.54791,4.3849,-0.044782,3.1067,0.00065205,3.5195,5.5253,0.40465,7.4961,0.01013,0.7973,5.194e+16,5.194e+16,5.194e+16,5.194e+16,NA,NA,0.20888,0.18831,0.20888,0.1911,0.30734,0.14109,NA,NA,341,46.284,11577,396590,18.05,330.42,92616,9144,3912,0.91854,0.94321,0.10251,0.067456,0.079309,0.38907,2090.8,1114.5,0.019001,0.0020993,0.026029,0.031302,0.0034803,0.0012269,0.0041552,0.00061227,0.43522,0.30407,0.71492,0.14894,0.44376,0.39703,0.21264,0.45003,0.32372,0.22681,0.44434,0.31483,5.5159,3.1762,7504.6,15897,12563,0.05875,0.058633,0.042313,0.11701,0.11607,0.044119,0.17831,0.17732,0.046959,0.23913,0.23869,0.049505,0.29864,0.29945,0.051872,0.010003,0.010379,0.079997,0.024228,0.030737,0.017692,0.021832,0.022715,0.083259,0.035011,0.04462,0.025949,0.035662,0.037025,0.080921,0.042514,0.056196,0.030395,0.0043342,0.004487,0.085358,0.017133,0.020427,0.011362,0.010656,0.011171,0.096107,0.027829,0.032345,0.022043,0.0191,0.020248,0.10007,0.037385,0.044785,0.035363,0.0054421,0.0056969,0.079395,0.017476,0.020336,0.015805,0.010755,0.011209,0.078087,0.022929,0.026783,0.018399,0.015759,0.016197,0.069989,0.024386,0.029138,0.014213,0.00022641,0.00019475,0.039606,0.0017453,0.014281,-0.012292,0.00086625,0.00076482,0.048462,0.0040611,0.022752,-0.016173,0.0018876,0.0016426,0.051983,0.0062552,0.030939,-0.024131,0.94575,746,"1"
-0.030001,0.78504,0.78248,-0.46527,0.7434,-0.3613,-0.22346,-0.5216,4.333,-0.088747,3.1312,0.00016246,4.4442,4.3093,1.0607,5.9812,0.0080827,0.46698,6.2732e+16,6.2732e+16,6.2732e+16,6.2732e+16,NA,NA,0.14376,0.15013,0.15013,0.1879,0.22984,0.12968,NA,NA,300,42.763,6555,159400,14.918,238.32,52440,16256,6936,0.91809,0.94287,0.038543,0.026122,0.018858,0.17708,1753.1,974.3,0.018565,0.0017865,0.025407,0.029382,0.0013319,0.0069387,0.0060494,0.012802,1.642,1.6752,0.45155,0.15196,0.45641,0.38033,0.21949,0.47999,0.28383,0.2314,0.48282,0.26902,6.3499,3.0427,19561,38760,36522,0.0616,0.05776,0.035915,0.12554,0.11835,0.038319,0.1927,0.18079,0.041081,0.26336,0.24645,0.044135,0.33131,0.31188,0.046585,0.0045563,0.0045872,0.029499,0.0050435,0.018932,0.001692,0.010796,0.011438,0.033329,0.0093708,0.029361,0.021089,0.019467,0.021184,0.035758,0.013829,0.039891,0.04067,0.0031144,0.0033796,0.049653,0.0094276,0.016672,0.017879,0.007789,0.0089212,0.056867,0.016109,0.025818,0.044274,0.014367,0.016909,0.060933,0.022723,0.036048,0.070008,0.0013157,0.0011098,0.015538,-0.0011448,0.0067314,-0.020079,0.0026393,0.0022299,0.015512,-0.0015501,0.0097208,-0.026022,0.0042707,0.0035993,0.015355,-0.0020255,0.01098,-0.033,0.00012623,9.7773e-05,0.017874,-0.00011605,0.018566,-0.0121,0.00042416,0.00032805,0.019209,6.3812e-05,0.027248,-0.015885,0.00095389,0.00077043,0.021265,0.00058315,0.036411,-0.021054,0.91056,746,"1"
-0.030809,0.96797,0.94831,-0.22454,0.92574,-0.1899,-0.15427,-0.26724,6.3463,0.02648,3.1143,0.00081576,9.3939,7.5383,1.5487,10.657,0.014401,0.22455,6.9585e+16,6.9585e+16,6.9585e+16,6.9585e+16,NA,NA,0.30881,0.3417,0.3417,0.2151,0.23365,0.14568,NA,NA,225,101.13,20623,1888200,14.886,222.72,164980,3120,1928,0.91452,0.93079,0.15399,0.11411,0.085367,0.45625,2458.1,1376.3,0.033315,0.0028282,0.03369,0.025806,0.0024113,0.01626,0.003257,0.024822,0.034167,0.26978,0.6128,0.16981,0.4536,0.36237,0.23399,0.4669,0.27825,0.25099,0.46166,0.26233,5.546,2.8989,23687,71304,69604,0.058655,0.056731,0.051943,0.12268,0.1168,0.056878,0.18889,0.17728,0.061166,0.25717,0.24169,0.065463,0.31874,0.30182,0.068072,0.0068404,0.0079406,0.067266,0.014924,0.024555,0.036616,0.01416,0.015885,0.066399,0.019934,0.033503,0.037366,0.023483,0.025494,0.065517,0.024602,0.041521,0.033205,0.0057076,0.0070979,0.13821,0.027351,0.033446,0.051201,0.012207,0.014442,0.13537,0.036883,0.04392,0.052328,0.020498,0.02328,0.13204,0.045534,0.054008,0.049162,0.0011249,0.00083715,0.020179,-0.0023817,0.0018853,-0.02223,0.0019144,0.0014131,0.01709,-0.0043682,0.0028199,-0.028396,0.0028506,0.002108,0.015567,-0.0061703,0.0024123,-0.03406,7.8952e-06,5.541e-06,0.0016981,-0.0026053,0.011585,-0.0051452,6.8061e-05,4.9303e-05,0.0046818,-0.0034942,0.015969,-0.0074906,0.00025387,0.00018476,0.0085965,-0.0039497,0.020747,-0.012644,1.0951,746,"0"
-0.088972,0.9965,0.9441,-0.23374,0.91916,-0.19575,-0.16254,-0.70326,4.5166,-0.11699,3.1292,0.00021561,3.948,3.1886,1.529,4.1728,0.0056389,0.23391,6.2871e+16,6.2871e+16,6.2871e+16,6.2871e+16,NA,NA,0.15439,0.18609,0.18609,0.18959,0.19076,0.12072,NA,NA,221,79.136,12624,743170,14.067,204.28,100990,15112,11472,0.91579,0.93586,0.090326,0.065126,0.035899,0.34364,1691.5,890.36,0.023305,0.0032871,0.027753,0.030844,0.0059351,0.023426,0.010934,0.043486,0.28481,0.0073851,0.49333,0.13629,0.46999,0.38217,0.15825,0.50808,0.31865,0.15839,0.51202,0.3137,5.0339,3.0574,19295,47223,44899,0.0903,0.091903,0.064497,0.1726,0.1751,0.064543,0.23665,0.23496,0.061806,0.2886,0.28144,0.059251,0.33358,0.32131,0.057461,0.0061217,0.0057531,0.048554,0.010921,0.020214,-0.013382,0.013018,0.012283,0.049235,0.015321,0.029871,-0.017414,0.022255,0.021541,0.050081,0.019988,0.03921,-0.01263,0.0025447,0.0026307,0.049701,0.0073735,0.013788,0.0048855,0.0058216,0.005919,0.052069,0.011118,0.021152,0.0035006,0.010852,0.011304,0.056384,0.016276,0.030317,0.011505,0.0032261,0.0028266,0.046676,0.0073743,0.011506,-0.019517,0.0059358,0.005146,0.042739,0.0082529,0.01475,-0.026664,0.0086741,0.0075113,0.038206,0.0079215,0.015306,-0.031749,0.00035098,0.00029581,0.060887,0.0040585,0.015853,-0.010931,0.0013998,0.0013196,0.077663,0.008839,0.026248,-0.0062081,0.0030202,0.0029469,0.082484,0.012998,0.036716,-0.0036182,1.0132,746,"0"
-0.0083434,0.29739,0.28649,-0.84447,0.28649,-0.84739,0.0034552,-0.71222,3.5986,-0.1642,3.0969,0.00014656,2.8341,5.0872,0.30954,7.5883,0.010254,0.84494,5.1105e+16,5.1105e+16,5.1105e+16,5.1105e+16,NA,NA,0.30446,0.20513,0.30446,0.40527,0.44752,0.18044,NA,NA,267,46.637,7949,249650,14.991,235.43,63592,12744,8400,0.91654,0.93966,0.021528,0.015328,0.0015377,0.1038,1043,657.28,0.01525,0.0018826,0.034185,0.030413,0.0037989,0.003268,0.0080298,0.0059402,0.62339,1.4918,1.1688,0.12633,0.45607,0.40457,0.13165,0.47684,0.36748,0.12431,0.47901,0.37268,4.0913,3.2366,18316,38359,36394,0.081842,0.083557,0.046561,0.14711,0.14858,0.043815,0.19604,0.19452,0.040783,0.23565,0.22859,0.038536,0.26466,0.25257,0.036313,0.015266,0.015899,0.096446,0.037423,0.039163,0.014027,0.029449,0.031009,0.088713,0.046071,0.05156,0.023648,0.045814,0.048344,0.082118,0.052754,0.062333,0.030204,0.002966,0.0028455,0.046143,0.0085957,0.012988,-0.0059226,0.0058013,0.005608,0.041329,0.0098359,0.017392,-0.0066463,0.010442,0.010009,0.043212,0.013561,0.024083,-0.010923,0.011492,0.012246,0.13244,0.039869,0.035313,0.019586,0.022967,0.024838,0.13172,0.053213,0.047936,0.031921,0.034695,0.037822,0.12172,0.060549,0.055348,0.042347,0.00080806,0.00080693,0.11166,0.011194,0.02434,-0.00011937,0.0023061,0.0022957,0.10191,0.015121,0.033919,-0.00059413,0.004607,0.0046636,0.10022,0.020016,0.044303,0.0021687,1.0328,746,"0"
-0.0026839,0.21286,0.20874,-0.88937,0.20855,-0.86197,-0.030803,0.74173,3.7945,0.13631,3.1331,1.7637e-07,3.516,7.5481,0.21641,11.396,0.0154,0.89141,4.8634e+16,4.8634e+16,4.8634e+16,4.8634e+16,NA,NA,0.4499,0.20896,0.4499,0.33889,0.59144,0.20937,NA,NA,220,73.3,14353,935650,14.696,217.32,114820,3176,2408,0.91574,0.93473,0.097339,0.071975,0.053179,0.37565,1713.7,965.4,0.017023,0.0018929,0.029798,0.029207,0.0030243,0.00046603,0.0053671,0.0024697,0.10347,0.29654,0.016411,0.14612,0.46946,0.37239,0.18364,0.50751,0.29054,0.18955,0.51564,0.27643,3.7797,2.9791,15927,39680,38019,0.069137,0.064808,0.046553,0.13871,0.12951,0.048896,0.19787,0.18545,0.048718,0.24468,0.22938,0.047357,0.28266,0.26305,0.045901,0.0031184,0.0023809,0.023317,0.00068151,0.013625,-0.035075,0.0067621,0.0052726,0.02411,0.0014095,0.019908,-0.045379,0.011893,0.0094618,0.025229,0.0026345,0.025681,-0.054612,0.0013202,0.0010742,0.024309,0.00072345,0.0077764,-0.019519,0.0035152,0.0029,0.029639,0.0031065,0.01338,-0.026708,0.0069615,0.005877,0.034098,0.0062015,0.020135,-0.032351,0.0016656,0.001205,0.022718,0.00030425,0.0084579,-0.028018,0.0029073,0.0021247,0.019734,-0.00088165,0.010054,-0.035072,0.004337,0.0031573,0.018008,-0.0020314,0.0097471,-0.04246,0.00013258,0.00010171,0.021682,-1.004e-05,0.01302,-0.0082386,0.00033966,0.0002479,0.017765,-0.00066814,0.018491,-0.01248,0.00059488,0.00042797,0.015316,-0.0014545,0.024019,-0.016632,1.1127,746,"1"
-0.0059368,0.5079,0.50091,-0.70599,0.50074,-0.69298,-0.018427,-2.6652,15.58,-0.14231,2.8903,0.0077742,7.3504,9.6679,0.57651,17.98,0.024298,0.70981,6.1704e+16,6.1704e+16,6.1704e+16,6.1704e+16,NA,NA,0.38667,0.24049,0.38667,0.21848,0.46259,0.1498,NA,NA,211,83.924,16316,1259800,14.416,208.88,130530,1304,1000,0.91439,0.93371,0.089628,0.066308,0.052462,0.33496,2801.4,1235.6,0.017344,0.0017153,0.032701,0.029902,0.007928,0.010807,0.012137,0.015455,0.38705,0.037476,0.25229,0.15024,0.46586,0.37141,0.19657,0.49928,0.28292,0.20458,0.50804,0.2667,4.0309,2.9713,19478,51501,50148,0.065884,0.062521,0.047105,0.13124,0.1248,0.049126,0.19209,0.1804,0.05022,0.2437,0.22721,0.050083,0.28692,0.26668,0.049473,0.0021492,0.00158,0.017064,-0.0025962,0.009355,-0.034871,0.0054784,0.0042856,0.02074,-0.0013935,0.015507,-0.042837,0.010409,0.0089177,0.023448,0.00024307,0.022153,-0.037317,0.00095831,0.00072507,0.018736,-0.0012142,0.0055112,-0.022836,0.0030982,0.0025985,0.027739,0.0017717,0.011526,-0.025089,0.0068404,0.0064078,0.035576,0.0060872,0.01978,-0.013649,0.0010212,0.00074264,0.01479,-0.0026035,0.0049672,-0.023258,0.0019942,0.0014283,0.014373,-0.003672,0.006357,-0.031808,0.0032116,0.0022789,0.01416,-0.0046942,0.006289,-0.040895,0.00016974,0.00011227,0.029476,0.00068229,0.011804,-0.013286,0.000503,0.00034142,0.027935,0.00077966,0.018287,-0.019336,0.00093952,0.00064195,0.025685,0.00056122,0.024809,-0.02465,1.0957,746,"1"
-0.011234,0.61611,0.61001,-0.62384,0.59596,-0.52917,-0.15175,0.33426,2.6141,0.068443,3.1823,0.00019479,2.721,3.1417,0.74815,3.9658,0.0053592,0.62483,6.2081e+16,6.2081e+16,6.2081e+16,6.2081e+16,NA,NA,0.32759,0.17588,0.32759,0.30083,0.33044,0.12274,NA,NA,282,59.465,11087,489900,14.536,222.92,88696,31864,1512,0.91531,0.93724,0.23988,0.17357,0.15157,0.7215,3317,1651.3,0.025759,0.0024252,0.044264,0.042954,0.0017046,0.010648,0.0067158,0.018579,0.028541,0.51806,0.59126,0.15508,0.44461,0.39132,0.21638,0.44431,0.33066,0.22957,0.44025,0.3228,11.277,3.1306,16901,40220,37010,0.047961,0.043528,0.033817,0.10884,0.10196,0.040179,0.19346,0.18764,0.04988,0.29302,0.29313,0.059388,0.38438,0.3944,0.065363,0.0071747,0.0076045,0.056177,0.014408,0.023764,0.015887,0.015359,0.016936,0.057345,0.020376,0.035476,0.037143,0.025796,0.028652,0.057304,0.025716,0.045411,0.050809,0.0046634,0.0055545,0.089915,0.018719,0.023309,0.041559,0.010476,0.012959,0.092495,0.026912,0.035577,0.071388,0.018598,0.02285,0.09539,0.035715,0.047839,0.089761,0.0024588,0.0020088,0.035119,0.0038768,0.0093611,-0.027692,0.0048482,0.0039444,0.034461,0.0049298,0.012374,-0.036675,0.0069988,0.0056374,0.030432,0.0040261,0.012597,-0.044339,5.2601e-05,4.1296e-05,0.0090082,-0.0014905,0.011365,-0.0059961,0.00024279,0.00019105,0.013298,-0.0015488,0.017657,-0.0116,0.00074084,0.00058323,0.019974,-0.00062244,0.023925,-0.018247,0.8339,746,"0"
-0.004288,0.22212,0.21744,-0.88446,0.21539,-0.79858,-0.0971,0.94502,4.5076,0.1133,3.0762,0.00041707,3.8699,8.1015,0.22757,11.592,0.015665,0.88588,4.6694e+16,4.6694e+16,4.6694e+16,4.6694e+16,NA,NA,0.33004,0.19897,0.33004,0.25522,0.36091,0.17294,NA,NA,342,43.959,8531,222970,17.132,306.18,68248,12928,6792,0.91848,0.94111,0.034305,0.023348,0.017357,0.17247,1692.1,828.43,0.017406,0.0017873,0.027242,0.026942,0.0011848,0.0033277,0.0023071,0.0094131,0.96824,0.83195,0.067143,0.13101,0.45034,0.40765,0.14938,0.46376,0.37168,0.14153,0.45187,0.39193,4.5698,3.2612,21498,45874,43470,0.066675,0.064038,0.044854,0.13,0.12697,0.045785,0.19724,0.19699,0.048518,0.26821,0.27278,0.051864,0.33238,0.34231,0.053926,0.0090173,0.0088605,0.067362,0.020144,0.027456,-0.0058242,0.017817,0.017642,0.063467,0.025177,0.037254,-0.0042903,0.027209,0.026786,0.05767,0.027391,0.044373,-0.0082007,0.0028354,0.0026647,0.052158,0.0086767,0.014431,-0.01156,0.0060662,0.0057333,0.051102,0.011596,0.020743,-0.0141,0.0096119,0.0090751,0.047036,0.012727,0.026609,-0.017482,0.0059002,0.0059489,0.080404,0.018886,0.020457,0.0022434,0.011734,0.011897,0.079579,0.025014,0.027601,0.0048878,0.017726,0.017839,0.073534,0.027952,0.030957,0.0026953,0.00028171,0.00024689,0.046029,0.0026842,0.016432,-0.0084615,0.00081076,0.00072604,0.042367,0.0034378,0.023264,-0.010207,0.0014314,0.0012893,0.03682,0.0033955,0.029243,-0.012265,1.0319,746,"1"
-0.09369,1.0538,0.9962,0.049612,0.99456,0.047597,-0.04061,0.14333,2.8459,0.041436,3.1797,4.625e-05,4.3506,3.0033,2.0928,3.7881,0.005119,-0.049704,6.5562e+16,6.5562e+16,6.5562e+16,6.5562e+16,NA,NA,0.13786,0.47141,0.47141,0.21321,0.56081,0.13221,NA,NA,309,43.207,7376,199880,14.95,238.34,59008,21272,5280,0.9169,0.93837,0.094292,0.066825,0.053381,0.35964,1417.9,828.19,0.028344,0.0032356,0.027496,0.02992,0.0053799,0.0014752,0.0088464,0.0039883,1.0052,1.5379,0.53458,0.13804,0.4712,0.378,0.16326,0.52672,0.28758,0.16164,0.53482,0.28134,5.1097,3.024,14307,30134,28294,0.081299,0.092771,0.049155,0.15345,0.17085,0.048572,0.21136,0.22588,0.046729,0.26252,0.27127,0.045623,0.29928,0.30353,0.04364,0.010784,0.010771,0.072403,0.024596,0.031443,-0.00039855,0.022835,0.022789,0.073106,0.034055,0.044347,-0.00088775,0.038199,0.038446,0.072765,0.042757,0.05643,0.0036347,0.0022253,0.0022485,0.036791,0.0051836,0.012092,0.0015041,0.0053515,0.005424,0.040517,0.0087281,0.019708,0.0030129,0.011224,0.01161,0.049365,0.015814,0.029797,0.010715,0.0080235,0.008085,0.098267,0.026705,0.027376,0.0021638,0.016702,0.01692,0.1018,0.037486,0.036925,0.0048809,0.025447,0.025914,0.094879,0.042845,0.041822,0.0081879,0.00053524,0.00043716,0.078599,0.0068796,0.017835,-0.016056,0.0019541,0.0016567,0.091776,0.012691,0.028573,-0.0214,0.0044006,0.0038285,0.10174,0.019513,0.040299,-0.025906,0.94785,746,"0"
-0.0035146,0.30252,0.30013,-0.83634,0.2945,-0.95091,0.13699,-0.039962,2.8967,-0.031049,3.1629,3.676e-06,2.7547,4.8222,0.32546,6.3248,0.008547,0.83694,5.1759e+16,5.1759e+16,5.1759e+16,5.1759e+16,NA,NA,0.16698,0.14708,0.16698,0.13953,0.14844,0.099277,NA,NA,382,33.487,6058,101430,17.816,335.01,48464,8008,5656,0.9188,0.94334,0.028957,0.019206,0.040583,0.087375,1648.9,964.52,0.022743,0.0023592,0.023798,0.024811,0.00063114,0.00098935,0.0017845,0.0056104,2.0912,2.2328,0.44091,0.15197,0.4516,0.38402,0.21945,0.47,0.29079,0.23091,0.46772,0.27917,6.5627,3.0721,10462,20998,17278,0.08111,0.084083,0.051186,0.15873,0.16188,0.052441,0.22889,0.23155,0.052817,0.29847,0.30065,0.05414,0.36289,0.36581,0.05523,0.0049547,0.0046975,0.03472,0.0065237,0.016579,-0.015745,0.011069,0.010482,0.036986,0.010325,0.025062,-0.022076,0.018535,0.017629,0.036852,0.01294,0.032602,-0.025491,0.0025727,0.0024211,0.044396,0.0070636,0.013053,-0.013242,0.0061786,0.0059001,0.048826,0.011585,0.02087,-0.014134,0.010758,0.010422,0.049383,0.015051,0.028592,-0.012443,0.0019565,0.0018539,0.025011,0.0015299,0.0070927,-0.0096508,0.0039968,0.0037875,0.025426,0.0022407,0.0093357,-0.012845,0.0062763,0.0059193,0.024424,0.0022382,0.0098264,-0.01692,0.00042542,0.00042243,0.065206,0.0051113,0.016656,-0.0007705,0.0014771,0.0013956,0.072406,0.0089482,0.025642,-0.0087279,0.0028246,0.0026438,0.068157,0.011104,0.034563,-0.013121,0.8804,746,"0"
-0.0081706,0.94525,0.94111,-0.24005,0.93501,-0.22071,-0.080545,0.28986,6.4584,0.051374,3.0905,0.0011939,7.2816,5.9116,1.5131,8.5186,0.011512,0.24062,7.2178e+16,7.2178e+16,7.2178e+16,7.2178e+16,NA,NA,0.07341,0.16789,0.16789,0.19967,0.26599,0.11306,NA,NA,245,70.286,14517,859390,15.513,242.1,116140,2992,2736,0.91525,0.9337,0.11113,0.082953,0.051979,0.40388,2186,1015.2,0.025034,0.0024685,0.044639,0.031618,0.00085429,0.0005221,0.001847,0.0041264,0.23697,0.52019,0.45709,0.14839,0.46093,0.37874,0.18816,0.49112,0.30435,0.1895,0.49046,0.30249,5.8695,3.0299,19348,51171,49493,0.060001,0.062758,0.042587,0.13529,0.13894,0.050273,0.21491,0.21806,0.055777,0.28509,0.28554,0.058162,0.34246,0.33936,0.05862,0.0029384,0.0022294,0.023159,8.9545e-05,0.0097051,-0.032112,0.0057686,0.0043757,0.02168,-0.00074723,0.013305,-0.042652,0.0088683,0.0067067,0.019831,-0.0023176,0.016109,-0.051571,0.0019977,0.0015725,0.038772,0.0043983,0.0099671,-0.023641,0.0041441,0.003228,0.036832,0.0053429,0.014343,-0.033447,0.0067171,0.0051888,0.03468,0.0057522,0.018788,-0.042319,0.00082863,0.00057754,0.011913,-0.0034622,0.0021444,-0.020459,0.0013415,0.00094381,0.0095986,-0.0056269,0.0013738,-0.024224,0.0017589,0.0012344,0.0076986,-0.0080201,-0.00069586,-0.027108,0.00011207,7.9359e-05,0.019319,-0.00039122,0.010008,-0.0099372,0.00037748,0.00026654,0.020812,-0.0003475,0.016092,-0.014422,0.00072328,0.00050531,0.019629,-0.00072917,0.021209,-0.018653,0.99227,746,"0"
-0.0014691,0.3533,0.35072,-0.80549,0.35071,-0.80308,-0.0029936,0.98209,4.9901,0.14627,3.077,0.00059804,3.3781,5.4301,0.38596,7.4786,0.010106,0.80651,5.6138e+16,5.6138e+16,5.6138e+16,5.6138e+16,NA,NA,0.23924,0.32134,0.32134,0.19781,0.23593,0.15025,NA,NA,347,40.383,10755,333150,18.469,343.05,86040,2128,1992,0.91806,0.94294,0.13044,0.086936,0.10593,0.44334,1998.4,1102.9,0.021196,0.0025327,0.033653,0.034365,0.0043188,0.014321,0.0064784,0.023866,0.50748,1.6919,1.1387,0.13776,0.45621,0.39338,0.17305,0.48709,0.31832,0.17294,0.49117,0.31291,6.7096,3.1471,13319,26497,22717,0.081782,0.081182,0.052428,0.14402,0.14069,0.048336,0.19675,0.19006,0.046122,0.24261,0.23251,0.044705,0.27861,0.26521,0.043075,0.0052228,0.0047606,0.03718,0.0074393,0.021062,-0.027504,0.010384,0.0094239,0.03525,0.0089731,0.028325,-0.038133,0.017004,0.015451,0.034344,0.010631,0.035142,-0.047523,0.00147,0.0012892,0.025769,0.0014725,0.01059,-0.021008,0.0033263,0.0029157,0.026702,0.0024162,0.015015,-0.029297,0.0061744,0.0054852,0.028793,0.0041562,0.020785,-0.035701,0.0035535,0.0033055,0.046145,0.0083791,0.015059,-0.017672,0.0066316,0.0061549,0.042857,0.0098008,0.019177,-0.023306,0.010014,0.0092408,0.039588,0.010423,0.020752,-0.030245,0.00019929,0.00016586,0.031029,0.0011662,0.016873,-0.011856,0.00072843,0.00062718,0.036273,0.0026545,0.025241,-0.017061,0.0017204,0.0015525,0.042173,0.0049477,0.034538,-0.016996,0.83998,746,"1"
-0.0094826,0.58216,0.57585,-0.65067,0.56486,-0.56077,-0.13818,-0.76249,8.3995,-0.040568,3.117,0.0011601,7.1622,8.5789,0.69514,13.861,0.018731,0.65152,6.287e+16,6.287e+16,6.287e+16,6.287e+16,NA,NA,0.43147,0.2056,0.43147,0.26493,0.4552,0.14675,NA,NA,288,51.524,11472,457770,16.749,282.95,91776,3992,3968,0.91683,0.93777,0.11811,0.083844,0.082668,0.43857,2024.4,1064.6,0.017134,0.0018933,0.034246,0.030265,0.0083367,0.015254,0.015838,0.022176,0.65065,0.8226,0.051808,0.14591,0.46459,0.37672,0.19491,0.49677,0.28749,0.19629,0.50431,0.27838,4.3519,3.0138,15604,34889,32996,0.071201,0.069815,0.046508,0.13952,0.13443,0.047711,0.20439,0.19536,0.048819,0.26065,0.24775,0.048939,0.30848,0.29211,0.048594,0.0045508,0.0039418,0.033009,0.0053266,0.018323,-0.029645,0.0099726,0.0085927,0.034493,0.0081871,0.025705,-0.041632,0.016919,0.014785,0.034818,0.010597,0.032187,-0.048353,0.002559,0.0023518,0.045708,0.007118,0.014318,-0.013335,0.0057612,0.0052289,0.047124,0.010422,0.020347,-0.021473,0.010482,0.009573,0.049807,0.01465,0.027482,-0.026433,0.0019488,0.0015598,0.025786,0.0015236,0.0093895,-0.029017,0.004049,0.0032488,0.026662,0.0024313,0.012355,-0.036656,0.0060197,0.0049055,0.024248,0.0017121,0.0126,-0.04083,4.2995e-05,3.0159e-05,0.0068211,-0.0016042,0.01239,-0.010149,0.00024111,0.0001768,0.012234,-0.001504,0.017798,-0.014992,0.00063961,0.00048221,0.015975,-0.0011767,0.02398,-0.019704,0.98496,746,"1"
-0.0038482,0.27643,0.27624,-0.85052,0.26636,-1.0114,0.18915,0.083601,2.3025,0.020561,3.2065,0.00053846,2.7459,5.0201,0.29839,6.6756,0.009021,0.85059,5.2674e+16,5.2674e+16,5.2674e+16,5.2674e+16,NA,NA,0.24531,0.087434,0.24531,0.092965,0.29356,0.07615,NA,NA,337,30.967,7534,168790,18.086,330.28,60272,3608,2000,0.91935,0.94149,0.02387,0.016632,0.00027118,0.16421,1163.3,734.03,0.016664,0.0018115,0.03474,0.03301,0.0028334,0.0016909,0.0013776,0.0013451,1.5125,2.0869,0.78838,0.15778,0.45232,0.37655,0.24052,0.47786,0.25851,0.24932,0.47555,0.25009,5.2659,3.0124,16550,32364,29835,0.066797,0.06872,0.035359,0.13638,0.14017,0.037794,0.20693,0.21128,0.040053,0.27419,0.27702,0.041719,0.33734,0.33815,0.043065,0.0054055,0.005022,0.031774,0.0072813,0.015769,-0.016228,0.0125,0.0119,0.035035,0.012163,0.024899,-0.015807,0.021746,0.021079,0.036267,0.016426,0.033362,-0.01279,0.0031467,0.0029851,0.045548,0.0091247,0.013642,-0.0086832,0.0068584,0.006349,0.045462,0.012595,0.019887,-0.017954,0.011541,0.010564,0.04444,0.01547,0.026399,-0.025269,0.0012261,0.00097347,0.013147,-0.0014374,0.0038213,-0.021119,0.0022224,0.0018095,0.011859,-0.0025578,0.0046136,-0.024404,0.0032265,0.0026243,0.010532,-0.0039979,0.0036327,-0.028543,0.0010327,0.0010634,0.13277,0.014384,0.023659,0.0036763,0.0035423,0.0038391,0.14565,0.024111,0.039224,0.015426,0.0072989,0.00814,0.14773,0.033103,0.054712,0.028578,0.92111,746,"0"
-0.0057278,0.89789,0.89486,-0.3224,0.89137,-0.30226,-0.062458,0.15331,2.9716,0.041989,3.167,5.4969e-06,3.6091,3.1013,1.3507,3.9167,0.0052928,0.32284,7.1593e+16,7.1593e+16,7.1593e+16,7.1593e+16,NA,NA,0.18783,0.19359,0.19359,0.1303,0.19816,0.093579,NA,NA,291,69.443,7776,350080,10.315,118.03,62208,37720,28960,0.9132,0.93208,0.24484,0.1838,0.13116,0.67176,2957.9,1597.4,0.01873,0.0022122,0.041957,0.036119,0.003492,0.0075829,0.0062857,0.014886,0.91561,1.8358,1.1383,0.14054,0.44952,0.40259,0.16475,0.4537,0.37629,0.16876,0.45378,0.37306,11.451,3.2207,24188,71273,69152,0.053129,0.049868,0.043644,0.11874,0.11461,0.051066,0.19739,0.19772,0.059291,0.28102,0.29296,0.066355,0.36803,0.39299,0.072911,0.0051141,0.0048117,0.04665,0.0080493,0.017011,-0.011967,0.011382,0.011514,0.049507,0.012563,0.025992,0.0032084,0.019199,0.020009,0.049689,0.016,0.033816,0.014747,0.0034072,0.0034584,0.076534,0.012938,0.016086,0.0024725,0.0075048,0.0081861,0.077198,0.01815,0.024458,0.020276,0.012739,0.01415,0.076118,0.022633,0.032541,0.031573,0.0011003,0.00075294,0.018309,-0.0024111,0.0054304,-0.028408,0.0021143,0.0014706,0.017508,-0.0035535,0.0064637,-0.034802,0.0031463,0.002224,0.015938,-0.0052034,0.0058352,-0.040004,0.00060661,0.00060036,0.12103,0.0094767,0.015426,-0.0008123,0.0018229,0.0019005,0.11632,0.013581,0.024523,0.0048919,0.0035365,0.0037967,0.11108,0.017279,0.034183,0.011163,0.87279,746,"0"
-0.0059543,0.81765,0.81603,-0.42764,0.80479,-0.37745,-0.11737,0.098087,2.8908,0.027089,3.1791,8.0218e-06,4.2157,3.938,1.1429,4.9571,0.0066989,0.42769,6.9449e+16,6.9449e+16,6.9449e+16,6.9449e+16,NA,NA,0.12486,0.11171,0.12486,0.13615,0.14793,0.084342,NA,NA,282,63.528,7475,294770,11.246,139.71,59800,35472,17784,0.91205,0.93205,0.25318,0.19635,0.11722,0.70039,2929.4,1606.5,0.019678,0.0021554,0.06176,0.039243,0.00027951,0.031249,0.00036745,0.04838,0.87831,1.2516,0.39819,0.15197,0.44685,0.39204,0.18406,0.45051,0.35713,0.19659,0.44873,0.34674,13.146,3.1363,28663,86889,84983,0.052576,0.050837,0.038834,0.11668,0.11801,0.045119,0.18826,0.19778,0.050845,0.26651,0.28512,0.056583,0.3491,0.38045,0.062186,0.0036639,0.0041745,0.030051,0.0026027,0.013857,0.022194,0.0098781,0.01093,0.038633,0.0085049,0.023966,0.024519,0.017969,0.019399,0.041815,0.013065,0.032097,0.023693,0.0027898,0.0035511,0.056347,0.0088509,0.016304,0.037682,0.0071474,0.0088758,0.066108,0.015939,0.026911,0.046731,0.012436,0.015037,0.066814,0.020649,0.035317,0.051334,0.00046952,0.00030709,0.0070248,-0.0051865,0.0016125,-0.018892,0.0013935,0.00094319,0.010376,-0.0055825,0.0025594,-0.028533,0.0028131,0.0019497,0.012813,-0.0057097,0.0025075,-0.036137,0.00040457,0.00031627,0.072577,0.0051442,0.013122,-0.012678,0.001346,0.0011167,0.077226,0.0085,0.020829,-0.014953,0.0027863,0.0024561,0.078693,0.011802,0.028785,-0.014091,0.81322,746,"0"
-0.041142,0.79049,0.75793,-0.49098,0.73997,-0.4154,-0.15393,0.035165,4.4881,0.0088366,3.1298,0.00017278,7.2852,7.2246,1.0141,11.199,0.015133,0.4916,6.2238e+16,6.2238e+16,6.2238e+16,6.2238e+16,NA,NA,0.19577,0.1711,0.19577,0.19431,0.20173,0.11364,NA,NA,267,81.655,19995,1495800,16.237,264.77,159960,2352,2016,0.91276,0.93022,0.085614,0.063444,0.034884,0.28039,1292.3,779.32,0.014396,0.0021987,0.028699,0.025088,0.0094781,0.023782,0.013654,0.037371,0.014011,0.51202,0.66756,0.14177,0.47249,0.3754,0.16894,0.50666,0.31271,0.16786,0.51697,0.30407,3.1643,3.0032,15675,47093,45530,0.080203,0.082561,0.069552,0.16182,0.16591,0.073469,0.23818,0.24061,0.075526,0.30794,0.30687,0.07676,0.36501,0.35954,0.076338,0.0068978,0.0065894,0.066424,0.014981,0.023372,-0.010251,0.01604,0.015779,0.073654,0.024326,0.035454,-0.0053713,0.029869,0.029618,0.081608,0.036099,0.048287,-0.0037065,0.0037377,0.0038509,0.088634,0.015279,0.020227,0.0050797,0.0089967,0.0093246,0.097698,0.024318,0.03072,0.0090919,0.017538,0.018053,0.11063,0.036739,0.043314,0.0099002,0.0022172,0.0017984,0.038949,0.0031037,0.0083833,-0.02404,0.0045055,0.0038008,0.039388,0.0043368,0.01131,-0.026157,0.0073743,0.0064098,0.039435,0.0054351,0.012873,-0.027716,0.00094285,0.00094005,0.19859,0.016665,0.023846,-0.00028124,0.0027636,0.0028173,0.18616,0.023303,0.034147,0.0027107,0.0054796,0.0055379,0.1817,0.030599,0.044733,0.0020008,1.4319,746,"1"
-0.029384,0.92533,0.90287,-0.3097,0.89466,-0.28016,-0.095393,0.055382,5.8047,0.050354,3.112,0.00091742,10.339,8.8087,1.3741,12.866,0.017386,0.31043,6.9407e+16,6.9407e+16,6.9407e+16,6.9407e+16,NA,NA,0.22199,0.25567,0.25567,0.27732,0.41918,0.14137,NA,NA,264,71.86,16350,1012400,16.107,260.95,130800,3664,2888,0.91721,0.93728,0.15184,0.10685,0.1069,0.49033,2076.6,1182.1,0.024544,0.0026428,0.027702,0.026204,0.00096947,0.0063397,0.0020253,0.011724,0.18715,0.096497,0.012461,0.15283,0.45947,0.37486,0.20583,0.48652,0.28966,0.21227,0.48002,0.28637,5.4906,2.9989,13776,33468,30198,0.074183,0.082782,0.057517,0.15462,0.17216,0.062763,0.22548,0.24554,0.063927,0.28728,0.30658,0.064024,0.34914,0.36675,0.065285,0.0034267,0.0028813,0.029503,0.0018263,0.013319,-0.03125,0.0077189,0.0069239,0.03169,0.0037272,0.020771,-0.028694,0.014192,0.013209,0.034669,0.0068295,0.028339,-0.025569,0.002462,0.0021265,0.052199,0.0072232,0.012309,-0.023121,0.0060089,0.0055372,0.058341,0.012265,0.020602,-0.019586,0.011484,0.010952,0.064767,0.018646,0.030163,-0.015419,0.00090946,0.00070339,0.014284,-0.003241,0.0044088,-0.022148,0.0015837,0.0012317,0.012378,-0.0051231,0.0052516,-0.026113,0.0023599,0.0018785,0.011283,-0.0069453,0.0046739,-0.029553,5.5168e-05,5.1358e-05,0.010389,-0.0015148,0.012418,-0.002573,0.00029231,0.00027773,0.017605,-0.0011619,0.019179,-0.0030594,0.00069934,0.00063794,0.020733,-0.00091217,0.025325,-0.0073803,1.0024,746,"1"
-0.0044059,0.30449,0.30726,-0.83206,0.29042,-0.63727,-0.2341,-0.17663,2.5804,-0.10405,3.1833,0.0002393,2.7825,4.803,0.33471,6.5694,0.0088775,0.83236,4.8834e+16,4.8834e+16,4.8834e+16,4.8834e+16,NA,NA,0.1833,0.1258,0.1833,0.27033,0.34716,0.12898,NA,NA,303,37.799,9245,281870,17.249,299.32,73960,2472,2312,0.91767,0.94208,0.057313,0.04011,0.037372,0.24149,1723.8,962.12,0.01708,0.0019805,0.035611,0.038398,0.004603,0.0087097,0.0080093,0.014614,1.597,1.0784,0.34726,0.12661,0.44026,0.42333,0.13033,0.43266,0.42547,0.11889,0.41032,0.45935,7.0642,3.3866,50450,101950,100440,0.069994,0.066991,0.038034,0.14044,0.14056,0.039952,0.20713,0.21856,0.041156,0.2751,0.29821,0.042968,0.34358,0.37335,0.045026,0.0042232,0.0035534,0.025483,0.0038803,0.01465,-0.027852,0.0090364,0.0076905,0.026001,0.0056488,0.021911,-0.036949,0.015802,0.013516,0.027054,0.0080291,0.028684,-0.04608,0.0014194,0.001146,0.02109,0.0011151,0.0072222,-0.020569,0.0035726,0.0029079,0.02431,0.0029562,0.01246,-0.029639,0.0066069,0.0054281,0.026115,0.0047759,0.017912,-0.036828,0.0022092,0.0018658,0.024317,0.0024118,0.0084666,-0.01889,0.0035604,0.0030091,0.019503,0.00092793,0.010052,-0.022413,0.0048603,0.0040927,0.016286,-0.00076987,0.01019,-0.026454,0.00059466,0.00054166,0.078482,0.0074784,0.020502,-0.0073647,0.0022699,0.0021001,0.09581,0.014487,0.032103,-0.010174,0.0050157,0.0045901,0.10421,0.021679,0.043187,-0.015662,0.86975,746,"0"
-0.036502,0.84324,0.82752,-0.41397,0.80089,-0.33971,-0.17939,0.51114,5.4814,0.057524,3.1066,0.0008866,9.5467,8.8134,1.1702,13.456,0.018183,0.41403,6.592e+16,6.592e+16,6.592e+16,6.592e+16,NA,NA,0.2726,0.24311,0.2726,0.25115,0.26452,0.14253,NA,NA,254,63.846,14159,789400,15.786,250.78,113270,5320,952,0.91516,0.93503,0.093667,0.068989,0.042076,0.35331,1667.9,882.25,0.018229,0.0023424,0.035856,0.030334,0.005547,0.012023,0.011112,0.018724,0.21268,0.54262,0.056132,0.13697,0.46866,0.38445,0.16198,0.51229,0.31426,0.15582,0.52599,0.30792,4.0802,3.0756,20377,51561,49475,0.089844,0.095892,0.060887,0.17849,0.18985,0.063326,0.25792,0.26739,0.063915,0.32254,0.32618,0.062829,0.3723,0.37183,0.060848,0.0075306,0.0066522,0.056671,0.015298,0.021962,-0.027722,0.016734,0.014997,0.060051,0.022935,0.033778,-0.034262,0.029597,0.027518,0.063194,0.031369,0.045978,-0.030227,0.0036782,0.003495,0.068164,0.013151,0.017364,-0.0081471,0.0085853,0.0081395,0.072858,0.020056,0.02642,-0.012492,0.016679,0.016248,0.082221,0.030252,0.038629,-0.0083995,0.0030337,0.002518,0.041645,0.0063308,0.010265,-0.025796,0.0063318,0.0053529,0.043257,0.0092,0.015103,-0.030351,0.0096406,0.0084481,0.040289,0.0098844,0.017197,-0.029161,0.00081865,0.00063918,0.13475,0.012432,0.018234,-0.017858,0.002009,0.0016457,0.10576,0.013933,0.027009,-0.020807,0.0038654,0.0032597,0.10016,0.017572,0.036486,-0.024408,1.1014,746,"1"
-0.031077,0.71123,0.74964,-0.49935,0.6097,-0.2836,-0.43207,0.98733,5.6524,0.17029,3.0418,0.001413,8.6549,8.6881,0.9897,13.09,0.01769,0.50193,6.1798e+16,6.1798e+16,6.1798e+16,6.1798e+16,NA,NA,0.35723,0.26779,0.35723,0.20943,0.29322,0.15928,NA,NA,264,65.633,15874,953140,16.147,261.81,126990,1160,1080,0.91582,0.93693,0.098604,0.070316,0.05391,0.36351,2125.8,1180.7,0.024673,0.0028069,0.035848,0.026012,0.0073075,0.0072322,0.010715,0.010138,0.11301,0.61866,0.32853,0.15526,0.46044,0.37053,0.21497,0.48372,0.27883,0.22109,0.48833,0.26595,5.2738,2.9642,14279,34297,31942,0.067301,0.062747,0.048312,0.13481,0.12499,0.050666,0.1923,0.17864,0.050478,0.24737,0.23127,0.051042,0.30219,0.28515,0.052316,0.0056138,0.0046829,0.044749,0.009216,0.017569,-0.036878,0.011638,0.0099008,0.044237,0.012293,0.025639,-0.045867,0.019686,0.016963,0.044523,0.015746,0.033412,-0.053568,0.0023308,0.0019643,0.045752,0.0062315,0.011131,-0.023527,0.0059679,0.0051963,0.053646,0.011649,0.018766,-0.029777,0.011829,0.010486,0.06177,0.018805,0.028383,-0.034902,0.0032418,0.0026883,0.047139,0.0074643,0.011667,-0.028198,0.0057293,0.0047556,0.04146,0.007648,0.014135,-0.03484,0.0077648,0.0064088,0.034373,0.0058365,0.013975,-0.040283,4.1266e-05,3.0329e-05,0.0071948,-0.0017158,0.009862,-0.0092911,0.00036001,0.00027416,0.020075,-0.00050693,0.01731,-0.016385,0.0010917,0.00085156,0.029966,0.0014745,0.024898,-0.021673,0.97247,746,"1"
-0.0023813,0.40534,0.4014,-0.77334,0.40073,-0.80494,0.040853,0.016896,2.9318,-0.0095674,3.1699,4.2985e-06,2.8929,4.3213,0.44698,5.6944,0.0076952,0.77557,5.7724e+16,5.7724e+16,5.7724e+16,5.7724e+16,NA,NA,0.22077,0.14266,0.22077,0.16495,0.23559,0.10877,NA,NA,359,35.198,5626,100570,15.891,272.6,45008,15680,3680,0.91824,0.94229,0.069964,0.047211,0.050684,0.26984,1729.6,986.39,0.024364,0.0023914,0.026075,0.028367,0.00013022,0.026615,0.00064864,0.046865,0.076896,0.74734,0.72669,0.15185,0.45928,0.37583,0.22145,0.48287,0.27178,0.22951,0.48418,0.26112,6.1718,3.0067,9489.7,18583,15192,0.067993,0.067875,0.040732,0.13711,0.13702,0.043001,0.21434,0.21315,0.046951,0.28898,0.28887,0.049761,0.3572,0.35841,0.051607,0.0043146,0.0038354,0.028702,0.0043621,0.016486,-0.029428,0.009429,0.0084412,0.02991,0.006732,0.024488,-0.038164,0.015909,0.014327,0.030027,0.0086007,0.031817,-0.045828,0.0016056,0.0013648,0.026302,0.0020933,0.0090713,-0.024318,0.0039129,0.0034001,0.029353,0.0041742,0.014617,-0.031731,0.0073001,0.0064538,0.031812,0.0066288,0.02146,-0.036426,0.002194,0.0018915,0.026624,0.0024719,0.008777,-0.025498,0.0042587,0.0036954,0.025718,0.0029062,0.012013,-0.031125,0.0062528,0.0054619,0.023099,0.0021301,0.012659,-0.035342,0.00051501,0.00057923,0.074934,0.0065026,0.022913,0.012969,0.0014444,0.0014951,0.067214,0.0084456,0.030914,0.0052193,0.0029626,0.0029332,0.067862,0.011567,0.03968,-0.0020621,0.87946,746,"0"
-0.019537,0.58605,0.57712,-0.6497,0.55315,-0.51728,-0.20382,-0.51949,4.2131,-0.10476,3.1123,0.00047193,5.006,6.0039,0.69334,8.6837,0.011735,0.65176,6.0988e+16,6.0988e+16,6.0988e+16,6.0988e+16,NA,NA,0.3616,0.23296,0.3616,0.17638,0.46514,0.14896,NA,NA,327,51.177,13995,598590,17.954,323.88,111960,2776,2768,0.91805,0.94236,0.081382,0.053775,0.059031,0.33145,1234,753.44,0.018421,0.0021555,0.024543,0.026211,0.0049388,0.00043538,0.0053127,2.2289e-05,0.3854,0.55488,0.0089013,0.14527,0.46131,0.38015,0.19536,0.49533,0.28606,0.19994,0.49641,0.27907,3.5712,3.0412,8203.4,17667,12757,0.072763,0.07359,0.053073,0.14296,0.14418,0.05459,0.2085,0.20871,0.055611,0.26884,0.26767,0.056366,0.31798,0.31587,0.055935,0.00964,0.01072,0.07808,0.023137,0.031148,0.051817,0.020887,0.023304,0.08067,0.033117,0.045529,0.073511,0.034919,0.038552,0.080244,0.041535,0.05784,0.083083,0.0020786,0.0019288,0.041459,0.0049032,0.011384,-0.016446,0.0056492,0.0054523,0.051598,0.010639,0.019488,-0.011903,0.010983,0.010792,0.058273,0.016786,0.028295,-0.0079168,0.007404,0.0086512,0.10939,0.026559,0.028736,0.06734,0.015094,0.017754,0.11098,0.036342,0.039163,0.093576,0.023666,0.027623,0.10645,0.042998,0.045221,0.10762,0.00015741,0.00014023,0.027885,0.00045705,0.013069,-0.0077015,0.00064207,0.00060547,0.036378,0.0020509,0.023549,-0.0069423,0.0015657,0.0014886,0.043667,0.0043504,0.034519,-0.0087558,1.0526,746,"0"
-0.0013692,0.38159,0.37995,-0.78711,0.37953,-0.81326,0.033222,0.48655,3.2892,0.062611,3.1557,5.5824e-06,2.2735,3.4913,0.42292,4.499,0.0060798,0.78802,5.6744e+16,5.6744e+16,5.6744e+16,5.6744e+16,NA,NA,0.18263,0.11873,0.18263,0.12682,0.14403,0.087868,NA,NA,348,30.695,7066,144780,18.186,336.06,56528,5160,3008,0.9185,0.94382,0.077668,0.052075,0.051418,0.35158,1194.1,782.92,0.014963,0.0017338,0.027757,0.032748,0.0024128,0.00074384,0.0038912,0.0014048,1.4238,1.0735,0.075376,0.14923,0.45279,0.38583,0.2158,0.46951,0.29389,0.22805,0.46741,0.28083,5.8174,3.0866,11158,20220,17255,0.074897,0.07622,0.039728,0.14365,0.14552,0.039893,0.21079,0.21292,0.040884,0.2748,0.27616,0.041898,0.33651,0.33723,0.043048,0.0039238,0.0035709,0.023112,0.0029577,0.01652,-0.023616,0.01008,0.0092695,0.028311,0.0075668,0.025817,-0.030354,0.017691,0.016288,0.029565,0.010636,0.033651,-0.037681,0.0020348,0.0017929,0.029514,0.0039634,0.01161,-0.021389,0.0044434,0.0039502,0.029515,0.0054876,0.01697,-0.02694,0.0070653,0.006274,0.027262,0.0057182,0.021466,-0.032827,0.00068937,0.00056963,0.0074072,-0.0035258,0.0046381,-0.018591,0.0017702,0.0014958,0.0094658,-0.0037359,0.0067681,-0.024733,0.0032926,0.0028601,0.01077,-0.0038705,0.0075236,-0.027086,0.0011997,0.0012084,0.15456,0.017072,0.031406,0.0011972,0.0040608,0.0040026,0.16732,0.028137,0.04609,-0.0035526,0.0079256,0.0076862,0.16075,0.036358,0.060401,-0.0097196,0.88555,746,"0"
-0.0047322,0.4223,0.43164,-0.75351,0.40151,-0.55442,-0.26422,-0.20799,3.0092,-0.016387,3.1839,2.994e-05,2.7562,3.9318,0.49008,5.1944,0.0070195,0.75436,5.73e+16,5.73e+16,5.73e+16,5.73e+16,NA,NA,0.1811,0.24643,0.24643,0.2365,0.34087,0.14411,NA,NA,309,32.44,7210,168430,17.333,303.21,57680,3032,2176,0.92008,0.94298,0.036683,0.025497,0.010531,0.36022,2087.1,1059.6,0.016181,0.0018738,0.041565,0.043763,0.00077123,0.014217,0.0010038,0.021984,0.7081,0.27654,0.42866,0.12468,0.4375,0.4284,0.12508,0.42479,0.43943,0.11147,0.40327,0.47597,8.2199,3.4272,34486,65345,63522,0.073346,0.069635,0.036405,0.14858,0.14501,0.038608,0.22777,0.23032,0.041339,0.30066,0.31128,0.042896,0.36813,0.38542,0.044067,0.0045603,0.0041434,0.025135,0.0046582,0.016558,-0.018329,0.010403,0.0092285,0.027341,0.00791,0.024667,-0.031378,0.018163,0.015916,0.028403,0.010935,0.03194,-0.044173,0.0014242,0.0011729,0.01933,0.0010867,0.0095628,-0.019769,0.0032733,0.0026523,0.020345,0.00197,0.014584,-0.029752,0.0058347,0.0047306,0.021066,0.0029317,0.020185,-0.038371,0.0028241,0.0026886,0.028395,0.0046143,0.010214,-0.0075001,0.0060863,0.0056386,0.030454,0.0072325,0.014121,-0.0153,0.0098807,0.009035,0.030243,0.008894,0.015917,-0.02206,0.00031192,0.00028186,0.037603,0.0027667,0.015697,-0.0059042,0.0011487,0.0010145,0.044289,0.005467,0.023622,-0.011721,0.002692,0.002337,0.051092,0.0091665,0.031968,-0.018856,0.80386,746,"1"
-0.011195,0.79246,0.79402,-0.45268,0.77245,-0.37807,-0.1648,-0.060991,2.8296,-0.021825,3.1804,3.4258e-05,3.5401,3.396,1.0838,4.4254,0.0059803,0.45483,6.8848e+16,6.8848e+16,6.8848e+16,6.8848e+16,NA,NA,0.25194,0.12119,0.25194,0.14201,0.28391,0.10478,NA,NA,264,49.023,4725,141900,9.7981,106.88,37800,23176,16896,0.91645,0.93928,0.19737,0.14184,0.11305,0.67497,1966.7,1176.9,0.012656,0.0014678,0.04166,0.039356,0.0074412,0.021774,0.014231,0.041298,0.0023779,0.52256,0.64781,0.14475,0.44738,0.39847,0.19097,0.45512,0.34387,0.19219,0.45536,0.34348,9.8031,3.1877,21348,45425,42951,0.053505,0.052092,0.031208,0.1226,0.12263,0.037436,0.20471,0.20598,0.04366,0.28956,0.29661,0.048546,0.37279,0.38974,0.052439,0.0052562,0.0051192,0.034044,0.0071919,0.01861,-0.0063802,0.013078,0.012789,0.040392,0.013935,0.029379,-0.0077475,0.024,0.023677,0.044104,0.020645,0.040103,-0.0062113,0.0037618,0.0038836,0.06,0.01259,0.017388,0.006745,0.0095332,0.009855,0.06963,0.021511,0.027821,0.010093,0.017796,0.018449,0.075506,0.030581,0.039174,0.01457,0.00092083,0.00075408,0.01088,-0.0027559,0.0053705,-0.017469,0.0018977,0.0015005,0.011158,-0.0035731,0.0071587,-0.026827,0.0031825,0.0024556,0.011447,-0.0042915,0.0079133,-0.03743,0.00057356,0.00048154,0.081253,0.0073985,0.019949,-0.015231,0.0019531,0.0016562,0.088489,0.012453,0.02983,-0.021136,0.0036868,0.00327,0.082225,0.015313,0.039334,-0.019994,0.81719,746,"0"
-0.0070386,0.74312,0.75266,-0.49632,0.71896,-0.39129,-0.21161,0.27422,4.1419,0.032493,3.1439,0.0002255,3.7096,3.7032,1.0008,4.8796,0.0065941,0.49763,6.7966e+16,6.7966e+16,6.7966e+16,6.7966e+16,NA,NA,0.23252,0.21662,0.23252,0.22174,0.41736,0.14878,NA,NA,310,48.816,6366,215130,12.329,156.51,50928,40816,3616,0.91809,0.94257,0.099263,0.065834,0.077413,0.3821,2319.1,1254.7,0.020002,0.0024803,0.030274,0.032057,0.0023657,0.010374,0.0069439,0.020818,0.42566,0.017181,0.31012,0.14446,0.45163,0.39367,0.19178,0.46636,0.32932,0.19576,0.46815,0.32331,9.9497,3.1494,17183,35304,31944,0.080813,0.088259,0.054069,0.16366,0.1787,0.057326,0.25345,0.27394,0.062006,0.33792,0.36072,0.064988,0.40808,0.43013,0.065846,0.0053266,0.0049862,0.039574,0.0079452,0.01791,-0.020835,0.0106,0.0097842,0.037551,0.0096323,0.026179,-0.032733,0.017373,0.015902,0.036621,0.01146,0.033367,-0.045724,0.0031974,0.0030921,0.058499,0.010549,0.014754,-0.0084924,0.0067049,0.0063654,0.056175,0.013684,0.021762,-0.017187,0.011356,0.010657,0.055269,0.016978,0.029235,-0.026939,0.0016356,0.0014552,0.022167,0.00017179,0.0063743,-0.019555,0.0031013,0.0027088,0.020917,-0.00031119,0.0089473,-0.028902,0.0047929,0.004189,0.019775,-0.0010065,0.0094996,-0.034967,0.00049358,0.00043886,0.080207,0.0064945,0.02105,-0.011161,0.0010873,0.00095088,0.056509,0.005832,0.027739,-0.017169,0.0019091,0.0016269,0.048841,0.0061478,0.034781,-0.026779,0.80724,746,"0"
-0.0073265,0.90798,0.90792,-0.30144,0.89665,-0.26786,-0.11138,0.1569,3.4063,0.010446,3.1426,5.8677e-05,3.8837,3.2858,1.3934,4.2409,0.0057309,0.30172,7.2942e+16,7.2942e+16,7.2942e+16,7.2942e+16,NA,NA,0.12169,0.12492,0.12492,0.18737,0.18849,0.099437,NA,NA,272,48.368,6914,196690,14.035,212.96,55312,14216,12672,0.91677,0.94027,0.18772,0.13161,0.12637,0.61873,1798.5,1115,0.015903,0.0016057,0.033511,0.035991,0.0060657,0.001975,0.014374,0.010205,0.13569,0.716,0.85194,0.14912,0.44812,0.39325,0.1995,0.45692,0.33401,0.21553,0.45094,0.32408,8.4128,3.146,20225,40595,38139,0.050059,0.045705,0.029402,0.11143,0.10671,0.034264,0.19023,0.18964,0.040855,0.27531,0.28044,0.046479,0.35859,0.37066,0.050793,0.0043128,0.0041095,0.028129,0.0043129,0.015518,-0.011215,0.010893,0.010983,0.033877,0.0096011,0.026418,0.0028498,0.020544,0.021336,0.038016,0.015506,0.037189,0.017609,0.0027464,0.0027481,0.04411,0.0076609,0.013155,0.00012051,0.0070143,0.0075955,0.05159,0.013764,0.023116,0.022863,0.013566,0.015211,0.057961,0.020966,0.03446,0.045062,0.0011055,0.00086604,0.013153,-0.0020097,0.0056252,-0.024829,0.0025212,0.0019801,0.014928,-0.0018792,0.0081124,-0.03507,0.0044596,0.0035338,0.016153,-0.0016383,0.0087386,-0.043332,0.00046089,0.00049534,0.065748,0.0055255,0.016536,0.0072342,0.001551,0.0015683,0.070761,0.0092278,0.026259,0.0014845,0.0029352,0.0029438,0.065921,0.011302,0.03535,0.00048953,0.84226,746,"0"
-0.00032229,0.077045,0.076829,-0.96072,0.076206,-0.87424,-0.090019,-0.099578,1.7281,0.23849,2.6642,0.0029477,2.1247,7.608,0.077615,13.619,0.033711,0.96108,2.2761e+16,2.2761e+16,2.2761e+16,2.2761e+16,NA,NA,0.13011,0.14029,0.14029,0.19063,0.19808,0.12937,NA,NA,261,65.471,14176,769360,16.013,257.93,113410,3960,1544,0.91322,0.93502,0.089801,0.064452,0.058443,0.32587,1301.2,756.59,0.017497,0.002304,0.029886,0.027288,0.0024828,0.013296,0.004863,0.028068,0.66589,0.65656,1.4146,0.1328,0.4624,0.38496,0.1698,0.51484,0.28946,0.17394,0.51949,0.28087,4.1502,3.0797,20460,50517,49020,0.14417,0.14125,0.116,0.25766,0.24869,0.10914,0.3329,0.31898,0.099029,0.37771,0.3596,0.088753,0.40585,0.38474,0.08033,0.013439,0.014472,0.11259,0.037369,0.042552,0.027066,0.028944,0.031343,0.11503,0.052566,0.061638,0.04027,0.048891,0.053001,0.1152,0.066648,0.078766,0.052122,0.006876,0.0067903,0.14437,0.032426,0.042987,-0.0031105,0.014463,0.01464,0.13867,0.042793,0.057997,0.0041329,0.023853,0.024726,0.13306,0.051854,0.070985,0.015595,0.0054768,0.0067035,0.082571,0.018238,0.014836,0.049893,0.01153,0.014061,0.085663,0.025898,0.021897,0.066189,0.019381,0.023156,0.087382,0.033329,0.028028,0.074399,0.0010859,0.00097827,0.2012,0.018474,0.024917,-0.011091,0.0033302,0.0031041,0.19892,0.027428,0.03628,-0.011751,0.0066181,0.0061857,0.19345,0.036012,0.048061,-0.014824,1.1498,410,"1"
-0.0010086,0.077073,0.077435,-0.9604,0.074753,-0.78167,-0.18611,-1.0159,2.992,-0.42041,2.5584,1.3554e-05,1.1492,4.5974,0.062238,6.6279,0.016406,0.9686,2.1657e+16,2.1657e+16,2.1657e+16,2.1657e+16,NA,NA,0.27011,0.17551,0.27011,0.33043,0.38069,0.1901,NA,NA,312,46.901,11318,410490,17.492,307.96,90544,3424,1864,0.91631,0.93894,0.064147,0.044301,0.046086,0.26687,1059.8,661.23,0.0131,0.0018363,0.025549,0.023073,0.016988,0.0068136,0.029586,0.011843,0.26362,0.48466,0.58228,0.13308,0.45302,0.39261,0.18071,0.49129,0.29498,0.18588,0.49362,0.28648,4.1592,3.1409,21488,46896,44980,0.14914,0.15157,0.10961,0.27368,0.27769,0.10589,0.35765,0.35854,0.09718,0.40721,0.40338,0.087398,0.43574,0.4292,0.078778,0.013363,0.013727,0.10227,0.035426,0.038691,0.010969,0.028423,0.029552,0.10318,0.049054,0.056157,0.021931,0.046399,0.048761,0.099863,0.059573,0.070861,0.035009,0.0081573,0.0081189,0.15644,0.037831,0.046123,-0.0014697,0.016717,0.016674,0.1464,0.048503,0.060535,-0.0010651,0.026109,0.026202,0.13303,0.055178,0.071232,0.001825,0.0046412,0.0050741,0.063913,0.01372,0.0082532,0.021911,0.0099629,0.01122,0.067608,0.020118,0.01395,0.040717,0.016813,0.019295,0.06924,0.026081,0.019634,0.060068,0.00056504,0.00053409,0.095633,0.0080763,0.020327,-0.0054557,0.0019271,0.0018757,0.10514,0.013698,0.029746,-0.0040975,0.0040429,0.0039291,0.10794,0.019182,0.03939,-0.0058214,1.077,410,"1"
-0.0014615,0.10748,0.10836,-0.94413,0.10227,-1.1679,0.23703,-0.061072,3.0958,-0.02164,2.7823,0.00016817,2.4727,7.5082,0.10793,13.845,0.034271,0.94581,2.7604e+16,2.7604e+16,2.7604e+16,2.7604e+16,NA,NA,0.5095,0.17357,0.5095,0.60655,0.64657,0.27713,NA,NA,203,83.099,11056,651890,12.723,170.28,88448,26088,3792,0.9114,0.93143,0.056704,0.043466,0.01539,0.20292,2008.5,959.41,0.024704,0.0039372,0.039038,0.02523,0.0041386,0.010232,0.0052482,0.01444,2.0712,2.8004,0.91196,0.12536,0.47014,0.38212,0.15994,0.5044,0.30057,0.14586,0.5349,0.28554,5.7279,3.057,62851,182620,181750,0.13982,0.12154,0.10803,0.24271,0.20796,0.098732,0.30117,0.25358,0.086036,0.32825,0.27382,0.074072,0.34172,0.28367,0.064953,0.014601,0.022071,0.11748,0.040588,0.059035,0.13203,0.03073,0.044824,0.11729,0.055467,0.079725,0.16188,0.050842,0.072787,0.11505,0.068546,0.097783,0.19236,0.0053871,0.0045216,0.10862,0.023569,0.03226,-0.025855,0.012148,0.010597,0.11185,0.033858,0.044606,-0.028339,0.02003,0.017763,0.1073,0.040932,0.053823,-0.031089,0.0078422,0.016191,0.11354,0.02859,0.044813,0.19444,0.015472,0.031025,0.11039,0.037258,0.0576,0.24751,0.025951,0.050044,0.11237,0.047707,0.070808,0.2922,0.0013714,0.0013584,0.24403,0.023472,0.027671,-0.00078857,0.0033298,0.003418,0.19101,0.026862,0.036124,0.0030563,0.0057725,0.0059843,0.16204,0.030152,0.044105,0.0053816,0.90246,410,"0"
-0.0017609,0.1663,0.16671,-0.91262,0.16194,-0.75815,-0.16926,-1.8317,6.2135,-0.30188,2.4331,0.0042779,3.3639,8.2553,0.16528,15.26,0.037773,0.9168,2.9456e+16,2.9456e+16,2.9456e+16,2.9456e+16,NA,NA,0.30475,0.26207,0.30475,0.25221,0.45758,0.17992,NA,NA,309,52.324,11474,432270,17.033,295.77,91792,9664,7152,0.91599,0.93853,0.071031,0.048955,0.048402,0.26282,1597.1,1002.2,0.015547,0.0019869,0.022371,0.022718,0.00070144,0.0040121,0.00089001,0.0072664,0.14713,1.4324,1.6863,0.13445,0.45397,0.39131,0.18199,0.49047,0.29811,0.18819,0.48903,0.2918,4.7929,3.1305,23514,54326,51997,0.15565,0.16469,0.12303,0.30518,0.32631,0.12699,0.41082,0.43569,0.12005,0.47776,0.49935,0.11028,0.52156,0.53922,0.10141,0.0077855,0.0078798,0.06408,0.017415,0.025954,0.0039671,0.019178,0.019496,0.074875,0.030078,0.042149,0.0077697,0.033967,0.034178,0.078626,0.040808,0.055837,0.0037419,0.005609,0.0057435,0.11569,0.02508,0.037962,0.0065396,0.01282,0.013386,0.12075,0.036622,0.053053,0.016662,0.021683,0.022562,0.11882,0.045721,0.064934,0.019345,0.001744,0.0017412,0.025829,0.00094661,-0.00095245,-0.00025359,0.0047427,0.0046636,0.034614,0.0049508,0.00251,-0.0038855,0.0088158,0.0084936,0.039047,0.0085218,0.0053613,-0.011005,0.00043256,0.0003952,0.078737,0.0058582,0.016545,-0.0085728,0.0017875,0.0016248,0.10489,0.012928,0.026372,-0.014017,0.0039205,0.0035814,0.11258,0.019159,0.036381,-0.017797,1.0183,410,"1"
-0.001875,0.11481,0.11443,-0.9409,0.11082,-0.77375,-0.17765,-0.046928,1.9897,0.29996,2.6312,0.0024819,2.3474,7.0162,0.11141,10.254,0.025381,0.94399,2.3567e+16,2.3567e+16,2.3567e+16,2.3567e+16,NA,NA,0.12229,0.16344,0.16344,0.2074,0.27681,0.12092,NA,NA,208,98.904,18902,1715500,14.31,205.84,151220,2000,1440,0.91152,0.93393,0.08865,0.064053,0.064093,0.29701,2000.6,1142.7,0.034735,0.0050631,0.024504,0.023398,0.00036224,0.0099542,0.00096026,0.013453,0.95884,2.5895,1.7293,0.13372,0.45306,0.38996,0.17839,0.47369,0.31237,0.1747,0.4798,0.30804,6.7147,3.1197,27572,76208,74246,0.14658,0.14074,0.13273,0.26179,0.24626,0.1248,0.34172,0.31815,0.1144,0.38892,0.35942,0.10285,0.41363,0.37951,0.092137,0.010631,0.010411,0.10024,0.029255,0.032836,-0.0061074,0.022978,0.02272,0.10277,0.041428,0.04856,-0.0044841,0.037066,0.037279,0.098293,0.049369,0.061914,0.0028327,0.0062613,0.0059084,0.14794,0.030782,0.039192,-0.012749,0.013462,0.012513,0.14525,0.041686,0.052378,-0.021523,0.02171,0.019995,0.13629,0.049098,0.062556,-0.0298,0.0042513,0.0044184,0.072131,0.013349,0.0088058,0.0072914,0.0092173,0.0099925,0.077066,0.019946,0.015145,0.020995,0.014701,0.016797,0.074594,0.023771,0.020835,0.043389,0.00011803,8.3872e-05,0.024612,-0.00014474,0.0096033,-0.010314,0.00033839,0.00024317,0.022747,-0.00049246,0.015395,-0.01371,0.0007095,0.00052525,0.02334,-0.00054903,0.021652,-0.018779,0.90981,410,"0"
-0.00090539,0.089792,0.089043,-0.95433,0.088036,-0.85281,-0.10638,-0.60143,2.6137,-0.24136,2.7584,5.4112e-05,1.8601,6.5839,0.079484,10.525,0.026052,0.95996,2.2987e+16,2.2987e+16,2.2987e+16,2.2987e+16,NA,NA,0.24944,0.1319,0.24944,0.27992,0.43994,0.16175,NA,NA,335,27.224,4408,60475,16.91,299.83,35264,5368,3088,0.91597,0.94281,0.0092534,0.0062593,0.0073996,0.10452,1299.1,794.22,0.013571,0.0021409,0.031642,0.033169,0.0063175,0.016527,0.011888,0.037547,0.38225,1.6203,1.26,0.12481,0.44941,0.40547,0.16348,0.49079,0.31403,0.16197,0.49359,0.31169,5.5654,3.2438,16057,29507,27536,0.12905,0.12179,0.071362,0.22836,0.21422,0.06648,0.30182,0.28247,0.061705,0.34443,0.32007,0.055622,0.3718,0.34377,0.050576,0.014599,0.015235,0.084062,0.034221,0.03918,0.018164,0.03009,0.031933,0.082189,0.045571,0.056317,0.034574,0.04903,0.053276,0.0794,0.055246,0.071913,0.061108,0.0084285,0.0081407,0.12162,0.033987,0.044821,-0.010771,0.016973,0.016896,0.11184,0.042712,0.05946,-0.001894,0.026321,0.026936,0.10091,0.048198,0.070761,0.011819,0.0056774,0.0065287,0.058826,0.015832,0.010046,0.038291,0.011505,0.013236,0.058745,0.021327,0.015228,0.051885,0.019185,0.022428,0.059448,0.02715,0.02116,0.073576,0.00049289,0.00056561,0.062768,0.0058416,0.020025,0.016357,0.0021295,0.0025134,0.087418,0.013408,0.031368,0.029629,0.0048906,0.0058854,0.098247,0.020923,0.043769,0.046775,0.85808,410,"1"
-0.0022578,0.19541,0.19531,-0.89678,0.18891,-0.73433,-0.18115,0.67812,2.7571,0.19399,2.7606,7.2795e-05,2.63,5.9873,0.19206,8.8461,0.021896,0.9031,2.9356e+16,2.9356e+16,2.9356e+16,2.9356e+16,NA,NA,0.23199,0.23493,0.23493,0.28138,0.33969,0.18077,NA,NA,265,55.906,12540,592840,16.145,262.1,100320,2416,2296,0.91228,0.93507,0.049632,0.036587,0.017679,0.21186,1302.1,725.75,0.017185,0.0024927,0.034719,0.03344,0.003873,0.016241,0.005278,0.032472,0.16093,0.15912,0.093908,0.13899,0.45631,0.38311,0.18504,0.49802,0.28438,0.19955,0.49718,0.26936,4.1341,3.0649,31030,75849,74732,0.14623,0.14637,0.10341,0.30594,0.31777,0.1139,0.43391,0.45798,0.11345,0.50869,0.53431,0.10506,0.55153,0.57312,0.095945,0.0062212,0.0053014,0.045812,0.011323,0.019543,-0.031183,0.014254,0.012753,0.049788,0.017929,0.031338,-0.031421,0.025084,0.023218,0.051949,0.024358,0.042218,-0.028758,0.0040713,0.0035872,0.075127,0.015605,0.027602,-0.020314,0.0095467,0.0089847,0.080449,0.02371,0.040434,-0.014456,0.017324,0.017026,0.084934,0.032452,0.052268,-0.0055532,0.0019348,0.0015525,0.025637,0.0017213,-0.00020921,-0.022898,0.0041085,0.0033241,0.026827,0.0028487,0.0011186,-0.029585,0.0065982,0.005328,0.026147,0.0031914,0.0020993,-0.036767,0.00021518,0.00016164,0.035043,0.0016215,0.013714,-0.012657,0.00075956,0.00057106,0.039875,0.0032417,0.01939,-0.017943,0.0014484,0.0010935,0.037211,0.0037926,0.024906,-0.022328,1.0377,410,"1"
-0.0055269,0.18996,0.18965,-0.89993,0.17735,-0.67068,-0.25475,0.13253,2.0219,0.091271,2.8748,0.0013398,2.102,4.7262,0.19685,6.7084,0.016605,0.9012,2.7272e+16,2.7272e+16,2.7272e+16,2.7272e+16,NA,NA,0.29495,0.2555,0.29495,0.1985,0.25522,0.12911,NA,NA,296,45.159,10749,389980,17.056,292.59,85992,2232,1792,0.91319,0.93688,0.032415,0.023279,0.0046436,0.13961,1017.3,625.68,0.017733,0.0023897,0.04495,0.038885,0.0095098,0.0064895,0.01893,0.0068129,0.069889,1.5914,1.7481,0.13778,0.45103,0.38859,0.19295,0.48604,0.28355,0.20274,0.485,0.2717,4.1917,3.1087,23857,53681,52335,0.15206,0.15981,0.103,0.30272,0.32269,0.10795,0.42082,0.44742,0.10539,0.48944,0.51354,0.096819,0.53048,0.55021,0.088394,0.0054463,0.0047525,0.038415,0.008593,0.019457,-0.028909,0.013507,0.012139,0.045192,0.015985,0.03206,-0.033087,0.024391,0.022194,0.048385,0.022747,0.042824,-0.03831,0.0032603,0.0028768,0.057626,0.011094,0.028769,-0.020517,0.0080818,0.0073204,0.065234,0.01843,0.040068,-0.023924,0.014783,0.013666,0.06942,0.025622,0.049608,-0.025063,0.0018514,0.0016111,0.023499,0.0013306,-0.0015607,-0.016981,0.0044739,0.004039,0.027982,0.0038174,0.0010837,-0.017859,0.0077451,0.006988,0.029398,0.0055809,0.0027685,-0.022754,0.00033462,0.00026455,0.052199,0.0036896,0.014859,-0.013995,0.0011064,0.00091121,0.055634,0.0061324,0.023063,-0.016924,0.002349,0.0019541,0.057804,0.0088092,0.031834,-0.022719,1.0197,410,"1"
-0.0015353,0.05393,0.054116,-0.9725,0.049764,-1.2483,0.28359,-0.84261,2.857,-0.3101,2.6848,1.6261e-05,1.0704,4.9828,0.045961,6.6101,0.016362,0.97688,2.2664e+16,2.2664e+16,2.2664e+16,2.2664e+16,NA,NA,0.44518,0.18072,0.44518,0.52856,0.67663,0.22694,NA,NA,178,123.19,20408,2336400,13.223,175.91,163260,1720,1136,0.9086,0.92406,0.25642,0.21033,0.093776,0.61848,4744.2,1975.6,0.035927,0.0039663,0.059249,0.028676,0.0080118,0.00054689,0.009074,0.00041073,0.98414,1.9116,1.4428,0.15149,0.46305,0.36541,0.18442,0.51495,0.27852,0.20967,0.49236,0.27271,15.369,2.9233,52855,225900,224670,0.16913,0.21207,0.15943,0.32407,0.3915,0.16082,0.43651,0.50244,0.15213,0.50479,0.56779,0.13896,0.54905,0.60795,0.12732,0.011024,0.0094934,0.10821,0.03136,0.029353,-0.027597,0.025365,0.022538,0.1181,0.048183,0.045402,-0.030789,0.043462,0.039084,0.11998,0.062241,0.058648,-0.035631,0.0086762,0.0076189,0.21341,0.046137,0.042654,-0.02112,0.019137,0.017439,0.21497,0.064424,0.059907,-0.021091,0.031844,0.029541,0.2081,0.079054,0.073597,-0.021635,0.00104,0.00063852,0.018369,-0.0024992,-0.0024155,-0.024475,0.0027447,0.0017735,0.02389,-0.0012546,-0.0017639,-0.03224,0.0050551,0.0033429,0.026702,-0.00021991,-0.0013321,-0.04024,0.0013078,0.0012361,0.28391,0.024666,0.025224,-0.0040697,0.0035689,0.003387,0.24975,0.03216,0.033893,-0.0053182,0.0067792,0.0063617,0.23216,0.040136,0.042622,-0.0085566,0.78849,410,"1"
-0.0046697,0.271,0.27695,-0.84992,0.25506,-0.61095,-0.28118,-1.4152,4.3335,-0.37439,2.4542,0.0012182,2.0966,3.9544,0.27973,5.3096,0.013143,0.85839,3.3318e+16,3.3318e+16,3.3318e+16,3.3318e+16,NA,NA,0.46969,0.36436,0.46969,0.4206,0.49725,0.23881,NA,NA,258,70.55,15858,973270,15.949,255.59,126860,2200,1600,0.91333,0.93337,0.091029,0.065957,0.051535,0.31516,1474.1,880.1,0.021329,0.003095,0.036925,0.032948,0.00038754,0.0056789,0.00070759,0.0080864,0.7521,1.2348,0.93259,0.14215,0.44981,0.38528,0.19251,0.47878,0.29424,0.20327,0.47233,0.2875,4.81,3.0823,18712,49121,47473,0.15039,0.15374,0.12619,0.30586,0.31617,0.13511,0.42762,0.44329,0.13266,0.50337,0.51975,0.12335,0.55016,0.56298,0.11356,0.0036306,0.0030915,0.031723,0.0030902,0.014714,-0.028013,0.0091246,0.0079569,0.037818,0.0076495,0.024406,-0.035169,0.0171,0.015334,0.04202,0.012663,0.033262,-0.037862,0.0031835,0.0027676,0.069705,0.011937,0.026681,-0.022953,0.0078249,0.0070035,0.078241,0.019628,0.037461,-0.026593,0.014071,0.013059,0.081854,0.026669,0.047587,-0.023638,0.00024758,0.00017854,0.0038926,-0.0061032,-0.0057295,-0.01413,0.00075268,0.00055715,0.0058316,-0.00745,-0.0055653,-0.020805,0.0018537,0.0014185,0.008716,-0.0078637,-0.0055205,-0.030241,0.00019953,0.0001453,0.038556,0.0014622,0.013276,-0.013866,0.00061426,0.00045297,0.038264,0.0021542,0.018421,-0.019286,0.0013239,0.00097797,0.040355,0.0033526,0.023436,-0.026856,1.0577,410,"1"
-0.013677,0.33162,0.33848,-0.81283,0.30217,-0.5466,-0.32753,0.35293,2.7809,0.16039,2.8713,0.00015714,4.3808,7.2232,0.36607,10.587,0.026205,0.81586,3.2147e+16,3.2147e+16,3.2147e+16,3.2147e+16,NA,NA,0.1668,0.16467,0.1668,0.25246,0.29036,0.14744,NA,NA,307,42.27,9828,314860,17.32,302.28,78624,4136,1896,0.91483,0.93806,0.033033,0.023491,0.0039671,0.15749,1171.9,681.07,0.015792,0.0022116,0.047581,0.042182,0.017763,0.053242,0.032571,0.095674,0.33471,1.2678,1.624,0.13872,0.45241,0.38526,0.19691,0.49675,0.26768,0.20393,0.49695,0.25638,4.6518,3.0821,15262,32950,30419,0.15293,0.15969,0.10038,0.30177,0.3173,0.10427,0.41847,0.43981,0.10154,0.49067,0.51063,0.094049,0.52842,0.544,0.085317,0.0083153,0.0075054,0.056831,0.01751,0.024858,-0.027514,0.019298,0.017757,0.062562,0.0276,0.039502,-0.031278,0.032419,0.030316,0.062314,0.034733,0.051195,-0.031806,0.0053235,0.005045,0.091172,0.021362,0.033831,-0.012103,0.013158,0.012672,0.10291,0.034387,0.050126,-0.012066,0.022583,0.02213,0.10276,0.043718,0.062701,-0.0082104,0.0022921,0.0019,0.028189,0.0031483,0.0004174,-0.023502,0.0043467,0.0036203,0.026343,0.0034037,0.0011765,-0.029732,0.0069952,0.0058785,0.025727,0.0039097,0.0018484,-0.035535,0.00069972,0.00056039,0.10576,0.0099573,0.018981,-0.017407,0.0018441,0.0015008,0.08985,0.012233,0.02657,-0.022202,0.0030557,0.0024747,0.07286,0.012607,0.033482,-0.027767,0.96211,410,"1"
-0.007102,0.30022,0.29722,-0.83789,0.28368,-0.65905,-0.21344,-0.61446,6.5771,0.0593,2.7326,0.0020586,3.6116,6.3619,0.3207,9.6034,0.023771,0.83904,3.4976e+16,3.4976e+16,3.4976e+16,3.4976e+16,NA,NA,0.51571,0.18261,0.51571,0.31838,0.58009,0.18042,NA,NA,295,40.664,7629,200340,16.57,280.67,61032,7240,2792,0.91423,0.9384,0.12623,0.090284,0.075831,0.4768,1824.5,881.86,0.022696,0.0037263,0.032137,0.030654,0.0013741,0.00084287,0.0051105,0.00015836,2.3768,2.8649,0.73493,0.12129,0.45221,0.40759,0.14523,0.48673,0.34174,0.13812,0.48521,0.35233,6.2412,3.2608,28100,58134,56306,0.11658,0.10258,0.071945,0.21141,0.1834,0.068687,0.27527,0.23664,0.062808,0.30969,0.26438,0.055816,0.32595,0.2771,0.049485,0.016285,0.020123,0.10466,0.041344,0.050168,0.084548,0.030417,0.035991,0.092722,0.048839,0.062551,0.08633,0.047341,0.054259,0.085563,0.055901,0.073729,0.084888,0.0086889,0.0096968,0.13993,0.037216,0.049478,0.030155,0.01564,0.016881,0.11502,0.041028,0.058453,0.026348,0.023438,0.024708,0.10028,0.044335,0.066113,0.021784,0.0072512,0.010128,0.083853,0.023105,0.021528,0.09402,0.013597,0.018083,0.077482,0.028178,0.026106,0.10292,0.021551,0.027546,0.074527,0.033543,0.030345,0.10749,0.00034506,0.00029803,0.049042,0.0036942,0.016738,-0.008693,0.0013074,0.0011476,0.0599,0.0074852,0.02428,-0.013453,0.0028553,0.002534,0.064018,0.011136,0.032878,-0.016347,0.83205,410,"0"
-0.0028344,0.085545,0.08518,-0.95635,0.080242,-1.1866,0.24076,-0.55137,3.1122,-0.10492,2.8159,0.00010215,1.315,4.7168,0.077396,6.4538,0.015975,0.96104,2.6434e+16,2.6434e+16,2.6434e+16,2.6434e+16,NA,NA,0.33473,0.21776,0.33473,0.41914,0.60423,0.20744,NA,NA,140,177.43,23303,3873000,11.699,137.92,186420,2008,1960,0.90528,0.92194,0.25649,0.20878,0.11046,0.60012,4440,2175.2,0.032187,0.0041083,0.039875,0.02556,0.0057877,0.008732,0.0076936,0.013404,0.39177,0.99403,1.0383,0.14886,0.47654,0.35306,0.18124,0.53223,0.26429,0.19888,0.52789,0.24423,12.195,2.8245,50341,224300,223020,0.16871,0.18714,0.17614,0.32887,0.35889,0.18076,0.43849,0.46864,0.16926,0.50334,0.52675,0.15347,0.54154,0.56066,0.13908,0.011487,0.012418,0.12488,0.034905,0.038176,0.016372,0.024961,0.026048,0.12872,0.049734,0.053261,0.012036,0.040616,0.041594,0.12418,0.060048,0.064389,0.0082668,0.0088315,0.010301,0.2406,0.049628,0.056088,0.029177,0.018281,0.020634,0.22744,0.06443,0.071202,0.030045,0.028583,0.031599,0.20689,0.07351,0.08129,0.03005,0.0019882,0.0016221,0.038896,0.0023848,0.00013919,-0.015594,0.0050008,0.0041122,0.048209,0.0066197,0.0029288,-0.022327,0.0092425,0.0077113,0.054072,0.010972,0.0058465,-0.02702,0.00066697,0.00049485,0.16036,0.011912,0.017086,-0.013399,0.0018188,0.0014192,0.14097,0.015248,0.022782,-0.016753,0.0033303,0.0027545,0.12631,0.01793,0.028163,-0.016917,0.81683,410,"1"
-0.011564,0.36106,0.36007,-0.7994,0.33912,-0.60656,-0.24124,-0.30624,2.9689,-0.067411,2.8468,0.00014568,3.2626,5.1537,0.39882,7.8206,0.019358,0.79997,3.325e+16,3.325e+16,3.325e+16,3.325e+16,NA,NA,0.43009,0.14133,0.43009,0.17425,0.49435,0.15092,NA,NA,367,25.757,1669,16312,8.7456,93.13,13352,8416,6808,0.91685,0.94168,0.054178,0.037133,0.035392,0.22273,1126.4,694.16,0.018274,0.002399,0.024615,0.026594,0.0015424,0.0063282,0.0053464,0.024792,0.52559,1.3996,1.1476,0.13741,0.44642,0.39374,0.21112,0.47449,0.27406,0.21465,0.47897,0.26603,5.2913,3.1499,15568,29407,27496,0.15549,0.1624,0.088356,0.28274,0.29568,0.084581,0.37765,0.39036,0.07934,0.44484,0.4548,0.073821,0.48604,0.49299,0.067941,0.009975,0.0099369,0.059023,0.021138,0.028957,-0.0012986,0.021188,0.021268,0.05947,0.029248,0.043265,0.0017758,0.03546,0.035588,0.059009,0.036619,0.055602,0.0021456,0.0059475,0.0058666,0.088189,0.022788,0.038345,-0.0036545,0.013679,0.013814,0.092624,0.033504,0.053799,0.0037624,0.02318,0.023505,0.091319,0.041942,0.06566,0.0066953,0.0034766,0.0035661,0.037018,0.0075182,0.0025629,0.004903,0.006197,0.006323,0.032515,0.0079338,0.003759,0.0049505,0.0097411,0.0099222,0.031017,0.0090152,0.0052301,0.0056316,0.00055079,0.00050419,0.072078,0.0068553,0.017115,-0.0081226,0.0016211,0.0014537,0.068387,0.0096273,0.025543,-0.013709,0.0031777,0.0027756,0.0656,0.012347,0.034706,-0.022662,0.86288,410,"1"
-0.0082284,0.45363,0.45785,-0.73555,0.42693,-0.54441,-0.25986,-0.29519,4.5769,0.010809,2.7787,0.00098819,4.2853,5.9549,0.51536,9.3497,0.023143,0.74011,3.894e+16,3.894e+16,3.894e+16,3.894e+16,NA,NA,0.5779,0.1953,0.5779,0.29768,0.64223,0.17283,NA,NA,283,45.092,8352,254350,15.9,261,66816,11512,4048,0.91322,0.93682,0.043237,0.032096,0.0035907,0.21266,1595.8,757.36,0.019047,0.0034097,0.042451,0.031414,0.0050101,0.034763,0.005938,0.055287,1.7747,1.5635,0.04817,0.12143,0.46329,0.39657,0.14515,0.51395,0.31462,0.13417,0.54157,0.301,5.5147,3.1725,37939,90139,88929,0.11927,0.10371,0.076939,0.21993,0.18996,0.074688,0.28873,0.24625,0.068861,0.32626,0.27572,0.061463,0.34353,0.28893,0.054513,0.014561,0.020619,0.097807,0.036891,0.05124,0.12138,0.032402,0.045808,0.10324,0.053981,0.075029,0.16821,0.053963,0.075705,0.10194,0.067268,0.094043,0.20566,0.0053396,0.0047457,0.08988,0.021255,0.032557,-0.018974,0.010688,0.0097173,0.082158,0.026246,0.042259,-0.020555,0.0168,0.015399,0.075133,0.029735,0.049667,-0.023201,0.0083219,0.014955,0.10059,0.028059,0.035636,0.17758,0.019524,0.033628,0.11629,0.045126,0.054851,0.22825,0.033429,0.055942,0.12084,0.059142,0.07029,0.26727,0.00089931,0.0009178,0.1336,0.013298,0.021935,0.0017435,0.0027622,0.0030977,0.13227,0.019771,0.033185,0.014668,0.0051812,0.00615,0.12142,0.024233,0.043779,0.029328,0.89044,410,"0"
-0.0039043,0.1997,0.19649,-0.89612,0.19559,-0.83553,-0.067617,-0.84135,4.3713,-0.16283,2.7458,0.001203,2.6771,5.9431,0.20194,8.8232,0.02184,0.89852,2.9969e+16,2.9969e+16,2.9969e+16,2.9969e+16,NA,NA,0.29883,0.13697,0.29883,0.3026,0.49672,0.21705,NA,NA,261,62.701,10586,449780,14.993,233.72,84688,18416,5200,0.91498,0.93895,0.11932,0.082176,0.093745,0.41463,1384.2,828.23,0.020167,0.0029923,0.026407,0.027512,0.0029929,0.0047693,0.0084384,0.01316,1.6431,1.6629,0.069266,0.1308,0.45428,0.39303,0.17366,0.49615,0.29641,0.17557,0.50032,0.28883,5.1555,3.1442,10054,22694,19745,0.12831,0.12177,0.10061,0.23382,0.22197,0.096516,0.30443,0.28825,0.088248,0.3435,0.32326,0.078654,0.36648,0.34284,0.070685,0.013836,0.015141,0.11296,0.038253,0.042125,0.040116,0.030246,0.03328,0.11714,0.054797,0.062508,0.0594,0.050149,0.055179,0.11515,0.067894,0.079205,0.074246,0.0093536,0.010286,0.19137,0.045738,0.054701,0.034425,0.019386,0.021003,0.18113,0.059496,0.071544,0.038846,0.030211,0.032453,0.16422,0.067691,0.08314,0.041687,0.0033955,0.0037086,0.049886,0.0084889,0.0042337,0.019483,0.0081782,0.0094582,0.059208,0.015371,0.010837,0.04859,0.015201,0.017823,0.066787,0.023238,0.017991,0.069974,0.0010867,0.0011458,0.19622,0.018249,0.026506,0.0069966,0.0029487,0.0031988,0.17163,0.023557,0.037189,0.015843,0.0056418,0.0061457,0.1607,0.029582,0.047834,0.022335,0.96568,410,"1"
-0.0066371,0.28459,0.28405,-0.84573,0.2708,-0.66306,-0.21599,0.72873,4.3765,0.065542,2.7955,0.00073025,2.9711,5.3967,0.30162,7.6277,0.018881,0.84835,3.3128e+16,3.3128e+16,3.3128e+16,3.3128e+16,NA,NA,0.40549,0.2313,0.40549,0.30466,0.3736,0.18902,NA,NA,329,43.043,8689,233700,17.437,311.62,69512,6528,4992,0.91426,0.93775,0.085944,0.06032,0.048951,0.33634,1674.1,914.81,0.01841,0.0030807,0.028816,0.028636,0.0055324,0.014356,0.010828,0.026162,1.498,3.3795,1.852,0.12713,0.45398,0.39727,0.16613,0.48954,0.30888,0.16126,0.4937,0.31034,5.3495,3.1782,13482,29852,27806,0.14755,0.1417,0.1058,0.26401,0.24872,0.099664,0.33963,0.31731,0.090038,0.38464,0.3569,0.080545,0.40846,0.37706,0.072049,0.0084203,0.0085814,0.062871,0.018665,0.026163,0.0058523,0.019353,0.019954,0.068546,0.028992,0.040642,0.013488,0.033866,0.034917,0.071115,0.038663,0.053828,0.017317,0.0030361,0.002663,0.056807,0.010233,0.025369,-0.0243,0.008121,0.0074633,0.06939,0.019103,0.03714,-0.023188,0.014718,0.013796,0.073164,0.026214,0.047274,-0.02299,0.0049374,0.0055355,0.066339,0.014841,0.009934,0.027082,0.0099881,0.011423,0.066131,0.019938,0.015051,0.043454,0.016744,0.019026,0.067279,0.025605,0.019844,0.052487,0.00044678,0.00038285,0.073776,0.0058318,0.015584,-0.011452,0.0014807,0.0013065,0.07882,0.0096031,0.024322,-0.014846,0.0030665,0.002732,0.079882,0.013252,0.033335,-0.018426,0.93106,410,"1"
-0.0031329,0.17141,0.16761,-0.91213,0.16636,-0.99093,0.086387,0.078302,3.6569,-0.017572,2.8475,6.138e-05,1.9475,4.6644,0.17347,6.1073,0.015117,0.91297,3.1394e+16,3.1394e+16,3.1394e+16,3.1394e+16,NA,NA,0.41904,0.17972,0.41904,0.65039,0.87201,0.32104,NA,NA,254,60.248,12070,573040,15.779,250.65,96560,2472,2320,0.91152,0.93408,0.17274,0.13424,0.059835,0.55515,2952.7,1219.6,0.024156,0.0037742,0.035036,0.026591,0.0020065,0.021726,0.0034678,0.033257,0.12503,0.35061,0.8915,0.15161,0.46134,0.36679,0.21014,0.50883,0.25349,0.23188,0.50995,0.2305,10.215,2.9343,48135,142300,141190,0.1586,0.1701,0.11536,0.2864,0.29869,0.10967,0.37168,0.37641,0.09995,0.41764,0.41668,0.088713,0.44081,0.43538,0.078872,0.024782,0.035113,0.1877,0.073216,0.08553,0.14339,0.054173,0.075477,0.19463,0.10442,0.12057,0.18772,0.088132,0.12265,0.18773,0.1269,0.14874,0.23373,0.021392,0.03227,0.40602,0.10825,0.1302,0.16039,0.044851,0.067056,0.38874,0.14317,0.17049,0.21187,0.070062,0.10534,0.35329,0.16478,0.19953,0.26275,0.0021285,0.0017599,0.02901,0.0025984,0.00013232,-0.017546,0.0050484,0.0044778,0.033906,0.0056387,0.0030237,-0.016056,0.0088618,0.0083355,0.036119,0.0082696,0.0060478,-0.01079,0.0012613,0.0010835,0.21128,0.02075,0.023495,-0.01286,0.0043207,0.0039786,0.2333,0.03482,0.037797,-0.011221,0.0092664,0.0090185,0.24486,0.049748,0.054307,-0.0051808,0.78863,410,"0"
-0.018006,0.4188,0.41286,-0.76559,0.39954,-0.62808,-0.17962,-0.25095,3.5778,-0.11837,2.8217,4.9033e-05,6.2438,9.125,0.46592,14.747,0.036502,0.76627,3.5778e+16,3.5778e+16,3.5778e+16,3.5778e+16,NA,NA,0.44052,0.17027,0.44052,0.30548,0.5499,0.1742,NA,NA,408,23.6,3839,41466,16.672,303.72,30712,9864,5832,0.91634,0.94254,0.019819,0.013587,0.0010866,0.13187,1154.5,743.22,0.013934,0.002467,0.031622,0.035976,0.0049892,0.011016,0.0070839,0.033352,0.48346,0.36719,0.87456,0.12537,0.44508,0.40068,0.15641,0.47722,0.31412,0.15604,0.4587,0.31022,6.9608,3.2055,30397,59794,58041,0.13501,0.13937,0.080085,0.24985,0.25864,0.078025,0.33968,0.34846,0.074497,0.40176,0.40856,0.069599,0.44323,0.44706,0.064677,0.010156,0.0094572,0.062734,0.022149,0.03022,-0.021174,0.02291,0.021607,0.067129,0.033248,0.045586,-0.024496,0.038182,0.036167,0.06633,0.041409,0.057463,-0.028237,0.0047429,0.0041701,0.073415,0.017499,0.032884,-0.025267,0.010449,0.0092999,0.073864,0.024426,0.044988,-0.031624,0.017142,0.015425,0.070498,0.029266,0.053679,-0.035641,0.0048223,0.0047074,0.053601,0.013019,0.0079208,-0.0049169,0.010116,0.009974,0.055406,0.018439,0.012068,-0.0039006,0.01603,0.01576,0.053285,0.021817,0.014895,-0.0056965,0.00059092,0.00057963,0.080725,0.0076675,0.020499,-0.0018124,0.0024203,0.0024048,0.10658,0.016218,0.032204,-0.00099316,0.0054648,0.0054177,0.11777,0.024721,0.043808,-0.0017886,0.83847,410,"0"
-0.012669,0.3052,0.30672,-0.83218,0.28118,-0.59203,-0.28858,-0.094,2.4228,-0.14898,2.8674,0.00061632,3.3111,5.7598,0.32887,8.3058,0.020559,0.83468,3.0677e+16,3.0677e+16,3.0677e+16,3.0677e+16,NA,NA,0.22217,0.15765,0.22217,0.21362,0.2465,0.13129,NA,NA,365,29.942,2922,46451,12.009,153.9,23376,21680,5360,0.91602,0.94263,0.0536,0.035303,0.052018,0.19159,1218.5,757.29,0.018049,0.0025935,0.022138,0.027075,0.0019131,0.0068799,0.0052491,0.016939,0.10124,1.5227,1.535,0.12866,0.45804,0.39233,0.1808,0.51526,0.26668,0.18358,0.52056,0.25722,5.7156,3.1387,9782.3,17852,14255,0.15561,0.15831,0.093924,0.28407,0.28728,0.090265,0.36038,0.36112,0.08042,0.40386,0.40146,0.071188,0.43004,0.42522,0.063851,0.011357,0.011604,0.071377,0.025975,0.03324,0.010978,0.023926,0.024381,0.071331,0.035537,0.048692,0.013,0.038415,0.038634,0.067903,0.042117,0.060139,0.0047982,0.0070241,0.0072063,0.11063,0.028721,0.041063,0.010186,0.014199,0.014552,0.10213,0.036146,0.054543,0.012954,0.02202,0.022116,0.092144,0.040615,0.063432,0.0027214,0.0034212,0.003497,0.038692,0.0075314,0.0038888,0.0061049,0.0074677,0.0075786,0.041619,0.011562,0.0073733,0.0056247,0.012369,0.012528,0.041835,0.014608,0.010279,0.0060393,0.00091129,0.00090068,0.12667,0.013055,0.025835,-0.001762,0.0023702,0.0023524,0.1062,0.015957,0.034645,-0.0016556,0.0044514,0.0043909,0.097607,0.019531,0.043277,-0.003924,0.85558,410,"1"
-0.0088994,0.32084,0.3205,-0.82384,0.30495,-0.64238,-0.22027,-0.12655,2.7208,0.024001,2.8793,0.00021426,4.0164,7.0911,0.31939,10.713,0.026517,0.83741,3.3141e+16,3.3141e+16,3.3141e+16,3.3141e+16,NA,NA,0.20466,0.22515,0.22515,0.16516,0.2292,0.13183,NA,NA,400,30.3,3824,47340,14.411,238.01,30592,13192,5240,0.91545,0.94269,0.041819,0.027491,0.036064,0.14659,1225.8,707.34,0.016392,0.0023138,0.022846,0.024187,0.0026809,0.0022802,0.0049165,0.0048531,0.14512,0.81052,0.92618,0.12854,0.44745,0.40296,0.17521,0.4784,0.31164,0.17986,0.47695,0.30728,5.0956,3.2236,6155.3,12076,8205.8,0.15152,0.1587,0.10261,0.28385,0.29339,0.1012,0.37503,0.3817,0.093905,0.43173,0.4351,0.085388,0.46845,0.46895,0.078045,0.0079764,0.0082788,0.056252,0.016706,0.027166,0.016279,0.018423,0.019362,0.061631,0.026223,0.043319,0.030916,0.032663,0.034194,0.064784,0.035674,0.056654,0.036763,0.0059875,0.0063311,0.10581,0.025123,0.041386,0.021514,0.0136,0.014352,0.10976,0.036383,0.056786,0.028521,0.022647,0.023698,0.10633,0.044578,0.067707,0.029803,0.001881,0.0018533,0.02387,0.0014557,-0.0014038,-0.0029273,0.0041775,0.004419,0.026124,0.0029812,0.0016767,0.016643,0.0083529,0.0089796,0.0317,0.0068831,0.0051833,0.029985,0.00010799,9.4403e-05,0.016843,-0.0003014,0.013348,-0.0099201,0.00065244,0.00059649,0.032803,0.0022567,0.022934,-0.011028,0.0017823,0.0016158,0.043851,0.0056005,0.032394,-0.017927,0.93749,410,"1"
-0.00029797,0.23512,0.23533,-0.87413,0.23423,-0.93394,0.068426,-2.0125,9.2489,-0.20116,2.5618,0.0052653,3.7487,7.5343,0.24635,12.467,0.030858,0.87623,3.5084e+16,3.5084e+16,3.5084e+16,3.5084e+16,NA,NA,0.25487,0.15162,0.25487,0.18995,0.31866,0.13112,NA,NA,219,49.205,8203,307540,14.566,214.41,65624,3000,2184,0.91337,0.9363,0.025085,0.020616,0.0063905,0.049923,1353.4,701.14,0.021591,0.00249,0.075846,0.039512,0.0069021,0.0090612,0.0082978,0.014283,0.32961,0.66101,0.82514,0.1313,0.45862,0.38948,0.16042,0.48426,0.32843,0.16962,0.50745,0.29376,5.795,3.1159,92282,288400,287850,0.12879,0.12246,0.069057,0.25845,0.23416,0.072959,0.35598,0.30696,0.070571,0.42095,0.35161,0.065918,0.47084,0.38748,0.062107,0.0021967,0.001289,0.012265,-0.0016238,0.0086614,-0.032743,0.0062117,0.0037374,0.016452,0.00070025,0.014852,-0.046203,0.011337,0.0070113,0.017802,0.0020792,0.019806,-0.056454,0.0017858,0.0010481,0.024987,0.0031141,0.01766,-0.028872,0.0047326,0.0028689,0.03024,0.0066869,0.024485,-0.039302,0.008429,0.0052931,0.031334,0.0091475,0.029696,-0.047621,0.00023549,0.00013478,0.0023661,-0.0049028,-0.005362,-0.01273,0.00090859,0.00053311,0.0044986,-0.005539,-0.0058283,-0.019849,0.0020211,0.0012013,0.0060729,-0.0059393,-0.0061651,-0.025502,0.00017532,0.0001062,0.02165,0.00078509,0.0093858,-0.0094243,0.00058074,0.00034136,0.023117,0.0014603,0.013997,-0.014568,0.00098284,0.000573,0.019146,0.0009539,0.01799,-0.017462,0.82678,410,"0"
-0.066351,0.8234,0.92233,-0.27461,0.55563,-0.44777,0.63054,0.17048,2.1915,0.15834,2.852,0.00075197,3.022,2.5068,1.4462,2.8803,0.0071295,0.27475,4.1261e+16,4.1261e+16,4.1261e+16,4.1261e+16,NA,NA,0.24387,0.12724,0.24387,0.22916,0.43557,0.16499,NA,NA,349,34.673,5125,87998,15.001,250.2,41000,10064,10008,0.9131,0.93756,0.069031,0.049882,0.041599,0.43628,952.12,596.47,0.011089,0.0016056,0.030316,0.025021,0.0071733,0.020214,0.010981,0.040498,0.21269,0.036759,0.058438,0.14389,0.44601,0.38117,0.21256,0.47105,0.26314,0.21839,0.46111,0.25461,4.7748,3.0493,15113,33294,31751,0.11951,0.11698,0.07714,0.23792,0.23207,0.080845,0.33614,0.33276,0.080214,0.40414,0.40257,0.07618,0.44935,0.44772,0.071348,0.013206,0.01551,0.088762,0.032664,0.039715,0.056115,0.028939,0.035349,0.092264,0.046959,0.06044,0.097962,0.04744,0.057893,0.089672,0.057345,0.075886,0.12151,0.011824,0.014279,0.19915,0.053814,0.062284,0.062698,0.025093,0.03192,0.193,0.071986,0.087439,0.11102,0.039745,0.051118,0.17785,0.083717,0.10414,0.14287,0.0011713,0.0010609,0.014167,-0.0015155,-0.0025649,-0.0093163,0.0029013,0.0026571,0.017291,-0.00060276,-0.0016825,-0.011766,0.0049561,0.004419,0.017925,-0.00038826,-0.0015423,-0.018782,0.00021091,0.00016972,0.031351,0.0014742,0.015557,-0.0099504,0.001006,0.00082143,0.048202,0.0051467,0.02313,-0.017669,0.0029134,0.0025014,0.068316,0.011713,0.034156,-0.020808,1.0024,410,"0"
-0.0013905,0.11694,0.11675,-0.93966,0.11394,-1.0855,0.1552,0.39113,3.4835,0.07745,2.8184,5.8509e-05,1.6025,4.8287,0.10964,6.6631,0.016493,0.94478,2.8003e+16,2.8003e+16,2.8003e+16,2.8003e+16,NA,NA,0.47315,0.21035,0.47315,0.32522,0.69764,0.19565,NA,NA,221,80.498,12699,739140,14.39,211.31,101590,9856,8168,0.9108,0.93206,0.25505,0.19613,0.13573,0.70439,3850,1603.4,0.026862,0.003346,0.032441,0.028294,0.00010161,0.002232,1.3154e-05,0.001781,0.33759,1.2132,0.32375,0.14159,0.4733,0.36742,0.18926,0.54135,0.24861,0.19759,0.54466,0.23876,11.064,2.9394,33101,94659,92866,0.1404,0.14871,0.11353,0.29078,0.31761,0.12378,0.41249,0.45835,0.12332,0.48413,0.52908,0.11432,0.5254,0.56494,0.10451,0.0086632,0.0073365,0.072944,0.0207,0.023785,-0.034145,0.019966,0.017602,0.079747,0.032229,0.038283,-0.036802,0.033872,0.030703,0.080211,0.041124,0.050763,-0.036711,0.0062653,0.0054925,0.1322,0.029069,0.035715,-0.023484,0.014615,0.013231,0.14083,0.043447,0.052083,-0.025175,0.02483,0.023002,0.13919,0.054564,0.065579,-0.024645,0.0013702,0.00097343,0.020761,-0.00077713,-0.0030534,-0.024692,0.0031562,0.0023351,0.023565,0.00011057,-0.002434,-0.03221,0.0057734,0.0044723,0.02616,0.0014822,-0.0011587,-0.036105,0.0010277,0.00087055,0.19137,0.0174,0.021047,-0.011827,0.0023042,0.0021397,0.13831,0.017908,0.02752,-0.0073119,0.0037575,0.0037262,0.11038,0.018373,0.033926,-0.0010668,0.76533,410,"1"
-0.0025961,0.22426,0.2212,-0.88219,0.22062,-0.92762,0.051502,0.063639,3.6543,0.064569,2.8568,1.6698e-05,2.5315,5.2175,0.23426,7.9593,0.019701,0.88254,3.1594e+16,3.1594e+16,3.1594e+16,3.1594e+16,NA,NA,0.42414,0.17065,0.42414,0.42872,0.56245,0.21514,NA,NA,350,43.957,7186,166110,15.77,271,57488,13344,11808,0.91434,0.93967,0.12857,0.08748,0.094223,0.44233,2059.9,1023.5,0.019563,0.0030049,0.020569,0.023242,0.0004065,0.001225,0.001719,0.00087769,0.87055,0.21348,1.0069,0.12473,0.46251,0.39248,0.15515,0.52781,0.28695,0.15194,0.53914,0.27921,5.9696,3.1399,15918,34877,31721,0.14209,0.13927,0.11002,0.25389,0.24557,0.10349,0.32665,0.31234,0.093506,0.37016,0.35093,0.083698,0.39534,0.37289,0.075299,0.011108,0.011389,0.089554,0.028638,0.035193,0.010573,0.023751,0.024371,0.090833,0.03996,0.050907,0.015096,0.040013,0.041385,0.090728,0.050494,0.065152,0.025073,0.0049538,0.0046489,0.10009,0.021207,0.03718,-0.017099,0.010436,0.0099441,0.096287,0.027933,0.048864,-0.01793,0.017226,0.016632,0.092465,0.033737,0.058266,-0.016351,0.0049882,0.0055451,0.072368,0.015664,0.0093803,0.030734,0.010597,0.011735,0.075759,0.022575,0.014931,0.040996,0.018265,0.020308,0.079245,0.030118,0.021213,0.054494,0.0011656,0.0011951,0.20783,0.019618,0.027038,0.0037768,0.0030851,0.0030565,0.17733,0.024654,0.036273,-0.0019303,0.0054013,0.0053226,0.15193,0.027933,0.045041,-0.0038586,0.88384,410,"1"
-0.024533,0.73282,0.73487,-0.51316,0.69201,-0.38924,-0.24149,0.61218,4.3959,0.080037,2.7582,0.0011164,4.9747,5.0732,0.95688,6.7516,0.016712,0.51692,4.3077e+16,4.3077e+16,4.3077e+16,4.3077e+16,NA,NA,0.4003,0.26334,0.4003,0.27085,0.54229,0.21427,NA,NA,290,60.255,13842,661440,16.835,285.57,110740,5592,2552,0.91389,0.93826,0.1502,0.10366,0.11042,0.48156,2032.7,1141.6,0.025381,0.0033064,0.027165,0.026755,0.0099494,0.013453,0.017796,0.023915,1.1361,0.74963,0.088501,0.13781,0.45287,0.38813,0.1898,0.49058,0.28601,0.19946,0.48873,0.27774,6.3601,3.105,10301,23848,20558,0.1485,0.15143,0.12251,0.28263,0.28717,0.12274,0.38678,0.39337,0.11797,0.45733,0.46217,0.11018,0.5035,0.50541,0.10218,0.0081791,0.0079454,0.07026,0.019195,0.028007,-0.0097817,0.017701,0.017103,0.072127,0.027341,0.041593,-0.015814,0.029001,0.02798,0.070063,0.033124,0.051838,-0.020533,0.0052092,0.0052009,0.11213,0.023358,0.038832,-0.00042947,0.011098,0.010958,0.10909,0.031233,0.051659,-0.0046369,0.018171,0.017954,0.10392,0.037368,0.061665,-0.005486,0.0028609,0.0026601,0.044223,0.0062055,0.0023573,-0.014233,0.0061119,0.0057518,0.046556,0.0093307,0.0054326,-0.01595,0.009859,0.009236,0.045575,0.011184,0.0070141,-0.021064,0.00010898,8.4362e-05,0.020703,-0.0003142,0.011093,-0.012801,0.00051122,0.00040818,0.031308,0.0011625,0.017513,-0.017677,0.0011242,0.00091833,0.033691,0.002073,0.023534,-0.021385,0.93649,410,"1"
-0.02608,0.79659,0.76485,-0.48299,0.75925,-0.44168,-0.085545,-0.84913,9.5676,-0.10532,2.7278,0.0037808,10.176,10.034,1.0233,17.843,0.044165,0.48498,4.57e+16,4.57e+16,4.57e+16,4.57e+16,NA,NA,0.48799,0.18025,0.48799,0.46988,0.62331,0.2713,NA,NA,316,34.785,7102,160370,17.413,307.31,56816,3296,2624,0.91602,0.93918,0.014576,0.010345,0.023303,0.13567,1402.9,786.76,0.019632,0.0031242,0.029015,0.026921,0.0040487,0.027604,0.0086232,0.053365,1.111,0.3527,0.66577,0.12576,0.45385,0.39967,0.16297,0.49905,0.3072,0.15776,0.51248,0.3,5.9694,3.1973,20126,41063,39436,0.13369,0.12071,0.078482,0.23457,0.20995,0.072495,0.30019,0.26651,0.065153,0.33608,0.29722,0.057617,0.35499,0.31232,0.051264,0.015891,0.018346,0.097138,0.03913,0.045445,0.056542,0.033575,0.039251,0.097358,0.053728,0.064981,0.084776,0.05451,0.064151,0.093713,0.064913,0.081201,0.11045,0.0077468,0.0074052,0.11867,0.031776,0.041999,-0.010921,0.015145,0.014475,0.10595,0.038502,0.053363,-0.014601,0.023755,0.023026,0.096681,0.043931,0.063665,-0.012414,0.0063253,0.0084344,0.069578,0.018876,0.016495,0.078204,0.014424,0.019651,0.078188,0.02964,0.027284,0.11894,0.024473,0.033711,0.080506,0.038525,0.036343,0.15586,0.0018185,0.002506,0.24585,0.027726,0.037301,0.049529,0.0044111,0.0056419,0.19224,0.031932,0.045595,0.050636,0.0076656,0.0093454,0.16348,0.036179,0.053996,0.050536,0.84178,410,"0"
-0.01789,0.51777,0.50056,-0.70584,0.46972,-0.53063,-0.24824,-1.2907,6.5895,-0.087047,2.707,0.0019942,6.2967,8.2023,0.58645,16.743,0.041442,0.70599,3.9171e+16,3.9171e+16,3.9171e+16,3.9171e+16,NA,NA,0.27826,0.31977,0.31977,0.24467,0.307,0.15181,NA,NA,182,108.07,16340,1473000,13.238,177.41,130720,9760,3912,0.9118,0.93189,0.14606,0.10742,0.088778,0.46931,2209.4,1067.4,0.025168,0.0031427,0.026027,0.028244,0.0013473,0.0034875,0.0039744,0.0048416,0.64467,2.2813,1.7176,0.13653,0.44569,0.39378,0.17821,0.46563,0.31983,0.18298,0.45651,0.32116,6.0622,3.1502,17115,46891,44932,0.17008,0.18483,0.14727,0.31861,0.33637,0.14523,0.41659,0.42787,0.13336,0.46509,0.46859,0.1176,0.48689,0.48583,0.10371,0.005478,0.0045389,0.049391,0.0098571,0.018708,-0.036802,0.012583,0.010511,0.053817,0.015942,0.028732,-0.049834,0.021763,0.018248,0.055186,0.021132,0.037276,-0.061973,0.0030827,0.0024641,0.06965,0.011541,0.023813,-0.031928,0.0071048,0.0058626,0.073306,0.01729,0.033737,-0.039902,0.012685,0.010654,0.076148,0.023316,0.042567,-0.047209,0.0021537,0.0019002,0.034942,0.0029617,0.0014021,-0.01598,0.0048754,0.0041943,0.038978,0.0056116,0.0028962,-0.025825,0.0080449,0.0068185,0.039033,0.0070555,0.0038716,-0.034763,0.00024161,0.00017464,0.048177,0.0023259,0.015405,-0.013059,0.00067571,0.00050611,0.043433,0.0027841,0.020413,-0.01865,0.0013567,0.0010159,0.042675,0.0036177,0.025264,-0.024161,0.97293,410,"0"
-0.001273,0.15622,0.15439,-0.91936,0.15387,-0.97296,0.058301,0.38548,4.6137,0.079628,2.6796,0.0021494,1.7166,4.2877,0.1595,6.0548,0.014987,0.92,3.0425e+16,3.0425e+16,3.0425e+16,3.0425e+16,NA,NA,0.28694,0.31112,0.31112,0.35244,0.39729,0.20224,NA,NA,278,57.191,11287,460350,16.362,271.02,90296,5384,4688,0.91303,0.93591,0.21624,0.15635,0.13933,0.64546,2492.6,1409.2,0.021302,0.0028834,0.033144,0.02645,0.0013659,0.0074022,0.0031529,0.010582,0.55471,1.4043,0.32038,0.14692,0.46222,0.37252,0.21344,0.50822,0.25761,0.22478,0.502,0.25246,9.617,2.9802,17472,40781,38115,0.16658,0.18411,0.12544,0.32342,0.35308,0.12822,0.42571,0.45499,0.11852,0.4883,0.51549,0.10739,0.5334,0.55863,0.098809,0.008531,0.0081721,0.066896,0.019513,0.026539,-0.012018,0.019876,0.019603,0.073932,0.030877,0.042587,-0.0056276,0.034607,0.034176,0.07632,0.040866,0.056464,-0.0064839,0.0064934,0.0064797,0.12759,0.029269,0.040335,-0.00052157,0.014573,0.01512,0.13077,0.041746,0.056725,0.013031,0.02482,0.025966,0.12958,0.052588,0.070445,0.020238,0.0013684,0.0011326,0.019309,-0.00075751,-0.0031082,-0.018846,0.0030894,0.0026007,0.021481,-9.2221e-05,-0.0021159,-0.025257,0.0054446,0.004539,0.022975,0.00068528,-0.0010603,-0.033413,0.00066925,0.00055983,0.11606,0.010114,0.020586,-0.015742,0.0022887,0.0019342,0.12795,0.017129,0.031801,-0.022327,0.0045831,0.0038601,0.12538,0.02265,0.041808,-0.029752,0.77846,410,"1"
-0.069931,0.94917,0.98371,-0.11782,0.74368,-0.17603,0.49397,-0.076128,2.2603,-0.057641,2.891,0.00048155,3.2592,2.4564,1.7519,2.8673,0.0070973,0.1183,4.2609e+16,4.2609e+16,4.2609e+16,4.2609e+16,NA,NA,0.15102,0.21106,0.21106,0.23291,0.2628,0.12104,NA,NA,349,30.751,3830,65850,12.937,176.31,30640,22496,4912,0.91344,0.93775,0.084393,0.061822,0.0353,0.59276,1168.2,672.08,0.013725,0.0018546,0.031384,0.032188,0.0026642,0.031185,0.0024575,0.053362,0.15043,0.12609,0.097283,0.14311,0.45044,0.38012,0.2118,0.47375,0.26519,0.21823,0.4729,0.25321,5.3945,3.041,16620,36372,34106,0.12286,0.11842,0.07441,0.22802,0.22515,0.072705,0.31254,0.31148,0.069985,0.37674,0.37453,0.066636,0.42629,0.42321,0.063512,0.015879,0.021239,0.10015,0.039722,0.049776,0.11082,0.034729,0.04473,0.10389,0.056853,0.070652,0.12887,0.055417,0.06933,0.098293,0.067292,0.084543,0.13771,0.013645,0.019239,0.21565,0.060948,0.078357,0.12354,0.029296,0.039932,0.21144,0.082606,0.10313,0.1483,0.046268,0.061282,0.19427,0.095902,0.11836,0.16144,0.0013316,0.0011355,0.015112,-0.00082512,-0.0038905,-0.013693,0.0026963,0.0022568,0.015078,-0.0011299,-0.0044969,-0.019396,0.0039627,0.0032591,0.013449,-0.0023871,-0.0053613,-0.024862,0.00090265,0.00086425,0.1259,0.012935,0.021314,-0.0038873,0.0027585,0.0025553,0.12403,0.019117,0.031812,-0.0096451,0.0052608,0.0048393,0.11575,0.023892,0.041444,-0.013557,0.9432,410,"0"
-0.0023819,0.47061,0.47281,-0.72528,0.46166,-0.61389,-0.15358,0.64266,6.3514,0.068011,2.7651,0.0019218,3.9365,5.3399,0.54081,9.1033,0.022533,0.72796,4.0078e+16,4.0078e+16,4.0078e+16,4.0078e+16,NA,NA,0.26459,0.098075,0.26459,0.24915,0.34417,0.13958,NA,NA,253,60.889,11406,515910,15.634,247.19,91248,4872,4720,0.91308,0.93548,0.083768,0.060867,0.038191,0.34636,1793.9,933.58,0.028394,0.0030573,0.032109,0.024626,0.0021118,0.01201,0.0030865,0.018525,0.48396,0.03082,0.78195,0.13838,0.43979,0.3963,0.18656,0.45165,0.32287,0.19744,0.43957,0.31483,6.3635,3.1704,24780,59482,57508,0.18934,0.20621,0.13807,0.34915,0.36753,0.13404,0.45026,0.46089,0.12139,0.50116,0.5037,0.10672,0.5238,0.52177,0.09396,0.0066523,0.0055917,0.050512,0.012938,0.022484,-0.038061,0.016449,0.014035,0.059247,0.022962,0.035547,-0.05045,0.029013,0.024947,0.061956,0.031119,0.04629,-0.060956,0.0047252,0.0039464,0.089911,0.019346,0.032496,-0.032119,0.01097,0.0093485,0.095326,0.028895,0.044943,-0.041276,0.019305,0.016692,0.097594,0.037924,0.056027,-0.048038,0.0012894,0.0011205,0.017618,-0.0010929,-0.0021662,-0.014998,0.0038121,0.003329,0.025668,0.0020259,-0.00010068,-0.021024,0.0068524,0.0059449,0.028,0.0038076,0.00097833,-0.027305,0.00063766,0.00052483,0.10708,0.0093722,0.021235,-0.014464,0.0017341,0.0014222,0.093871,0.011933,0.027923,-0.019603,0.0029628,0.0024094,0.078486,0.012756,0.033069,-0.025232,0.87984,410,"0"
-0.024706,0.73403,0.71315,-0.53395,0.71117,-0.50581,-0.052694,1.5152,7.3516,0.12535,2.7132,0.0025929,3.7525,3.8857,0.9281,5.2617,0.013024,0.53441,4.4808e+16,4.4808e+16,4.4808e+16,4.4808e+16,NA,NA,0.30579,0.23957,0.30579,0.33319,0.34364,0.16672,NA,NA,299,42.856,9639,311910,17.002,292.25,77112,4112,3680,0.91563,0.94018,0.11365,0.077873,0.080302,0.43487,2375.5,1213.1,0.013509,0.002274,0.0498,0.0499,0.0021934,0.0078082,0.0093368,0.015152,1.0774,0.48089,0.2311,0.12466,0.44764,0.41102,0.15737,0.48266,0.34104,0.16251,0.49145,0.32826,12.736,3.2882,24130,48396,46162,0.12704,0.12402,0.083404,0.26029,0.25751,0.089963,0.38012,0.3846,0.092266,0.47075,0.4837,0.090258,0.54596,0.56622,0.088174,0.0061154,0.0053546,0.041808,0.010569,0.020505,-0.035165,0.012466,0.010743,0.040425,0.013598,0.029986,-0.051901,0.01981,0.017032,0.038089,0.01534,0.037771,-0.065166,0.0047337,0.0041613,0.081095,0.018379,0.03367,-0.029834,0.0094371,0.0081886,0.07383,0.022478,0.043388,-0.043027,0.014736,0.012792,0.067071,0.025104,0.051009,-0.052626,0.0010678,0.00092019,0.013136,-0.0019606,-0.0041621,-0.016335,0.0021709,0.0018325,0.01316,-0.0026352,-0.0042651,-0.024092,0.0034651,0.002915,0.012748,-0.0035372,-0.0045126,-0.03044,0.00031393,0.00027317,0.047464,0.0032728,0.014644,-0.0091604,0.00085785,0.00072203,0.04181,0.0039472,0.020939,-0.016331,0.0016518,0.001358,0.039396,0.0047847,0.027785,-0.024374,0.7551,410,"1"
-0.0015153,0.16193,0.16039,-0.91609,0.1601,-0.95491,0.042382,0.32434,3.7842,0.029697,2.8074,0.00027354,2.5468,6.4002,0.15761,9.8382,0.024352,0.92064,3.0971e+16,3.0971e+16,3.0971e+16,3.0971e+16,NA,NA,0.36044,0.17937,0.36044,0.26994,0.48023,0.1562,NA,NA,262,52.676,3064,66898,8.2278,82.089,24512,13456,12736,0.91396,0.93957,0.20264,0.14182,0.14956,0.62122,2290.9,1337.9,0.016079,0.0021752,0.022028,0.021895,0.0028961,0.0066205,0.0056065,0.014758,0.026969,0.91579,0.5656,0.13308,0.46851,0.38055,0.17836,0.541,0.26093,0.18615,0.54373,0.25144,8.8599,3.0444,25830,53440,51278,0.15143,0.15508,0.10345,0.30119,0.31769,0.10833,0.42031,0.44704,0.10616,0.49122,0.51753,0.098004,0.5378,0.56152,0.090382,0.010685,0.011185,0.076011,0.025502,0.033997,0.016282,0.023969,0.025729,0.080884,0.037942,0.051322,0.035705,0.041272,0.044704,0.082573,0.049345,0.066525,0.051882,0.0081266,0.008856,0.14487,0.03629,0.048231,0.02707,0.017615,0.019962,0.1434,0.049662,0.066938,0.054944,0.029161,0.033763,0.13812,0.060552,0.08206,0.081745,0.0019579,0.0017893,0.025063,0.0017897,0.000475,-0.01234,0.0042984,0.0039144,0.027115,0.0033369,0.001785,-0.018304,0.0082207,0.0074477,0.031471,0.0066288,0.0041595,-0.026152,0.00060028,0.00053959,0.094441,0.0084048,0.019644,-0.010106,0.0021507,0.0019357,0.10908,0.015115,0.02935,-0.015242,0.0043307,0.0038775,0.10748,0.020117,0.038168,-0.021017,0.78855,410,"1"
-0.013932,0.68968,0.67918,-0.56494,0.6732,-0.51193,-0.093835,2.1603,12.339,0.14023,2.6382,0.0045329,4.5347,4.8756,0.86083,7.1315,0.017652,0.56699,4.4365e+16,4.4365e+16,4.4365e+16,4.4365e+16,NA,NA,0.2998,0.3424,0.3424,0.31497,0.39866,0.1927,NA,NA,358,35.344,4974,121080,13.18,177.1,39792,34568,3840,0.91609,0.94106,0.15227,0.10286,0.11663,0.53571,2777.1,1278.5,0.015932,0.0022744,0.043517,0.054322,0.001305,0.001104,3.4218e-05,0.0059877,0.80967,0.38773,1.0791,0.13017,0.43749,0.41256,0.17463,0.45571,0.34057,0.18069,0.45143,0.33999,9.1853,3.3005,14295,28683,26004,0.14856,0.15318,0.1019,0.28206,0.29144,0.10185,0.38286,0.39454,0.097088,0.45287,0.46437,0.090714,0.50714,0.51818,0.085569,0.0087134,0.0084964,0.062234,0.019192,0.026535,-0.0096785,0.019275,0.019109,0.065303,0.028178,0.040801,-0.0046086,0.032878,0.032907,0.066041,0.036241,0.053545,0.00060455,0.0065688,0.0065574,0.11757,0.028297,0.04062,-0.00058917,0.014709,0.014937,0.12022,0.040246,0.057004,0.007268,0.024985,0.025651,0.11881,0.050541,0.070697,0.015844,0.0018053,0.0016623,0.023202,0.0011422,-0.0015668,-0.013631,0.0038634,0.0035806,0.024468,0.0021092,-0.00060132,-0.017288,0.0063903,0.00592,0.024561,0.0026936,0.00027064,-0.02158,0.00033925,0.00027668,0.053587,0.0037952,0.013186,-0.01654,0.00090028,0.00075286,0.045842,0.0044007,0.019599,-0.018834,0.0017909,0.0015699,0.044625,0.0056855,0.026898,-0.020408,0.81134,410,"0"
-0.051999,0.95067,0.947,-0.22514,0.79434,-0.31553,0.4015,0.10462,2.2802,-0.049685,2.8848,0.00086347,3.8489,3.094,1.5399,3.9031,0.0096612,0.22581,4.4835e+16,4.4835e+16,4.4835e+16,4.4835e+16,NA,NA,0.24545,0.18007,0.24545,0.26848,0.3073,0.14072,NA,NA,327,38.774,3566,76383,11.29,136.21,28528,25928,8392,0.91567,0.93978,0.035035,0.024167,0.01883,0.17075,992.65,592.72,0.014971,0.0021998,0.026571,0.025251,0.00041047,0.027631,0.0011301,0.044997,0.21922,0.1578,0.15844,0.13724,0.44624,0.39072,0.19821,0.47132,0.28508,0.20143,0.462,0.28272,5.0193,3.1258,12549,26353,23940,0.13357,0.13513,0.090508,0.24947,0.25057,0.088996,0.33343,0.33303,0.083536,0.38916,0.38755,0.077014,0.42645,0.42505,0.071088,0.012423,0.013587,0.087657,0.030973,0.03807,0.03688,0.028087,0.031119,0.094013,0.046368,0.057722,0.058704,0.046469,0.05187,0.092217,0.057266,0.07338,0.07905,0.0098902,0.01139,0.17488,0.045215,0.056594,0.053166,0.021914,0.025655,0.17696,0.06345,0.07838,0.081203,0.034785,0.041129,0.16342,0.07386,0.093266,0.10558,0.0021848,0.001907,0.027741,0.0027448,-0.00034486,-0.020244,0.0048858,0.0043371,0.03057,0.0049804,0.0013334,-0.0251,0.0084058,0.0077321,0.031918,0.0069986,0.0032998,-0.02273,0.00034754,0.00029013,0.054235,0.0039179,0.016777,-0.01304,0.0013099,0.0011429,0.065896,0.0078725,0.02627,-0.016569,0.0034064,0.0031046,0.083859,0.014799,0.037606,-0.017568,0.98306,410,"0"
-0.021578,0.70968,0.71288,-0.53421,0.65258,-0.37884,-0.29083,-0.1889,6.8174,0.05145,2.7525,0.0022569,8.5639,8.9759,0.90595,15.592,0.038595,0.5406,4.3662e+16,4.3662e+16,4.3662e+16,4.3662e+16,NA,NA,0.35391,0.13958,0.35391,0.31572,0.34875,0.14223,NA,NA,308,33.805,3861,69053,12.295,164.7,30888,18576,7896,0.9151,0.94093,0.1147,0.078896,0.076397,0.45473,1650.5,831.99,0.018837,0.0028604,0.02876,0.02896,0.0016675,0.0011586,0.0056319,0.0029822,0.55661,1.0537,0.74804,0.12922,0.44664,0.40215,0.17464,0.4752,0.31071,0.1765,0.478,0.30601,5.471,3.2172,12336,22864,20128,0.15148,0.14795,0.08608,0.27635,0.26872,0.082676,0.35922,0.34615,0.075472,0.40499,0.38635,0.067211,0.43159,0.40898,0.060334,0.0089602,0.008725,0.053022,0.018162,0.027283,-0.0091211,0.019719,0.019347,0.055352,0.026451,0.041288,-0.0090351,0.032685,0.032895,0.054395,0.032654,0.053707,0.0038578,0.0065136,0.0063108,0.096589,0.025452,0.03883,-0.0091125,0.013842,0.013502,0.093737,0.033992,0.052372,-0.0097637,0.022147,0.021865,0.087256,0.039666,0.062984,-0.0062297,0.0020793,0.0020793,0.022141,0.0021004,-0.00010465,1.2301e-06,0.0047081,0.0048065,0.024705,0.0040949,0.0020496,0.0048676,0.0085435,0.0092967,0.027206,0.0066679,0.005441,0.027021,0.00036726,0.00033494,0.048064,0.0038998,0.017345,-0.0074898,0.0011876,0.0010519,0.050104,0.0062422,0.025253,-0.013833,0.002179,0.0018819,0.044984,0.0071751,0.032618,-0.021275,0.84432,410,"1"
-0.0079367,0.31822,0.32818,-0.81916,0.28837,-0.53384,-0.34831,0.6782,3.9865,0.055235,2.8325,6.0878e-05,3.197,5.3171,0.35975,7.8734,0.019488,0.81959,3.3455e+16,3.3455e+16,3.3455e+16,3.3455e+16,NA,NA,0.26602,0.20245,0.26602,0.22469,0.29264,0.12534,NA,NA,377,24.034,4295,50900,18.02,339.48,34360,5304,3480,0.91684,0.94327,0.12093,0.080478,0.096857,0.46112,1682.3,923.69,0.018546,0.0025528,0.022837,0.028152,0.00060903,0.0004395,0.00093902,0.002917,0.083186,1.4548,1.1322,0.13421,0.45275,0.39306,0.19377,0.50769,0.26964,0.19633,0.50939,0.26455,6.4525,3.1445,16798,29697,26918,0.15454,0.16312,0.086546,0.27572,0.28489,0.081287,0.36818,0.37586,0.076229,0.42425,0.42904,0.069385,0.46079,0.46291,0.063479,0.014024,0.014673,0.081777,0.032768,0.039091,0.02364,0.031758,0.034736,0.087847,0.049016,0.060184,0.066779,0.05301,0.059607,0.086938,0.061249,0.077177,0.11121,0.010542,0.011305,0.15405,0.044074,0.053026,0.031829,0.023376,0.026529,0.156,0.061896,0.075267,0.08172,0.038583,0.045322,0.1498,0.075342,0.093438,0.13214,0.0029573,0.0028955,0.031032,0.0054638,0.002648,-0.0049145,0.0068173,0.0068124,0.035252,0.0094637,0.0063762,-0.00023376,0.011143,0.011289,0.034967,0.011677,0.0084473,0.0051686,0.00052463,0.00047215,0.067659,0.0063864,0.022176,-0.011586,0.0018137,0.0016458,0.075403,0.011048,0.030632,-0.016492,0.0036932,0.0033891,0.075137,0.014904,0.038694,-0.019496,0.8107,410,"1"
-0.00051983,0.156,0.1559,-0.91854,0.15465,-0.83602,-0.089841,-1.362,6.1178,-0.15472,2.707,0.0020324,2.2096,5.616,0.15408,7.8553,0.019444,0.92246,2.9308e+16,2.9308e+16,2.9308e+16,2.9308e+16,NA,NA,0.15956,0.26124,0.26124,0.30921,0.3531,0.19567,NA,NA,351,32.322,5473,90900,16.923,302.38,43784,10008,4272,0.91709,0.94124,0.048909,0.03375,0.025524,0.21063,1331.7,706.14,0.014009,0.0020362,0.024107,0.02634,0.00010848,0.012693,0.00046122,0.025224,0.51749,2.0752,1.7678,0.1231,0.46125,0.39556,0.15713,0.52179,0.29064,0.15095,0.53764,0.28212,5.4427,3.1645,28313,57215,55666,0.13045,0.12261,0.083222,0.23825,0.22256,0.080018,0.31142,0.28946,0.073453,0.35366,0.32722,0.06589,0.37939,0.34934,0.059539,0.015174,0.017576,0.1008,0.038593,0.044471,0.060906,0.031961,0.036455,0.10071,0.05279,0.061888,0.074459,0.052397,0.05953,0.097892,0.064521,0.077279,0.090154,0.0065765,0.0063376,0.10948,0.027309,0.039949,-0.0092996,0.014066,0.013548,0.10693,0.036759,0.052887,-0.012727,0.022135,0.021289,0.097898,0.042044,0.061898,-0.016043,0.0082233,0.01091,0.0983,0.027496,0.022219,0.090428,0.016763,0.021904,0.098742,0.03732,0.030522,0.11632,0.027653,0.035806,0.098854,0.046806,0.038754,0.1397,0.00037445,0.0003288,0.055013,0.004259,0.015203,-0.0092928,0.0014625,0.0013975,0.069262,0.0088967,0.02401,-0.0056149,0.0038565,0.0040604,0.089379,0.016823,0.03695,0.010241,0.90225,410,"1"
-0.025932,1.0132,0.99674,-0.028765,0.96768,-0.023854,-0.17072,-0.65271,12.411,0.020569,2.7011,0.0054768,12.105,8.6877,1.9321,15.096,0.037366,0.028848,4.8635e+16,4.8635e+16,4.8635e+16,4.8635e+16,NA,NA,0.34284,0.36798,0.36798,0.23089,0.42099,0.16177,NA,NA,288,61.622,14609,740680,16.826,284.73,116870,3296,2352,0.91092,0.93299,0.094907,0.070398,0.0327,0.3352,1668.2,842.72,0.025989,0.0026723,0.04367,0.037571,0.0027145,0.0010629,0.00020307,0.0038,0.47939,1.8294,1.5811,0.15081,0.44042,0.38199,0.21262,0.45274,0.29398,0.23091,0.43513,0.28469,6.4716,3.0559,21852,60653,58847,0.1678,0.18646,0.14013,0.30969,0.33822,0.13616,0.40748,0.43289,0.12582,0.46766,0.48793,0.11406,0.50205,0.51875,0.10314,0.011322,0.012847,0.098459,0.030534,0.037955,0.036125,0.023514,0.026069,0.096998,0.040989,0.053157,0.039238,0.037202,0.0407,0.090985,0.047601,0.064138,0.041573,0.0085445,0.010585,0.1862,0.042604,0.056341,0.055894,0.01771,0.021276,0.17624,0.055375,0.072373,0.062738,0.027588,0.032715,0.15973,0.062873,0.083164,0.070318,0.0020696,0.0017076,0.032387,0.0025105,-0.0004343,-0.019018,0.004047,0.0033996,0.031208,0.0029086,0.00098076,-0.023639,0.0067102,0.0056916,0.031402,0.0037418,0.0020681,-0.028128,0.00070771,0.00055522,0.13611,0.011419,0.017399,-0.016323,0.0019796,0.0015647,0.12273,0.015123,0.025317,-0.022404,0.0033792,0.0026858,0.10252,0.016295,0.032351,-0.026781,0.99174,410,"0"
-0.047925,1.0682,0.99539,-0.046638,0.96492,-0.038478,-0.17497,-0.024464,2.805,0.042541,2.88,9.8041e-05,2.9062,2.1073,1.8926,2.4597,0.0060883,0.046865,4.6128e+16,4.6128e+16,4.6128e+16,4.6128e+16,NA,NA,0.11824,0.1698,0.1698,0.27679,0.3452,0.17935,NA,NA,304,36.257,3575,67421,11.267,138.31,28600,19320,10968,0.91367,0.93844,0.075903,0.056007,0.033981,0.34998,1286,707.15,0.013433,0.0019067,0.033625,0.0368,0.0050102,0.045635,0.0024461,0.076208,0.6143,0.34522,1.0476,0.14054,0.44396,0.38341,0.21341,0.47271,0.25949,0.21451,0.46366,0.24018,6.0199,3.0672,25920,57260,56108,0.11276,0.11061,0.066333,0.2168,0.20874,0.067143,0.29909,0.28591,0.06505,0.36049,0.34246,0.061931,0.40712,0.38471,0.058916,0.016181,0.026562,0.099123,0.040039,0.061614,0.1951,0.036052,0.055162,0.10476,0.058586,0.08454,0.22327,0.059977,0.085879,0.10333,0.072941,0.099917,0.23016,0.014367,0.025144,0.22054,0.06351,0.097088,0.21381,0.03086,0.050855,0.21633,0.086133,0.1239,0.24919,0.049225,0.076256,0.20076,0.10113,0.13856,0.26107,0.0012218,0.00092571,0.013468,-0.0012466,-0.0026382,-0.019806,0.0030158,0.0023914,0.016381,-0.00027441,-0.0021812,-0.025261,0.0054237,0.0046331,0.017879,0.00056254,-0.0016426,-0.022738,0.00059254,0.00049177,0.080274,0.0076615,0.017003,-0.011249,0.0022897,0.002005,0.099994,0.01511,0.027575,-0.014751,0.0058176,0.0053808,0.12433,0.026476,0.04067,-0.013132,0.87888,410,"0"
-0.012365,0.76409,0.75817,-0.48988,0.74012,-0.41429,-0.15429,-0.54925,3.341,-0.13203,2.8022,4.718e-05,4.8798,4.8455,1.0093,7.0574,0.017469,0.49197,4.5876e+16,4.5876e+16,4.5876e+16,4.5876e+16,NA,NA,0.24171,0.21425,0.24171,0.24056,0.28305,0.15148,NA,NA,363,33.066,2843,49204,10.627,122.8,22744,20640,10552,0.91569,0.93889,0.12523,0.090209,0.056151,0.4986,1828,1063.8,0.015272,0.0019602,0.036375,0.0456,0.016718,0.032895,0.032063,0.05725,0.58743,1.8485,1.5396,0.13051,0.4385,0.41017,0.16544,0.45681,0.34952,0.17867,0.44789,0.34247,7.8736,3.2813,31615,70969,69092,0.13676,0.14454,0.090528,0.2569,0.25958,0.089527,0.33922,0.33682,0.083019,0.39893,0.3931,0.07712,0.44622,0.43779,0.07266,0.011519,0.012959,0.079398,0.027738,0.034857,0.036293,0.023826,0.02626,0.077902,0.037042,0.048964,0.039954,0.037736,0.041066,0.073153,0.043096,0.05989,0.042339,0.0065937,0.0073774,0.11389,0.027914,0.040876,0.02655,0.014786,0.016584,0.11663,0.039772,0.057178,0.03805,0.024772,0.027666,0.11368,0.049125,0.070279,0.045518,0.0041943,0.0049936,0.052024,0.011133,0.0079951,0.031814,0.007332,0.0082918,0.044814,0.01174,0.0083369,0.027029,0.0103,0.01124,0.038204,0.010927,0.0079947,0.022011,0.00073078,0.00058831,0.1114,0.010541,0.018299,-0.015462,0.0018144,0.0014738,0.08916,0.012035,0.024935,-0.020182,0.0029773,0.0024266,0.071597,0.012221,0.030593,-0.024588,0.82588,410,"0"
-0.00099104,0.17617,0.17707,-0.90692,0.17274,-1.0487,0.15628,-0.15779,2.7315,-0.072211,2.8739,5.0855e-05,2.4015,5.6142,0.18209,7.6554,0.018949,0.90857,3.1991e+16,3.1991e+16,3.1991e+16,3.1991e+16,NA,NA,0.24142,0.19455,0.24142,0.40232,0.49604,0.21871,NA,NA,308,49.562,9066,281410,16.122,272,72528,14568,9936,0.91464,0.93905,0.13041,0.090022,0.094747,0.45599,2515.4,1313.2,0.017084,0.0023207,0.029306,0.027153,0.0038389,0.018459,0.0041276,0.029801,0.28472,0.77414,0.61456,0.12871,0.46302,0.39101,0.16632,0.52082,0.29312,0.16509,0.52019,0.29504,8.7846,3.128,20770,46650,44015,0.15139,0.15711,0.1162,0.28398,0.2912,0.11475,0.38372,0.38993,0.10889,0.45658,0.46127,0.10234,0.51147,0.51561,0.096572,0.0088769,0.008186,0.070948,0.020886,0.025388,-0.025749,0.018993,0.017725,0.072006,0.029219,0.038621,-0.030111,0.030885,0.029301,0.069423,0.035065,0.050033,-0.028782,0.0049383,0.0045085,0.098906,0.021026,0.032494,-0.022016,0.011254,0.010485,0.10293,0.030645,0.045971,-0.023903,0.01957,0.018758,0.10414,0.039611,0.058557,-0.018764,0.0031024,0.002949,0.044619,0.0070723,0.001713,-0.0090797,0.0057419,0.0054864,0.040693,0.0078802,0.0024508,-0.010692,0.0084882,0.0080831,0.036507,0.0076459,0.0025757,-0.013501,0.00083617,0.00072851,0.1478,0.013347,0.021085,-0.01418,0.0021172,0.0018919,0.12063,0.015735,0.030051,-0.016124,0.0034018,0.0031194,0.094856,0.015744,0.038089,-0.015035,0.82891,410,"1"
-0.0018091,0.1264,0.12376,-0.93591,0.12357,-0.9732,0.039841,-0.34545,2.7516,-0.038201,2.8,3.1969e-05,1.2819,3.7369,0.11711,4.7553,0.01177,0.94099,2.8492e+16,2.8492e+16,2.8492e+16,2.8492e+16,NA,NA,0.31678,0.14189,0.31678,0.385,0.53396,0.2093,NA,NA,281,41.527,4522,90703,12.559,178.18,36176,13768,8896,0.9133,0.93812,0.11735,0.088585,0.047868,0.44622,2257.1,1030.5,0.020665,0.0027291,0.044598,0.026912,0.006791,0.02213,0.015144,0.034674,0.62502,0.29691,0.072156,0.13331,0.4609,0.38655,0.17025,0.53098,0.27453,0.1885,0.51141,0.27477,9.3213,3.0924,73335,174080,173150,0.14044,0.16319,0.08488,0.2717,0.31683,0.086448,0.3672,0.41565,0.08205,0.42315,0.47071,0.074687,0.46063,0.50668,0.068485,0.0092232,0.0083908,0.058046,0.019537,0.024961,-0.017866,0.022709,0.021158,0.067793,0.033168,0.041071,-0.019535,0.039588,0.036935,0.070069,0.043875,0.054549,-0.024279,0.0056048,0.0051649,0.088393,0.02185,0.033013,-0.011723,0.013038,0.0123,0.093901,0.032606,0.046895,-0.012208,0.02264,0.021366,0.094865,0.042049,0.058659,-0.015347,0.0020709,0.0016621,0.023453,0.0021337,-0.00079827,-0.018582,0.0051912,0.0043006,0.02897,0.0055109,0.001527,-0.023082,0.0092466,0.0076953,0.031316,0.008302,0.0035269,-0.028793,0.0015475,0.0015639,0.21538,0.023634,0.027395,0.00098239,0.0047292,0.0047668,0.21219,0.034971,0.040973,0.0010356,0.0084397,0.0085246,0.18531,0.040852,0.05161,0.0016516,0.77957,410,"1"
-0.021697,0.63073,0.66393,-0.57831,0.54997,-0.33872,-0.4143,-1.8357,8.6728,-0.13705,2.6442,0.0047207,5.5977,6.0979,0.83857,9.2577,0.022915,0.57911,4.2094e+16,4.2094e+16,4.2094e+16,4.2094e+16,NA,NA,0.28708,0.43319,0.43319,0.32008,0.33357,0.19505,NA,NA,396,23.083,1911,24559,10.695,121.78,15288,15256,11608,0.91666,0.94432,0.051833,0.033684,0.043087,0.37029,1632.6,937.89,0.01554,0.0021504,0.031967,0.038266,2.2399e-05,0.01239,0.0064913,0.014382,0.97131,0.41299,0.95774,0.12257,0.44479,0.41217,0.15389,0.47943,0.3339,0.15609,0.47973,0.32917,6.9143,3.2974,8462.7,14962,10802,0.15395,0.15797,0.08632,0.27948,0.28468,0.082499,0.35709,0.36202,0.074026,0.41496,0.41752,0.067949,0.45507,0.45514,0.062768,0.0074883,0.0073036,0.043722,0.013753,0.025505,-0.010889,0.017959,0.017768,0.049739,0.022942,0.039816,-0.0066934,0.031091,0.030942,0.051052,0.030171,0.051388,-0.0038114,0.0051254,0.0049596,0.074991,0.018792,0.03654,-0.01198,0.012508,0.012199,0.083572,0.029817,0.051787,-0.012934,0.021355,0.021059,0.083011,0.037663,0.062861,-0.0090681,0.0021915,0.002184,0.023025,0.0025181,0.00062708,-0.00077695,0.0048225,0.0049735,0.024968,0.00436,0.0024941,0.010051,0.0082886,0.0085272,0.026042,0.0061269,0.003886,0.011687,0.00017139,0.00016005,0.022131,0.00074033,0.01238,-0.0060809,0.00077332,0.00073251,0.032189,0.0029874,0.019645,-0.0074288,0.0018635,0.0017613,0.037959,0.0055043,0.028437,-0.011099,0.83243,410,"1"
-0.015131,0.44182,0.43237,-0.75271,0.42314,-0.64269,-0.14617,0.30349,2.979,0.02956,2.8741,4.2424e-05,4.4121,6.3495,0.48054,9.1857,0.022737,0.75762,3.6597e+16,3.6597e+16,3.6597e+16,3.6597e+16,NA,NA,0.23501,0.20874,0.23501,0.26122,0.26599,0.17839,NA,NA,413,27.76,2649,28754,11.647,160.19,21192,13360,7288,0.91561,0.94324,0.053483,0.035108,0.041585,0.22549,1255.7,776.4,0.017954,0.0024304,0.021509,0.022748,0.0016222,0.011257,0.0026731,0.015743,0.59773,1.971,1.4386,0.12722,0.45201,0.40045,0.17001,0.50125,0.29646,0.1705,0.50675,0.29093,5.2875,3.2036,14272,28221,25017,0.14227,0.14178,0.096435,0.26569,0.26384,0.09481,0.3429,0.33706,0.085932,0.3911,0.38155,0.077418,0.42207,0.41002,0.070377,0.013992,0.015262,0.098763,0.036014,0.040576,0.047131,0.028648,0.030948,0.095916,0.047541,0.056653,0.056456,0.046972,0.050319,0.093242,0.05806,0.070872,0.063087,0.0075781,0.0080544,0.13404,0.033322,0.045797,0.024277,0.015956,0.016887,0.12888,0.044066,0.060506,0.030552,0.026259,0.027681,0.1234,0.05331,0.073097,0.035488,0.0057478,0.0064911,0.073003,0.01786,0.010603,0.041641,0.01119,0.012491,0.070036,0.022768,0.01462,0.050123,0.018249,0.02017,0.069315,0.028109,0.018513,0.056937,0.00066661,0.00071612,0.10406,0.0095398,0.022038,0.009429,0.0017907,0.0019051,0.090107,0.01198,0.030445,0.01144,0.0034903,0.003706,0.085947,0.015277,0.039572,0.015052,0.91861,410,"1"
-0.0044697,0.6678,0.66533,-0.5771,0.65835,-0.518,-0.10241,1.5695,7.7013,0.10132,2.6861,0.003488,6.6184,7.1883,0.84359,10.601,0.02624,0.57714,4.4797e+16,4.4797e+16,4.4797e+16,4.4797e+16,NA,NA,0.33905,0.37638,0.37638,0.29628,0.44383,0.16583,NA,NA,337,47.763,12969,498890,18.21,333.39,103750,3728,1504,0.91458,0.94075,0.15907,0.10694,0.11183,0.55094,3220,1485,0.015917,0.0024825,0.041105,0.046744,0.002597,0.011213,0.0093847,0.0080809,1.3831,0.69667,0.25375,0.11996,0.44122,0.42085,0.14148,0.46509,0.37275,0.14149,0.46685,0.37124,10.708,3.3668,12190,26654,20890,0.12655,0.13072,0.10119,0.24532,0.2529,0.10326,0.34307,0.35404,0.10141,0.41921,0.43092,0.097888,0.47354,0.48554,0.09314,0.0089338,0.009115,0.074382,0.021525,0.028955,0.0083108,0.017942,0.018139,0.07086,0.027454,0.039619,0.0059584,0.028593,0.028712,0.066952,0.031906,0.048454,0.0027981,0.0059271,0.0060855,0.12366,0.027009,0.039149,0.0087676,0.011268,0.011373,0.10736,0.031342,0.048399,0.0039612,0.017526,0.017576,0.097151,0.035084,0.056378,0.0014973,0.0026391,0.0026989,0.03954,0.0050838,0.0024209,0.0051189,0.0056163,0.0057937,0.041465,0.0076617,0.0043539,0.0096077,0.00925,0.0095001,0.041444,0.009585,0.0056075,0.010268,0.00036751,0.00033052,0.067671,0.0046467,0.014949,-0.009751,0.001177,0.0010792,0.069862,0.0073309,0.022306,-0.012273,0.0023255,0.0021175,0.067551,0.0094436,0.029222,-0.017397,0.81954,410,"0"
-0.025181,0.81794,0.80017,-0.44483,0.78889,-0.39201,-0.11873,0.15589,3.8671,0.025116,2.8407,0.00025051,3.7824,3.5884,1.1056,4.5663,0.011303,0.44527,4.4906e+16,4.4906e+16,4.4906e+16,4.4906e+16,NA,NA,0.27415,0.15887,0.27415,0.42071,0.42911,0.22248,NA,NA,349,27.553,3447,59135,12.955,171.88,27576,23720,2336,0.91615,0.94344,0.10139,0.066964,0.08338,0.3993,1970.5,1096.5,0.012248,0.0018771,0.032318,0.046789,0.0045131,0.022302,0.013459,0.05381,1.2817,1.0339,0.16542,0.12285,0.43917,0.42084,0.15656,0.4541,0.36965,0.15538,0.45092,0.37404,10.127,3.3667,16579,29343,25309,0.12785,0.13156,0.071657,0.26164,0.26551,0.077201,0.36502,0.36683,0.075638,0.43692,0.43816,0.071516,0.4986,0.49934,0.068745,0.0085,0.0083883,0.049608,0.016695,0.026455,-0.0053651,0.01755,0.017253,0.048586,0.022163,0.037245,-0.009305,0.028251,0.027926,0.046371,0.026135,0.046876,-0.0078473,0.0071047,0.0071666,0.10391,0.028036,0.04073,0.0032091,0.013814,0.013984,0.092264,0.033672,0.051447,0.0059202,0.021426,0.021867,0.083256,0.03781,0.060994,0.012142,0.0012001,0.0010561,0.012603,-0.0013,-0.0026642,-0.018771,0.002705,0.0023857,0.013999,-0.0010637,-0.0026705,-0.025557,0.0045656,0.0040835,0.014339,-0.0011216,-0.0029308,-0.02847,0.00019525,0.00016561,0.025201,0.0011216,0.016924,-0.015803,0.0010307,0.00088283,0.042886,0.0049824,0.024997,-0.021423,0.0022947,0.0020071,0.046722,0.0077198,0.03325,-0.024733,0.77098,410,"0"
-0.003208,0.1748,0.17278,-0.90928,0.16975,-1.0297,0.13247,0.28079,2.7776,0.097667,2.8524,5.2161e-05,1.9351,4.627,0.17407,6.1236,0.015157,0.91246,3.2312e+16,3.2312e+16,3.2312e+16,3.2312e+16,NA,NA,0.21182,0.17284,0.21182,0.30997,0.36483,0.15526,NA,NA,209,77.445,10070,522040,12.905,176.57,80560,17592,15128,0.91356,0.93479,0.18559,0.13754,0.10435,0.57574,2892.4,1374.2,0.020183,0.0030139,0.031929,0.022111,0.00062786,0.0012866,0.00034303,0.0012518,0.24905,0.6816,0.32188,0.13148,0.47367,0.37711,0.16629,0.53706,0.27562,0.16632,0.54447,0.26942,9.4862,3.0169,34654,87278,85822,0.15358,0.15869,0.11538,0.28714,0.29829,0.11357,0.38286,0.39125,0.10634,0.44759,0.45092,0.0982,0.48912,0.48893,0.090395,0.0094172,0.0085779,0.073671,0.022485,0.027688,-0.022816,0.021632,0.019874,0.080274,0.034695,0.042583,-0.029707,0.037805,0.034937,0.083176,0.046086,0.055876,-0.035573,0.006406,0.0060033,0.12558,0.028759,0.038638,-0.013225,0.01432,0.013548,0.1282,0.040829,0.052727,-0.015824,0.024054,0.022668,0.12528,0.050579,0.063553,-0.021259,0.0023175,0.0020174,0.032624,0.0034863,9.343e-05,-0.016073,0.0053133,0.0046582,0.036858,0.0065212,0.002781,-0.02218,0.0097807,0.0088453,0.041175,0.010484,0.00629,-0.022451,0.00069367,0.00055729,0.12001,0.010556,0.019405,-0.015967,0.0021904,0.0018655,0.12216,0.016224,0.028177,-0.017784,0.004312,0.0037613,0.11769,0.021004,0.03677,-0.020411,0.79358,410,"1"
-0.003904,0.36251,0.36312,-0.79749,0.35462,-0.6755,-0.15297,0.77299,3.2418,0.23801,2.7782,1.1674e-05,4.6728,7.4419,0.3924,11.423,0.028275,0.80219,3.6422e+16,3.6422e+16,3.6422e+16,3.6422e+16,NA,NA,0.2695,0.2952,0.2952,0.20852,0.29276,0.17493,NA,NA,397,27.048,4816,61207,18.303,352.64,38528,5424,3448,0.91606,0.94336,0.070851,0.046301,0.056103,0.28425,1578.9,853.34,0.014564,0.0021341,0.025888,0.02941,0.0084801,0.024691,0.013556,0.054734,0.52153,1.5755,0.87498,0.12907,0.44806,0.40268,0.17809,0.48599,0.30278,0.18329,0.48574,0.29746,5.8861,3.2215,8532.1,16120,11964,0.13994,0.14106,0.089285,0.26946,0.27391,0.090508,0.37906,0.38856,0.089417,0.45274,0.46311,0.084358,0.4966,0.50515,0.077944,0.0061103,0.0057446,0.040596,0.0104,0.020439,-0.023868,0.014708,0.014058,0.046352,0.017931,0.034276,-0.024844,0.026316,0.025398,0.049172,0.024982,0.046362,-0.025619,0.0042066,0.0039976,0.070036,0.015484,0.030484,-0.016503,0.0099397,0.0095737,0.075572,0.02374,0.044467,-0.016835,0.01702,0.01662,0.075287,0.030084,0.055975,-0.013757,0.0014879,0.0013878,0.017788,-0.00020475,-0.0028362,-0.012659,0.0035145,0.0033823,0.020705,0.0010782,-0.0012777,-0.010388,0.0065637,0.0063215,0.023467,0.0029566,1.7255e-05,-0.013302,0.00041584,0.0003592,0.061101,0.0049662,0.019675,-0.015894,0.0013032,0.0011476,0.061725,0.007578,0.027142,-0.020647,0.0029088,0.0026166,0.067423,0.011619,0.035746,-0.025451,0.87721,410,"1"
-0.0043731,0.21717,0.21418,-0.88617,0.2131,-0.94907,0.07098,-0.034474,4.5194,0.011715,2.82,0.00062942,2.0887,4.3871,0.22558,6.0907,0.015076,0.88685,3.3963e+16,3.3963e+16,3.3963e+16,3.3963e+16,NA,NA,0.23847,0.15812,0.23847,0.22015,0.28273,0.13022,NA,NA,206,79.714,6058,255660,9.6234,104.15,48464,26000,17888,0.91253,0.93358,0.2204,0.16594,0.12347,0.64362,3237,1461,0.024072,0.0029844,0.043505,0.033772,0.0085882,0.00090202,0.013027,0.004912,0.70908,2.196,1.281,0.14112,0.47918,0.36179,0.18928,0.55304,0.23675,0.19988,0.56238,0.21725,11.001,2.8943,27520,72219,70572,0.13391,0.12881,0.10261,0.28003,0.27953,0.11296,0.40134,0.41434,0.1137,0.47648,0.48948,0.10663,0.52278,0.53288,0.098543,0.0060221,0.00475,0.048052,0.011118,0.018115,-0.042925,0.015498,0.012509,0.058659,0.02144,0.031183,-0.058026,0.029348,0.024482,0.065858,0.032476,0.044374,-0.06638,0.0048443,0.0038632,0.096863,0.020493,0.030383,-0.036552,0.011499,0.0094189,0.10499,0.031467,0.043297,-0.045871,0.019822,0.016741,0.1053,0.040223,0.05406,-0.050118,0.0010186,0.00077889,0.014625,-0.0023439,-0.0039439,-0.019634,0.0030675,0.0024098,0.021704,-0.00015862,-0.002345,-0.029229,0.0067155,0.0055277,0.028835,0.0035928,0.00078177,-0.033715,0.00015917,0.00010788,0.028088,0.00063879,0.011859,-0.016524,0.00098008,0.00071235,0.055752,0.0053824,0.02043,-0.024457,0.0029579,0.0023207,0.08234,0.013052,0.030794,-0.029339,0.73896,410,"1"
-0.062194,1.0111,0.97358,-0.15503,0.96926,-0.1447,-0.066659,0.092228,4.7964,0.014266,2.8302,0.00035907,5.0351,3.8903,1.667,4.8271,0.011948,0.15651,4.5563e+16,4.5563e+16,4.5563e+16,4.5563e+16,NA,NA,0.32168,0.27941,0.32168,0.29093,0.36713,0.18997,NA,NA,286,47.65,7392,209500,14.861,234.09,59136,18080,3424,0.9142,0.93628,0.11095,0.080799,0.064412,0.42781,1718.2,881.79,0.024611,0.0034688,0.041122,0.035368,0.019844,0.030514,0.032061,0.049141,0.7689,2.6911,2.0295,0.14158,0.44961,0.38638,0.19895,0.47913,0.28796,0.21514,0.47416,0.27363,5.7272,3.0911,21530,49541,47438,0.14614,0.1448,0.099621,0.28262,0.28425,0.10142,0.38633,0.389,0.097366,0.45804,0.46031,0.091184,0.50435,0.50527,0.084575,0.0071047,0.0070547,0.050431,0.013956,0.022818,-0.0016764,0.016289,0.016392,0.054847,0.021851,0.035899,0.0020921,0.027508,0.02778,0.054915,0.027708,0.046766,0.0041367,0.0063656,0.0064678,0.11323,0.027159,0.039391,0.0035678,0.01395,0.014479,0.11331,0.037643,0.05467,0.011538,0.022749,0.023802,0.10751,0.044973,0.06635,0.017466,0.0005567,0.00045702,0.0071107,-0.004173,-0.0055327,-0.013597,0.0017415,0.0014628,0.010962,-0.0039012,-0.0055647,-0.018053,0.0036131,0.0030844,0.013801,-0.003287,-0.0051901,-0.022605,0.00018233,0.00012986,0.028624,0.001011,0.013458,-0.012534,0.00060775,0.00045647,0.030755,0.0018813,0.019658,-0.016644,0.0012195,0.00094709,0.030201,0.0024221,0.026138,-0.019628,0.89823,410,"0"
-0.026312,0.96743,0.9711,-0.16288,0.91727,-0.12453,-0.23542,0.59739,4.9466,0.10336,2.7417,0.0015433,5.8135,4.4875,1.6701,6.3601,0.015743,0.16288,4.8041e+16,4.8041e+16,4.8041e+16,4.8041e+16,NA,NA,0.29958,0.20956,0.29958,0.28629,0.38336,0.1526,NA,NA,349,39.275,10733,330670,18.463,343.51,85864,4072,3968,0.9142,0.93972,0.091534,0.063172,0.056071,0.38739,2043.9,972.26,0.017367,0.0021826,0.038082,0.041726,0.0043857,0.0086821,0.007631,0.019849,0.56043,0.63813,0.42242,0.13142,0.43954,0.4084,0.17622,0.45424,0.33953,0.18325,0.44676,0.33707,7.4818,3.2672,11808,25608,22650,0.16106,0.17042,0.11369,0.29953,0.31965,0.11131,0.3991,0.4205,0.10416,0.46795,0.48749,0.096468,0.50721,0.52481,0.088077,0.010656,0.010253,0.078327,0.025837,0.02968,-0.013666,0.022406,0.022413,0.078126,0.035255,0.043379,0.00014185,0.03645,0.037352,0.075351,0.042478,0.055381,0.015169,0.0070218,0.0069927,0.12934,0.031094,0.039834,-0.001217,0.014406,0.015032,0.12118,0.039837,0.053615,0.01692,0.023036,0.024767,0.11274,0.046488,0.065085,0.036362,0.0031242,0.0028222,0.041324,0.0068706,0.0023834,-0.018489,0.006552,0.0060608,0.042706,0.0098835,0.0042849,-0.019629,0.010646,0.010008,0.042113,0.012051,0.006052,-0.019378,0.00050987,0.00043776,0.082886,0.0069202,0.016745,-0.01258,0.0015529,0.0014007,0.081376,0.010157,0.023925,-0.013282,0.0030061,0.0027659,0.077089,0.012796,0.031463,-0.013997,0.87026,410,"0"
-0.007699,0.87126,0.86545,-0.36391,0.86409,-0.34948,-0.039645,1.2385,8.3815,0.028468,2.7688,0.0020165,4.0733,3.6108,1.2664,4.8739,0.012064,0.3644,4.8672e+16,4.8672e+16,4.8672e+16,4.8672e+16,NA,NA,0.31891,0.25334,0.31891,0.26556,0.36097,0.17882,NA,NA,263,53.373,3617,146530,8.2949,71.812,28936,28544,24048,0.91494,0.93692,0.18493,0.13495,0.10793,0.62327,2466.4,1225.1,0.013865,0.002028,0.052099,0.048587,0.0057731,0.026175,0.0090705,0.045527,0.67321,0.64784,0.26884,0.12891,0.44315,0.40916,0.16456,0.46503,0.34604,0.1688,0.46029,0.34741,9.4508,3.2733,20631,47148,45614,0.1455,0.1545,0.098218,0.28137,0.2967,0.099995,0.37845,0.39565,0.094454,0.43701,0.45471,0.086153,0.48166,0.49906,0.079986,0.011613,0.01269,0.08163,0.028318,0.03376,0.028087,0.022964,0.024819,0.076571,0.035623,0.046988,0.032749,0.037171,0.039861,0.073486,0.042649,0.05907,0.036706,0.0085501,0.010119,0.15061,0.038243,0.05053,0.047819,0.017245,0.020129,0.13872,0.04816,0.065539,0.058897,0.028357,0.032715,0.13271,0.058249,0.078851,0.068113,0.0027053,0.0022797,0.03422,0.0049431,-0.00078756,-0.022065,0.0046457,0.0038195,0.028958,0.0042945,-0.0007783,-0.030981,0.0068209,0.0055198,0.025802,0.0035932,-0.00027926,-0.039731,0.00035726,0.00029144,0.05554,0.0040813,0.015708,-0.0115,0.0010734,0.00087066,0.053793,0.0058412,0.021816,-0.017376,0.0020125,0.0016396,0.049356,0.0068926,0.028104,-0.02168,0.82871,410,"0"
-0.025754,0.91604,0.89829,-0.31546,0.89726,-0.30478,-0.033851,0.87508,4.6056,0.096666,2.8025,0.00049517,5.0615,4.3235,1.3639,5.6648,0.014022,0.31575,4.7073e+16,4.7073e+16,4.7073e+16,4.7073e+16,NA,NA,0.11903,0.22665,0.22665,0.45086,0.57108,0.18507,NA,NA,358,33.64,2893,44635,10.248,120.79,23144,16576,9120,0.91592,0.94241,0.074988,0.049708,0.060202,0.3296,1814.2,918.52,0.017713,0.0024393,0.03338,0.037174,0.0016481,0.013326,0.0077188,0.024711,0.18182,1.4047,1.3357,0.12815,0.4454,0.4065,0.17147,0.47818,0.32098,0.17395,0.47946,0.31573,8.6504,3.252,13671,26663,23372,0.1307,0.13206,0.08693,0.25597,0.258,0.089628,0.35436,0.35719,0.087136,0.42736,0.42988,0.083008,0.48219,0.48463,0.078893,0.0073399,0.0071556,0.050834,0.014529,0.026858,-0.0096619,0.017022,0.016647,0.055923,0.023091,0.040711,-0.011907,0.028793,0.02824,0.056082,0.029351,0.051612,-0.013013,0.0058975,0.0057667,0.10235,0.024433,0.040919,-0.0074999,0.013087,0.012934,0.10372,0.034394,0.055371,-0.0054886,0.021589,0.021457,0.099548,0.041641,0.066203,-0.0035543,0.00084252,0.0007306,0.0105,-0.0029204,-0.0032124,-0.017997,0.0020859,0.0017923,0.01281,-0.0028906,-0.0031531,-0.02635,0.0036365,0.003148,0.013553,-0.0031967,-0.0030868,-0.031711,0.00059986,0.00065835,0.091879,0.008283,0.020764,0.012435,0.0018492,0.0019204,0.091305,0.01236,0.030193,0.0070991,0.003568,0.0036351,0.086212,0.015566,0.038329,0.0045044,0.8345,410,"0"
-0.045882,1.0474,0.99204,-0.07439,0.93395,-0.092391,0.24199,0.010832,2.4121,-0.037884,2.8657,0.00094789,4.7732,3.51,1.8403,4.4435,0.010999,0.074623,4.6555e+16,4.6555e+16,4.6555e+16,4.6555e+16,NA,NA,0.093197,0.089782,0.093197,0.16315,0.21554,0.121,NA,NA,408,22.681,1100,9626.5,7.2511,62.139,8800,6560,6024,0.91723,0.94196,0.05609,0.038252,0.031072,0.26999,932.36,589.39,0.016431,0.0022706,0.039385,0.033904,0.0043653,0.012099,0.0081148,0.031504,0.20344,0.49609,0.27502,0.13915,0.4464,0.39024,0.21375,0.46819,0.27263,0.21993,0.47326,0.2567,5.5805,3.1219,16298,30733,29302,0.12691,0.12429,0.073263,0.24317,0.24031,0.073903,0.33329,0.33196,0.071134,0.40198,0.40498,0.067769,0.44264,0.4459,0.062858,0.0092893,0.0099633,0.05584,0.019282,0.030737,0.023848,0.021819,0.023737,0.062216,0.030697,0.047021,0.040641,0.03744,0.041205,0.063296,0.039771,0.06053,0.059103,0.0064364,0.0072869,0.096955,0.02529,0.043075,0.036335,0.0154,0.017838,0.10594,0.03894,0.061333,0.061381,0.026491,0.031238,0.10602,0.04964,0.075726,0.088132,0.0025744,0.0024246,0.027847,0.0040527,0.00118,-0.009667,0.0051546,0.0048243,0.027476,0.0052885,0.0019767,-0.013771,0.0077134,0.0071848,0.024951,0.0050815,0.0020395,-0.017461,0.0002785,0.00025181,0.037024,0.0024902,0.016449,-0.0068597,0.0013255,0.0011277,0.056806,0.0073784,0.025441,-0.019239,0.0034483,0.0029609,0.072317,0.013858,0.035617,-0.026368,0.88253,410,"0"
-0.031345,0.9867,0.95046,-0.21729,0.93107,-0.24833,0.14283,0.87396,4.7037,0.12946,2.7918,9.5839e-05,5.2697,4.2073,1.5612,5.3498,0.013242,0.21734,4.6173e+16,4.6173e+16,4.6173e+16,4.6173e+16,NA,NA,0.14815,0.21902,0.21902,0.25706,0.32596,0.1473,NA,NA,366,26.612,4041,53913,15.264,251.76,32328,14336,3600,0.91554,0.94192,0.054636,0.036926,0.030199,0.27899,1256.3,759.62,0.017491,0.0023089,0.033112,0.037829,0.0045116,0.038614,0.013872,0.072693,0.5338,0.60004,0.19649,0.13745,0.44668,0.39259,0.20578,0.47874,0.27225,0.21602,0.48055,0.25759,6.3277,3.1407,9982.1,18671,15824,0.131,0.13112,0.078429,0.26066,0.26317,0.082155,0.36862,0.37778,0.081594,0.445,0.46004,0.077804,0.49273,0.50747,0.072567,0.0088802,0.0099287,0.055361,0.018409,0.030013,0.043171,0.022408,0.025136,0.066265,0.03242,0.047848,0.065773,0.040431,0.045271,0.070888,0.044902,0.063267,0.083503,0.0070564,0.0083606,0.11024,0.028757,0.045149,0.05951,0.016941,0.020244,0.12086,0.044373,0.06439,0.090625,0.029682,0.035441,0.1232,0.057789,0.080131,0.11481,0.0013097,0.0011109,0.014692,-0.00090779,-0.0017183,-0.02153,0.0036025,0.0031935,0.019915,0.0012769,-0.00040616,-0.024321,0.0066573,0.005964,0.022334,0.0030505,0.00047367,-0.028819,0.00051409,0.00045715,0.07088,0.0064324,0.017407,-0.011037,0.00197,0.0017936,0.087557,0.012683,0.027967,-0.015369,0.0045128,0.0042553,0.098152,0.019777,0.039886,-0.013508,0.85487,410,"0"
-0.025658,1.0081,0.97088,-0.16353,0.97077,-0.16527,0.0106,0.81985,8.4711,0.01666,2.7389,0.002764,8.6755,6.7082,1.6644,10.593,0.026221,0.1639,4.7992e+16,4.7992e+16,4.7992e+16,4.7992e+16,NA,NA,0.15198,0.24557,0.24557,0.22032,0.30385,0.17136,NA,NA,309,39.977,4343,79790,12.608,180.92,34744,15016,9768,0.91426,0.93992,0.072561,0.05077,0.050099,0.31174,1439.5,861.22,0.017878,0.0026233,0.047073,0.029879,0.011469,0.03178,0.019401,0.055593,0.23326,1.1111,1.1972,0.13155,0.44328,0.40478,0.17756,0.4656,0.32763,0.18102,0.46312,0.32407,6.3415,3.2383,23757,48302,46668,0.15372,0.16237,0.096737,0.28748,0.30299,0.095242,0.38822,0.40984,0.090324,0.4453,0.46968,0.081837,0.47944,0.50308,0.074219,0.0073034,0.0067591,0.047859,0.014013,0.023555,-0.019875,0.017828,0.017484,0.055416,0.024066,0.038426,-0.0074017,0.031212,0.031016,0.057523,0.032177,0.051045,-0.0030949,0.003995,0.0037348,0.065603,0.014327,0.030698,-0.012501,0.0093544,0.0094919,0.070148,0.021738,0.04388,0.0040623,0.016361,0.016853,0.071378,0.028341,0.054839,0.010658,0.002292,0.0020901,0.027027,0.003081,0.00040544,-0.013241,0.0056214,0.0052971,0.032664,0.0067944,0.0033843,-0.012234,0.0097203,0.0092952,0.034277,0.0094526,0.0058016,-0.011764,0.0010164,0.0009342,0.1473,0.015118,0.022597,-0.0093234,0.0031116,0.0029246,0.14537,0.022396,0.032856,-0.0098033,0.0057186,0.0054042,0.13074,0.02686,0.041991,-0.011422,0.84551,410,"0"
-0.011272,0.91788,0.90155,-0.31023,0.90015,-0.29799,-0.039446,-0.505,4.6694,-0.095424,2.7696,0.00094034,4.2422,3.6135,1.3715,4.8673,0.012048,0.31096,4.964e+16,4.964e+16,4.964e+16,4.964e+16,NA,NA,0.20802,0.23443,0.23443,0.29749,0.31579,0.13286,NA,NA,321,37.685,4435,99347,11.395,140.99,35480,21376,18360,0.91473,0.93958,0.13334,0.093119,0.083723,0.49397,2015.3,1076.3,0.01323,0.0018729,0.043635,0.043586,0.0067833,0.00043043,0.014631,0.0083444,1.1484,1.8901,0.93999,0.12294,0.43609,0.42161,0.1511,0.44139,0.37971,0.1512,0.44548,0.3766,9.8179,3.3729,16011,32341,29936,0.12078,0.12024,0.076506,0.22991,0.23228,0.076667,0.32909,0.3365,0.077067,0.41224,0.42291,0.076257,0.47396,0.48549,0.073852,0.0074052,0.007005,0.048843,0.014376,0.023744,-0.015804,0.015025,0.014038,0.047009,0.018503,0.033686,-0.02568,0.023884,0.022024,0.044305,0.021216,0.042008,-0.037353,0.0040596,0.0036669,0.0671,0.014695,0.030732,-0.020769,0.0080689,0.0071946,0.060904,0.017769,0.039177,-0.030886,0.013027,0.011678,0.057204,0.020668,0.046759,-0.036731,0.0029874,0.0030474,0.035457,0.005941,0.0024716,0.0037155,0.0058382,0.0059203,0.034146,0.0074072,0.0042528,0.0033587,0.0084471,0.0083199,0.029982,0.0068473,0.0042341,-0.0041497,0.00035819,0.00029077,0.05225,0.0039669,0.014933,-0.014872,0.0012409,0.0010301,0.058351,0.0070364,0.022284,-0.020698,0.0026986,0.0022666,0.062099,0.010426,0.030969,-0.027041,0.81656,410,"0"
-0.0043806,0.52181,0.52136,-0.69092,0.51595,-0.62056,-0.10183,0.39256,4.4145,0.075823,2.7921,0.00062474,4.7184,6,0.61541,8.7074,0.021553,0.69135,4.2515e+16,4.2515e+16,4.2515e+16,4.2515e+16,NA,NA,0.37096,0.2418,0.37096,0.25395,0.46757,0.20013,NA,NA,432,17.625,542,3614.9,5.2754,35.132,4336,3776,3616,0.91686,0.94532,0.029619,0.018903,0.019225,0.26157,1123.4,686.68,0.013534,0.0018594,0.025633,0.028987,0.0010068,0.013051,0.011618,0.029734,1.2062,0.67664,0.24548,0.13144,0.44644,0.40225,0.19897,0.48662,0.28428,0.20307,0.48759,0.27866,5.7403,3.218,7796.7,13220,8397.5,0.14599,0.1483,0.078433,0.27835,0.28371,0.078726,0.3714,0.377,0.073772,0.43452,0.43772,0.068175,0.47414,0.47597,0.062663,0.012211,0.013342,0.068315,0.026919,0.033427,0.059899,0.027055,0.029349,0.071797,0.039288,0.051124,0.076262,0.044995,0.04834,0.070793,0.048837,0.065477,0.083876,0.0077279,0.0079515,0.10834,0.030289,0.042989,0.015056,0.017803,0.018502,0.11398,0.044491,0.060765,0.028791,0.030634,0.032023,0.1141,0.056737,0.075477,0.042266,0.0039972,0.0049123,0.040239,0.0092695,0.0041358,0.080533,0.0076817,0.0093086,0.038107,0.011433,0.0064677,0.097203,0.011433,0.01346,0.03442,0.011986,0.0076025,0.095871,0.00048622,0.00047791,0.060157,0.0056521,0.019248,-0.0026639,0.0016057,0.0015766,0.064042,0.0092397,0.030067,-0.0041108,0.0030925,0.0030312,0.060358,0.011571,0.039439,-0.0058685,0.86127,410,"1"
-0.013634,0.95034,0.92318,0.27307,0.92297,0.26896,-0.015052,-0.15032,2.2719,-0.042565,2.886,0.0007185,3.6476,2.2835,2.5392,2.69,0.0066585,-0.27317,4.8005e+16,4.8005e+16,4.8005e+16,4.8005e+16,NA,NA,0.1063,0.083009,0.1063,0.20929,0.23544,0.11068,NA,NA,339,30.531,5285,84651,17.394,313.33,42280,4968,3264,0.91432,0.93912,0.052593,0.03759,0.02878,0.25462,1242.7,710.14,0.01443,0.0018486,0.037158,0.035352,0.0079364,0.0065522,0.021974,0.016689,0.029469,0.38185,0.36638,0.13863,0.44646,0.38881,0.20908,0.47235,0.27005,0.2164,0.4693,0.25402,6.0707,3.1105,33527,68746,67347,0.1051,0.10227,0.061386,0.20942,0.20181,0.064394,0.29162,0.28053,0.062975,0.34905,0.3345,0.059539,0.3916,0.37491,0.056266,0.016041,0.020699,0.097564,0.039476,0.050372,0.1037,0.035076,0.0455,0.1012,0.056487,0.072758,0.14702,0.057287,0.073905,0.097991,0.068773,0.089692,0.17849,0.01308,0.018166,0.19936,0.057141,0.074794,0.12447,0.027969,0.038885,0.19467,0.077094,0.099414,0.17069,0.044474,0.061387,0.18009,0.09014,0.11653,0.20315,0.0018637,0.0015404,0.020397,0.0012821,-0.00050517,-0.02014,0.0039628,0.0035073,0.021372,0.0022031,0.00099941,-0.018859,0.006635,0.0061228,0.021716,0.0029681,0.0019079,-0.015649,0.001097,0.00099258,0.14756,0.015872,0.022693,-0.010159,0.0031714,0.0031271,0.13751,0.022037,0.034044,-0.0021234,0.0063551,0.0065344,0.13485,0.029202,0.046149,0.0059459,0.86323,410,"0"
-0.0021276,0.07268,0.071136,-0.96373,0.07113,-0.97225,0.0088491,-1.0831,3.4765,-0.20999,2.7921,6.5226e-05,1.9834,7.4347,0.070983,10.982,0.014841,0.96444,3.0031e+16,3.0031e+16,3.0031e+16,3.0031e+16,NA,NA,0.23127,0.14328,0.23127,0.2112,0.45556,0.15044,NA,NA,175,131.31,21746,2698900,13.11,172.92,173970,2008,1200,0.90991,0.92523,0.11564,0.089825,0.056231,0.35611,2721.2,1083.1,0.015987,0.0020758,0.033725,0.025649,0.0021332,0.020264,0.0011879,0.028908,1.2975,1.3816,0.7882,0.14045,0.46118,0.37337,0.17622,0.49011,0.29952,0.1828,0.4947,0.28594,2.8936,2.987,20610,73795,72784,0.04796,0.045117,0.044221,0.08972,0.084009,0.043359,0.12794,0.12051,0.043276,0.16302,0.15325,0.043436,0.19665,0.18563,0.044034,0.024691,0.029549,0.24203,0.082679,0.095341,0.069466,0.048864,0.059176,0.22743,0.10543,0.12344,0.10028,0.077716,0.0943,0.2143,0.12465,0.14741,0.12628,0.0093102,0.0083737,0.22854,0.049596,0.049988,-0.021615,0.018482,0.017312,0.20766,0.061464,0.064083,-0.018191,0.029675,0.028355,0.19362,0.072179,0.077035,-0.015864,0.015322,0.021129,0.2703,0.068797,0.082949,0.10499,0.03067,0.042148,0.26689,0.091489,0.10992,0.13933,0.049117,0.066912,0.25906,0.11089,0.13258,0.16752,5.8828e-05,4.6992e-05,0.012811,-0.0015253,0.0079499,-0.0059197,0.00041229,0.00036284,0.028709,4.0571e-06,0.013219,-0.0062521,0.0011853,0.0011023,0.040694,0.002351,0.019269,-0.0054221,1.359,746,"1"
-0.0011239,0.075375,0.074507,-0.96197,0.073894,-0.87469,-0.090733,-0.248,2.0053,-0.030026,3.137,0.0014405,1.2481,4.6931,0.070549,6.1823,0.0083545,0.96459,3.038e+16,3.038e+16,3.038e+16,3.038e+16,NA,NA,0.16317,0.131,0.16317,0.14049,0.16427,0.070864,NA,NA,313,47.479,11952,457650,17.458,307.4,95616,6184,3312,0.91801,0.94141,0.065668,0.044301,0.048741,0.26376,2136.2,1251,0.016074,0.002233,0.02075,0.023784,0.0072349,0.014769,0.015276,0.024097,2.7144,3.1795,1.2184,0.1311,0.44641,0.39822,0.16973,0.46461,0.32762,0.17033,0.4597,0.3287,5.1494,3.1857,13079,27425,24413,0.04704,0.045073,0.032545,0.092593,0.08985,0.033577,0.13226,0.12865,0.033569,0.17457,0.16961,0.034901,0.21478,0.20942,0.036086,0.012569,0.012123,0.092447,0.031613,0.053602,-0.015133,0.023908,0.023374,0.083494,0.037813,0.0668,-0.01258,0.037428,0.036765,0.077443,0.043195,0.078562,-0.012285,0.0042911,0.0039292,0.079036,0.016416,0.03811,-0.020525,0.0083195,0.0077497,0.070142,0.019203,0.046059,-0.022986,0.014219,0.013382,0.069613,0.024205,0.054983,-0.025216,0.0082778,0.0081937,0.10957,0.028836,0.037563,-0.0035454,0.015757,0.01577,0.10289,0.035945,0.04856,0.00037389,0.023789,0.023887,0.094148,0.04021,0.056885,0.002241,1.4428e-07,1.1364e-07,2.3577e-05,-0.0023767,0.0078863,-0.0049646,2.0398e-05,1.5878e-05,0.0010657,-0.0034143,0.012016,-0.0096014,0.00015246,0.00011951,0.0039276,-0.0039599,0.016857,-0.012973,0.9736,746,"1"
-0.00019015,0.065478,0.065163,-0.96682,0.065129,-0.94475,-0.022835,-0.056944,2.0593,-0.066938,3.2038,0.0011909,1.2852,5.048,0.06465,6.8529,0.0092606,0.96761,3.0309e+16,3.0309e+16,3.0309e+16,3.0309e+16,NA,NA,0.21884,0.10734,0.21884,0.3746,0.49964,0.22552,NA,NA,218,95.633,17211,1367000,14.472,212.14,137690,9552,8848,0.91495,0.93378,0.11269,0.081017,0.076048,0.36877,1710.6,1041.3,0.020984,0.0026187,0.021488,0.019941,0.0039726,0.0015446,0.0052262,0.0035237,1.5541,2.4707,1.321,0.13743,0.44852,0.38981,0.17482,0.47196,0.31737,0.17714,0.47114,0.31598,3.2571,3.1185,15185,41101,39351,0.050457,0.04884,0.043618,0.093254,0.090761,0.042252,0.13219,0.12978,0.041922,0.16958,0.16571,0.04236,0.20388,0.19978,0.0428,0.014777,0.015196,0.1358,0.043549,0.05993,0.010353,0.028591,0.029285,0.12476,0.053571,0.07472,0.011754,0.045154,0.046246,0.11674,0.06226,0.088041,0.014478,0.0096566,0.0105,0.22223,0.050017,0.060717,0.025638,0.018252,0.019407,0.19228,0.058602,0.071395,0.024226,0.028107,0.029682,0.17193,0.065493,0.080994,0.026116,0.0049217,0.0045502,0.0814,0.016015,0.026591,-0.015804,0.0099497,0.0095881,0.081174,0.021514,0.03555,-0.010345,0.01656,0.016196,0.081887,0.027318,0.043789,-0.0078984,0.00019856,0.00014538,0.040541,0.001354,0.010797,-0.01312,0.00050075,0.00037102,0.032691,0.00086881,0.016039,-0.016489,0.00084712,0.00064002,0.027267,7.6229e-05,0.021326,-0.019985,1.1995,746,"1"
-0.00072428,0.07451,0.07422,-0.96212,0.072844,-1.0931,0.13617,0.10916,3.051,-0.070508,3.1652,4.3425e-06,1.8939,6.8789,0.075602,9.6661,0.013062,0.96215,3.6015e+16,3.6015e+16,3.6015e+16,3.6015e+16,NA,NA,0.35211,0.21333,0.35211,0.47997,0.58999,0.21035,NA,NA,183,123.56,20571,2310000,13.4,180.7,164570,3896,1376,0.91498,0.93602,0.074887,0.052666,0.057284,0.33802,2262.3,1182.3,0.021486,0.0028447,0.022636,0.022073,0.00028748,0.01158,0.00010598,0.018088,1.0253,0.12201,1.1266,0.13206,0.44223,0.40172,0.15966,0.44904,0.3571,0.16575,0.43654,0.36224,3.5801,3.2138,10828,28775,26413,0.050077,0.051426,0.045412,0.096849,0.099214,0.046033,0.1421,0.14579,0.047275,0.18254,0.18665,0.047833,0.21998,0.22439,0.048444,0.013129,0.013042,0.12657,0.038425,0.055525,-0.0024711,0.025742,0.025742,0.11784,0.047936,0.070802,-1.6352e-05,0.040717,0.040938,0.11043,0.055664,0.083868,0.0033396,0.0061684,0.0065966,0.14892,0.030197,0.045753,0.017993,0.012229,0.012977,0.13514,0.037019,0.056447,0.020824,0.019847,0.021107,0.12736,0.043741,0.067259,0.027193,0.0068359,0.0063558,0.1186,0.025948,0.033092,-0.018777,0.013391,0.012681,0.11461,0.033457,0.043779,-0.018873,0.02102,0.019957,0.10904,0.039226,0.052082,-0.021945,0.0001244,8.9935e-05,0.026644,-0.00015153,0.010859,-0.010851,0.00030208,0.0002284,0.020688,-0.0011003,0.014743,-0.013109,0.0005303,0.00040489,0.017906,-0.0020325,0.018625,-0.016965,1.141,746,"1"
-0.0031969,0.14226,0.14453,-0.92481,0.13358,-1.1793,0.27522,1.0847,3.9139,0.20674,2.9571,0.00021346,2.2889,6.1348,0.13884,10.145,0.013709,0.9301,4.2609e+16,4.2609e+16,4.2609e+16,4.2609e+16,NA,NA,0.28068,0.21046,0.28068,0.4991,0.54114,0.24823,NA,NA,299,61.993,16476,906490,17.198,296.84,131810,1040,824,0.91655,0.94039,0.062442,0.042171,0.050584,0.23031,1564.9,984.83,0.021961,0.003354,0.029826,0.033398,0.0060622,0.0021245,0.010844,0.0023303,1.4793,3.0301,1.1913,0.12248,0.45195,0.40036,0.13408,0.48431,0.33953,0.13195,0.48911,0.33522,5.6765,3.2028,11691,26845,22461,0.038235,0.035622,0.030419,0.071056,0.06547,0.029629,0.096697,0.088473,0.028222,0.11834,0.10789,0.027205,0.13599,0.12358,0.026274,0.0092351,0.0088144,0.078108,0.022217,0.043622,-0.017363,0.018982,0.018166,0.076231,0.029344,0.057011,-0.022102,0.030278,0.028929,0.072039,0.034122,0.06781,-0.028098,0.0025599,0.0022675,0.054218,0.0078577,0.028245,-0.023507,0.0056297,0.0050639,0.054579,0.011007,0.035994,-0.028281,0.0094221,0.0085695,0.053044,0.013304,0.042156,-0.031793,0.0066305,0.0065138,0.10092,0.023304,0.032604,-0.0056176,0.013438,0.013181,0.1009,0.031424,0.043429,-0.0082319,0.021244,0.020704,0.096681,0.037206,0.052298,-0.013314,4.4731e-05,3.3044e-05,0.0084052,-0.0016875,0.0074636,-0.0089551,0.00012027,8.8901e-05,0.0072262,-0.0027321,0.011979,-0.0105,0.00026019,0.00019968,0.0077074,-0.0035827,0.017589,-0.015179,0.93476,746,"0"
-0.0055749,0.15883,0.16312,-0.91469,0.14201,-0.58567,-0.35971,0.25491,2.0132,0.12787,3.1635,0.001533,1.7281,4.3097,0.16037,5.6507,0.0076361,0.91932,3.6112e+16,3.6112e+16,3.6112e+16,3.6112e+16,NA,NA,0.30133,0.18322,0.30133,0.21335,0.58005,0.15493,NA,NA,313,49.735,11622,432650,17.444,307.1,92976,5104,3712,0.91732,0.93999,0.044827,0.030613,0.02842,0.18011,1451.1,892.53,0.016545,0.0021679,0.026663,0.031291,0.012854,0.0049918,0.023696,0.012519,2.435,2.6571,0.85896,0.12927,0.45485,0.39265,0.1656,0.48925,0.30846,0.17137,0.48854,0.30028,4.0424,3.1412,9918.4,21710,18423,0.047992,0.046559,0.034197,0.09082,0.088015,0.033919,0.12802,0.12505,0.033464,0.16096,0.15807,0.033141,0.19506,0.19242,0.033754,0.014852,0.015385,0.11251,0.039693,0.059083,0.016085,0.029251,0.03028,0.10521,0.049948,0.074736,0.021032,0.0465,0.04823,0.09909,0.05857,0.088831,0.027561,0.0062367,0.0062754,0.11831,0.02705,0.044423,0.0018023,0.012268,0.012297,0.10652,0.032844,0.053736,0.00092954,0.019296,0.019292,0.097292,0.037274,0.061996,-7.8401e-05,0.0085706,0.0090691,0.11684,0.030563,0.039653,0.019783,0.017356,0.018327,0.11671,0.041178,0.052723,0.025674,0.0281,0.029784,0.11453,0.050411,0.064851,0.034108,4.487e-05,4.0165e-05,0.0075514,-0.0015924,0.0076985,-0.0030904,0.00010965,9.763e-05,0.0059006,-0.0026761,0.012892,-0.0039773,0.0002643,0.00022902,0.0070122,-0.0033617,0.017699,-0.008591,1.0369,746,"1"
-0.005817,0.24123,0.24558,-0.86838,0.22244,-0.6018,-0.30699,0.82661,3.3428,0.20099,3.0313,2.0714e-06,2.8538,5.6868,0.25117,8.1301,0.010987,0.87353,4.5019e+16,4.5019e+16,4.5019e+16,4.5019e+16,NA,NA,0.17676,0.33414,0.33414,0.17241,0.3636,0.10373,NA,NA,260,56.427,13353,684840,16.013,257.62,106820,2192,1544,0.91477,0.93553,0.075398,0.056631,0.010689,0.29959,2039.7,1003.4,0.017125,0.0019439,0.03681,0.027504,0.01769,0.031735,0.0304,0.054206,1.846,0.33685,1.6478,0.14553,0.45362,0.37609,0.19706,0.48358,0.28091,0.21436,0.48066,0.26436,4.2317,3.0087,45404,116790,115590,0.046511,0.043109,0.030718,0.088716,0.083456,0.03071,0.12804,0.11849,0.031022,0.16372,0.15221,0.031244,0.19691,0.18493,0.031581,0.026061,0.029623,0.18298,0.074069,0.085325,0.050803,0.050322,0.057774,0.16776,0.091895,0.10813,0.073423,0.078962,0.090169,0.15596,0.10701,0.12685,0.087291,0.010265,0.011509,0.18048,0.046701,0.060382,0.027964,0.019556,0.022206,0.15739,0.055296,0.072863,0.041127,0.03088,0.03429,0.14432,0.063732,0.08269,0.041468,0.015735,0.018063,0.19883,0.059735,0.061146,0.042529,0.031005,0.035827,0.19326,0.078061,0.081897,0.05987,0.049337,0.057085,0.18639,0.093936,0.099815,0.075082,6.0901e-05,5.1056e-05,0.0094999,-0.001249,0.0078784,-0.005579,0.00043311,0.00033972,0.021602,0.00018076,0.012473,-0.01187,0.001089,0.00084171,0.026779,0.001436,0.017918,-0.016827,1.0866,746,"1"
-0.0018176,0.12091,0.12052,-0.93772,0.1185,-1.0593,0.12961,-0.49068,3.8329,-0.094659,3.0964,0.00028438,3.363,9.7216,0.11935,17.03,0.023014,0.94009,4.0873e+16,4.0873e+16,4.0873e+16,4.0873e+16,NA,NA,0.22289,0.16149,0.22289,0.29364,0.43576,0.1786,NA,NA,207,108.86,21214,2171500,14.279,204.94,169710,1088,1080,0.91491,0.93413,0.052873,0.037753,0.031569,0.18775,1537.4,912.69,0.0162,0.0022405,0.022288,0.019995,0.0015632,0.0080125,0.0025877,0.012413,0.71344,0.44117,1.0385,0.13504,0.44761,0.39456,0.1662,0.46157,0.34128,0.17657,0.45694,0.33147,2.7035,3.1565,18411,50785,48371,0.047306,0.047602,0.043228,0.092143,0.093102,0.044131,0.13523,0.13653,0.045333,0.17734,0.17903,0.046828,0.21729,0.22105,0.048218,0.013785,0.01389,0.13391,0.041058,0.05627,0.0027275,0.028824,0.029739,0.13295,0.055697,0.075822,0.015722,0.048229,0.050779,0.1318,0.069729,0.094554,0.033142,0.0082632,0.0087161,0.20102,0.043019,0.054855,0.01505,0.01681,0.017988,0.18719,0.054756,0.069335,0.026195,0.027546,0.030015,0.17812,0.065795,0.083551,0.041836,0.0055067,0.0051636,0.096273,0.019405,0.027602,-0.014143,0.012088,0.011801,0.10425,0.029254,0.040261,-0.0075939,0.020871,0.020903,0.1091,0.039003,0.052566,0.00061631,1.4819e-05,1.0092e-05,0.0031982,-0.0024352,0.0065448,-0.0069392,0.00013579,0.00011173,0.0093705,-0.0027775,0.011804,-0.0078069,0.00049778,0.00044388,0.016936,-0.0022577,0.017413,-0.0079329,1.252,746,"1"
-0.0029964,0.25219,0.25169,-0.86485,0.24831,-0.76472,-0.11578,0.82509,3.1181,0.22023,3.0477,2.7722e-05,3.3458,6.4457,0.26872,10.649,0.01439,0.86538,4.8878e+16,4.8878e+16,4.8878e+16,4.8878e+16,NA,NA,0.67207,0.40666,0.67207,0.40394,0.59349,0.16688,NA,NA,270,49.296,9551,350970,15.446,246.29,76408,15928,1256,0.91539,0.93585,0.071637,0.054194,0,0.30617,3153.8,1054,0.019246,0.0022076,0.06827,0.033906,0.0021604,0.026647,0.0023321,0.04298,0.025661,3.5829,3.2142,0.12858,0.44992,0.4001,0.1583,0.4638,0.34782,0.15809,0.47186,0.3404,6.0316,3.2008,39897,99524,98287,0.054276,0.047619,0.033752,0.097936,0.084205,0.031921,0.14225,0.12177,0.032452,0.18001,0.15319,0.032347,0.20843,0.1755,0.031477,0.029143,0.038473,0.19267,0.081394,0.10231,0.11725,0.051903,0.066411,0.16293,0.092305,0.11804,0.13237,0.077451,0.095716,0.14404,0.10148,0.13088,0.13535,0.0068835,0.0054453,0.11396,0.028453,0.040401,-0.036576,0.012301,0.0095578,0.09322,0.030742,0.046557,-0.050545,0.019015,0.014617,0.083678,0.034116,0.052988,-0.064033,0.022177,0.032968,0.26386,0.084375,0.10039,0.1549,0.039636,0.056892,0.23262,0.099283,0.11778,0.17866,0.059047,0.081596,0.21005,0.11125,0.13059,0.18914,8.256e-05,5.9541e-05,0.012126,-0.00084067,0.0065917,-0.0063861,0.00035733,0.00025241,0.016781,-0.00045067,0.011818,-0.013134,0.00079462,0.00056131,0.018399,-0.00022392,0.017913,-0.017506,0.87546,746,"1"
-0.0013107,0.080148,0.079772,-0.95923,0.077079,-1.1355,0.18372,-0.088425,2.1544,-0.026816,3.1906,0.00094604,1.4163,5.2083,0.073763,6.7599,0.009135,0.96294,3.4335e+16,3.4335e+16,3.4335e+16,3.4335e+16,NA,NA,0.23546,0.12548,0.23546,0.25509,0.29262,0.10351,NA,NA,196,125.81,16413,1539200,12.094,154.93,131300,46224,5592,0.91018,0.9253,0.22212,0.17288,0.10065,0.55896,4383.4,1945,0.022851,0.0030283,0.03271,0.027204,0.0020436,0.019802,0.0029275,0.02453,3.4544,3.921,1.1003,0.13844,0.48695,0.35476,0.16099,0.53929,0.27464,0.16692,0.55933,0.25193,7.5472,2.8381,24596,91117,89757,0.06104,0.062433,0.060336,0.11727,0.11801,0.060756,0.16601,0.16601,0.0602,0.21093,0.21006,0.06025,0.24984,0.24701,0.059973,0.021063,0.023994,0.22135,0.071412,0.0817,0.045406,0.039851,0.046179,0.19884,0.086217,0.10257,0.068035,0.060962,0.07082,0.18021,0.097049,0.11892,0.084402,0.0080834,0.0075482,0.21272,0.043659,0.048341,-0.01342,0.015779,0.014943,0.19007,0.052898,0.059297,-0.014176,0.024521,0.023481,0.17152,0.059556,0.068167,-0.013788,0.012877,0.016376,0.24353,0.058575,0.06692,0.0687,0.024284,0.031403,0.22654,0.072715,0.086369,0.096921,0.03722,0.047915,0.21045,0.083638,0.10118,0.11566,0.00010329,7.0283e-05,0.024114,-0.00061638,0.0052192,-0.01216,0.00054782,0.00039995,0.040894,0.0014239,0.010756,-0.015462,0.0012765,0.001031,0.046981,0.0030717,0.01706,-0.014763,0.95668,746,"1"
-0.028081,0.49707,0.47656,-0.72305,0.46469,-0.60895,-0.1578,-0.26434,3.5557,-0.043434,3.1742,6.8977e-07,5.8006,7.8164,0.54926,10.824,0.014627,0.72447,5.0262e+16,5.0262e+16,5.0262e+16,5.0262e+16,NA,NA,0.12758,0.094328,0.12758,0.17775,0.18581,0.11851,NA,NA,270,60.819,12010,541990,15.915,258.15,96080,12288,3960,0.91553,0.93649,0.11292,0.080346,0.066298,0.38067,2323.7,1108.1,0.019937,0.0025456,0.027485,0.025061,0.0011455,0.012586,0.0017738,0.021706,1.2732,0.054641,0.51879,0.13895,0.45412,0.3836,0.18192,0.48588,0.29624,0.19598,0.48729,0.27927,5.9174,3.0688,15952,37195,34975,0.053595,0.05158,0.039075,0.10428,0.10232,0.039847,0.15165,0.15162,0.040562,0.19576,0.19742,0.041242,0.23551,0.24042,0.041699,0.021404,0.023634,0.1659,0.062221,0.07663,0.047884,0.041082,0.045098,0.15119,0.076435,0.096568,0.059266,0.064554,0.070118,0.14075,0.088898,0.11361,0.064844,0.0088662,0.009916,0.17209,0.041566,0.056858,0.035258,0.017533,0.018944,0.15577,0.051239,0.069564,0.031546,0.027722,0.02929,0.14302,0.059038,0.079993,0.027346,0.012383,0.013597,0.17273,0.047902,0.052578,0.034031,0.024112,0.026771,0.16591,0.061675,0.069649,0.050806,0.038505,0.042723,0.16059,0.074425,0.084164,0.062745,0.00015491,0.00012133,0.026676,0.00043076,0.007782,-0.0090968,0.00041548,0.00033737,0.022876,3.2153e-05,0.013546,-0.012062,0.0010624,0.0009008,0.02884,0.0013519,0.021545,-0.016218,0.98164,746,"1"
-0.00056419,0.06311,0.062748,-0.96807,0.06265,-1.0064,0.039543,-0.030984,1.8217,0.023597,3.0972,0.0025388,1.7482,6.9204,0.063645,10.062,0.013597,0.96813,3.2423e+16,3.2423e+16,3.2423e+16,3.2423e+16,NA,NA,0.15186,0.28457,0.28457,0.40088,0.51482,0.18675,NA,NA,194,114.63,19252,1911600,13.761,190.89,154020,4760,4408,0.91328,0.93395,0.080154,0.057966,0.061861,0.26933,1446,868.79,0.01668,0.0022468,0.026011,0.020798,0.010302,0.0048633,0.016948,0.0087687,2.5038,0.95664,1.2496,0.14224,0.45119,0.38061,0.18614,0.47518,0.30064,0.20156,0.46821,0.28859,2.5815,3.0449,22323,62179,60490,0.037158,0.036016,0.03309,0.078345,0.077046,0.036568,0.11805,0.11715,0.038567,0.1572,0.15668,0.040453,0.19816,0.20055,0.042855,0.015101,0.015989,0.14296,0.04543,0.062348,0.019981,0.030106,0.032305,0.13533,0.058073,0.080383,0.033751,0.049153,0.053138,0.13091,0.070489,0.096986,0.047099,0.0055084,0.0049891,0.13059,0.025967,0.040194,-0.019875,0.012126,0.011574,0.13159,0.036285,0.053168,-0.01342,0.021058,0.020816,0.1327,0.046731,0.06601,-0.0043539,0.0095915,0.010999,0.16342,0.039306,0.047275,0.038999,0.018125,0.020857,0.15233,0.048685,0.060677,0.053057,0.028361,0.03255,0.14448,0.057173,0.07196,0.063741,1.0488e-06,6.8945e-07,0.0002206,-0.0026863,0.008456,-0.0050743,3.8022e-05,2.7698e-05,0.002557,-0.0037114,0.011772,-0.0082632,0.00021488,0.00016264,0.007125,-0.0040954,0.015302,-0.011095,1.2411,746,"1"
-0.0042203,0.51249,0.51015,-0.6994,0.50908,-0.73148,0.045867,-1.407,4.2615,-0.30935,2.7704,0.0013251,3.3514,4.3195,0.60038,6.6688,0.0090118,0.69941,6.2063e+16,6.2063e+16,6.2063e+16,6.2063e+16,NA,NA,0.6242,0.53445,0.6242,0.26317,0.33732,0.15308,NA,NA,229,76.751,12920,745680,14.481,215.12,103360,15696,5480,0.91295,0.93136,0.030016,0.023174,0.002679,0.11387,1712.5,879.1,0.022286,0.003005,0.066258,0.036967,0.0032891,0.01996,0.0066176,0.027756,0.16282,2.1578,2.0398,0.13455,0.45209,0.38507,0.16587,0.47483,0.32513,0.17007,0.47853,0.30168,5.5741,3.0805,52215,155740,154750,0.045099,0.041082,0.033284,0.090913,0.079932,0.035167,0.13169,0.11368,0.035654,0.16666,0.1424,0.035541,0.19668,0.16701,0.035249,0.017805,0.022509,0.1397,0.050419,0.07202,0.071871,0.032628,0.040196,0.12155,0.058289,0.085572,0.082008,0.050402,0.060423,0.11125,0.066077,0.097677,0.086472,0.0046484,0.003609,0.091329,0.018909,0.032685,-0.031679,0.0092146,0.0071481,0.082872,0.022929,0.039164,-0.042109,0.014982,0.01162,0.078244,0.026963,0.045219,-0.052777,0.013156,0.0189,0.18577,0.051669,0.067052,0.10087,0.023587,0.033166,0.16428,0.060496,0.080505,0.12095,0.036015,0.049231,0.15204,0.069254,0.092139,0.13333,0,0,0,-0.002459,0.0051565,0,3.3629e-06,1.9838e-06,0.00018743,-0.0036825,0.0084533,-0.0049861,4.3117e-05,2.5963e-05,0.0011848,-0.0047485,0.012676,-0.0083046,0.98607,746,"1"
-0.0013732,0.16743,0.1663,-0.91295,0.16627,-0.92502,0.013222,-0.34642,2.8657,-0.045062,3.1537,0.00026632,2.7785,6.8703,0.16312,10.658,0.014402,0.9179,4.3809e+16,4.3809e+16,4.3809e+16,4.3809e+16,NA,NA,0.50266,0.24858,0.50266,0.49365,0.6483,0.25067,NA,NA,229,63.485,7386,320310,11.359,136.9,59088,34608,5856,0.91573,0.93663,0.12534,0.092185,0.058028,0.438,2073.1,980.1,0.026631,0.0045359,0.026628,0.023771,0.0029103,0.0021746,0.0081406,0.0060531,0.62689,3.1759,2.5856,0.12512,0.4616,0.3908,0.15782,0.49986,0.30719,0.14952,0.51845,0.29942,4.1925,3.1264,41361,95802,94328,0.034274,0.028168,0.021928,0.067137,0.05607,0.022513,0.095762,0.080847,0.022476,0.12154,0.10328,0.022469,0.14775,0.1261,0.022956,0.0083497,0.0072201,0.056791,0.017084,0.037998,-0.032174,0.017545,0.015332,0.056663,0.023307,0.049802,-0.041018,0.028861,0.025148,0.055222,0.028348,0.060467,-0.052238,0.0022686,0.0018637,0.03864,0.0055574,0.025775,-0.022447,0.0051592,0.0043064,0.040224,0.0083405,0.032288,-0.029435,0.0091853,0.0076573,0.041585,0.01134,0.039044,-0.038509,0.0058361,0.0051723,0.071437,0.017537,0.02613,-0.022711,0.012298,0.010984,0.074256,0.024949,0.03651,-0.028916,0.019927,0.01771,0.072928,0.030507,0.045021,-0.037133,0.00024503,0.0001841,0.037026,0.0019672,0.011927,-0.0089836,0.0003534,0.00026015,0.017075,-0.00049019,0.015242,-0.011402,0.00050414,0.00036514,0.01201,-0.0018456,0.019527,-0.014345,0.84815,746,"0"
-0.0001888,0.077149,0.076965,-0.96069,0.076863,-0.92571,-0.036412,-0.53303,2.4289,-0.19417,3.097,0.00036427,1.9072,6.964,0.074814,9.7191,0.013134,0.96248,3.3204e+16,3.3204e+16,3.3204e+16,3.3204e+16,NA,NA,0.28553,0.21404,0.28553,0.37644,0.49679,0.1829,NA,NA,267,61.633,13210,655690,16.096,261.61,105680,7104,3888,0.91726,0.94017,0.02639,0.017958,0.0072103,0.11374,1419.1,878.1,0.018609,0.0023493,0.023372,0.022775,0.002662,0.0049161,0.0041008,0.0057347,1.4339,1.0319,2.0875,0.13538,0.44109,0.39927,0.1835,0.44959,0.32818,0.1926,0.44224,0.32067,3.5612,3.1941,10627,23720,20924,0.049716,0.050649,0.03662,0.099032,0.1024,0.038234,0.14936,0.15496,0.04036,0.19352,0.19985,0.04119,0.23424,0.2408,0.0419,0.014291,0.014167,0.11191,0.038473,0.056356,-0.0038468,0.029329,0.029606,0.10905,0.050972,0.074346,0.0057365,0.048926,0.050055,0.10778,0.063577,0.091649,0.017774,0.0077235,0.0078736,0.15146,0.035583,0.049123,0.0063654,0.016304,0.016922,0.14635,0.047283,0.063764,0.017128,0.027609,0.029156,0.14391,0.059064,0.078282,0.032091,0.0063772,0.006135,0.089872,0.021268,0.030741,-0.011109,0.012976,0.012684,0.090205,0.028832,0.041538,-0.0089391,0.021566,0.021216,0.090869,0.036492,0.051762,-0.0081427,0.0001902,0.00015808,0.033091,0.0010914,0.013637,-0.0097061,0.0005864,0.00048997,0.032619,0.0015716,0.019253,-0.01485,0.0012206,0.0010206,0.033477,0.0023064,0.025502,-0.020084,1.0289,746,"1"
-0.001753,0.18918,0.18768,-0.90115,0.1875,-0.87328,-0.030924,-0.28418,3.5237,-0.052339,3.1441,6.4213e-05,3.0096,6.7961,0.19559,9.1038,0.012302,0.90198,4.4888e+16,4.4888e+16,4.4888e+16,4.4888e+16,NA,NA,0.16561,0.17215,0.17215,0.42977,0.57299,0.21908,NA,NA,227,92.159,18564,1517600,14.931,224.29,148510,5448,1528,0.91341,0.93444,0.10952,0.078506,0.08629,0.35199,1917,1084.4,0.019804,0.0025094,0.023247,0.022226,0.0053415,0.014713,0.0091877,0.023057,0.16424,0.31756,0.05294,0.136,0.44323,0.39315,0.17227,0.45365,0.33136,0.17845,0.44244,0.32948,3.1981,3.1452,18516,50339,48865,0.054046,0.053278,0.046595,0.1032,0.10311,0.046632,0.14501,0.14596,0.045864,0.18438,0.18543,0.045933,0.22236,0.22212,0.046554,0.014527,0.014095,0.13315,0.042572,0.056855,-0.010823,0.028468,0.027485,0.12389,0.053206,0.071236,-0.016744,0.044625,0.043176,0.11506,0.061223,0.083957,-0.019352,0.0072884,0.0072937,0.16729,0.036013,0.046664,0.00018537,0.014426,0.014209,0.15156,0.044258,0.057224,-0.0051709,0.022783,0.0225,0.13899,0.050717,0.067274,-0.0052304,0.0072354,0.0067996,0.11935,0.027223,0.035269,-0.015387,0.01426,0.013478,0.11603,0.035402,0.045602,-0.018656,0.022559,0.021348,0.11125,0.04199,0.054143,-0.02247,3.0593e-06,2.0636e-06,0.00062295,-0.0026013,0.0059761,-0.0056273,4.3267e-05,3.0741e-05,0.002817,-0.0035986,0.0086229,-0.0081777,0.00018117,0.00013707,0.0058159,-0.0042464,0.012938,-0.010522,1.175,746,"1"
-0.00039215,0.15255,0.15195,-0.92078,0.15177,-0.9527,0.034666,-1.8685,9.3456,-0.14218,2.9786,0.0039167,3.9961,10.04,0.15799,17.606,0.023792,0.92089,4.5767e+16,4.5767e+16,4.5767e+16,4.5767e+16,NA,NA,0.27549,0.3993,0.3993,0.27477,0.44866,0.17541,NA,NA,223,94.928,14580,1057700,13.063,179.89,116640,39536,1720,0.91315,0.93231,0.11251,0.081917,0.065976,0.60579,1924.1,1057,0.017542,0.0026384,0.023559,0.021389,0.0037193,0.014571,0.0055329,0.024652,0.069632,2.8204,2.6119,0.13381,0.4624,0.38208,0.16477,0.50234,0.30471,0.1681,0.50752,0.29612,3.6245,3.0567,14520,40259,38559,0.043709,0.044347,0.037848,0.085414,0.085974,0.038766,0.12491,0.12602,0.039681,0.16042,0.16269,0.04014,0.19655,0.1991,0.041332,0.01399,0.01392,0.12879,0.040695,0.056128,-0.001749,0.029425,0.03015,0.12862,0.055613,0.075902,0.011755,0.048107,0.050037,0.12458,0.067607,0.092927,0.023927,0.0073423,0.0077378,0.16926,0.036413,0.050301,0.013859,0.0166,0.017996,0.17516,0.05248,0.068688,0.030266,0.028412,0.030959,0.17409,0.066389,0.084602,0.040982,0.0066263,0.0061621,0.10978,0.024321,0.030701,-0.016333,0.013035,0.012338,0.10653,0.031519,0.041101,-0.016588,0.020182,0.019495,0.099966,0.036243,0.049854,-0.012802,2.1516e-05,1.9849e-05,0.0044005,-0.002233,0.0085082,-0.0018119,0.00014265,0.00012437,0.0093283,-0.0026344,0.012501,-0.0050693,0.0003984,0.00034637,0.012845,-0.0028428,0.016657,-0.0075666,1.2135,746,"1"
-0.00024344,0.090151,0.090163,-0.95379,0.089706,-1.0217,0.071191,-2.124,8.3519,-0.28079,2.7656,0.0056373,1.4521,5.2694,0.075744,7.5045,0.010141,0.96179,3.7534e+16,3.7534e+16,3.7534e+16,3.7534e+16,NA,NA,0.33898,0.31169,0.33898,0.36178,0.36711,0.17609,NA,NA,171,133.03,21734,2759400,12.96,168.97,173870,1152,880,0.91273,0.93227,0.054954,0.040441,0.045331,0.182,1612.8,987.82,0.020234,0.0025585,0.037389,0.023449,0.0061319,0.017588,0.0093557,0.028233,0.83348,2.6366,2.1845,0.13281,0.44788,0.39226,0.16544,0.46206,0.33211,0.16804,0.45551,0.33058,2.9773,3.1381,44407,132110,131030,0.047278,0.045697,0.042656,0.094423,0.092694,0.044653,0.13882,0.13727,0.045949,0.17871,0.17553,0.046592,0.21807,0.21531,0.04778,0.011982,0.011209,0.11493,0.034018,0.049359,-0.01782,0.023971,0.02262,0.10917,0.043484,0.063398,-0.02086,0.038732,0.036806,0.10451,0.051883,0.075769,-0.023048,0.0047191,0.0043252,0.11335,0.021388,0.036347,-0.014729,0.0099965,0.0093447,0.10991,0.028403,0.046466,-0.015663,0.016776,0.015892,0.10711,0.034956,0.055876,-0.016011,0.0072032,0.0068369,0.12434,0.027705,0.033242,-0.010707,0.01388,0.013203,0.11819,0.034986,0.043075,-0.013551,0.021916,0.020883,0.11311,0.041372,0.051613,-0.016169,5.9656e-05,4.7307e-05,0.012713,-0.0014914,0.0085746,-0.0061425,0.00023409,0.00018126,0.01595,-0.0017771,0.012368,-0.0086808,0.00046338,0.00035738,0.015567,-0.0024719,0.015908,-0.011683,1.2629,746,"1"
-0.0013883,0.13214,0.13116,-0.93202,0.13103,-0.96141,0.03153,-0.16272,2.6712,-0.048243,3.1809,9.0423e-05,1.7045,4.7439,0.12875,6.5791,0.0088907,0.93531,4.0503e+16,4.0503e+16,4.0503e+16,4.0503e+16,NA,NA,0.26298,0.21937,0.26298,0.36617,0.3798,0.15615,NA,NA,229,88.258,18046,1421300,15.002,226.38,144370,4808,1400,0.91536,0.93617,0.048756,0.034275,0.028436,0.18277,1691.6,935.39,0.018937,0.0022101,0.023409,0.021962,0.0043745,0.010285,0.0088503,0.016032,0.54332,0.31878,0.12531,0.13417,0.44063,0.39817,0.17225,0.44614,0.34011,0.18251,0.43864,0.32695,2.9083,3.1854,11107,28329,25451,0.055567,0.057223,0.0465,0.10597,0.10794,0.046478,0.15361,0.15509,0.047157,0.1993,0.20095,0.048193,0.24401,0.24719,0.049586,0.014877,0.014802,0.13235,0.043188,0.059442,-0.0019995,0.030373,0.030353,0.1283,0.056873,0.077979,-0.00035024,0.049508,0.049772,0.1239,0.068899,0.094765,0.0036014,0.0067228,0.00697,0.14977,0.032188,0.047658,0.009892,0.014434,0.014607,0.14719,0.043615,0.060863,0.0044608,0.023987,0.024318,0.14204,0.053216,0.073085,0.0064079,0.0079954,0.0076965,0.12801,0.030437,0.036698,-0.010771,0.016065,0.015873,0.12687,0.040605,0.050167,-0.0045976,0.025883,0.025783,0.1239,0.049381,0.061719,-0.0018604,0.0001587,0.00013544,0.031367,0.00053783,0.010873,-0.007857,0.00056788,0.00048753,0.035888,0.0014998,0.017071,-0.011119,0.0012552,0.0010679,0.039109,0.0026832,0.023498,-0.016682,1.1612,746,"1"
-0.0015979,0.075389,0.078229,-0.96003,0.06861,-1.2967,0.35066,0.20668,2.5881,-0.056923,3.1825,0.00023694,1.2983,4.981,0.067773,6.4769,0.0087526,0.96589,3.7367e+16,3.7367e+16,3.7367e+16,3.7367e+16,NA,NA,0.23635,0.18987,0.23635,0.16433,0.16502,0.091741,NA,NA,256,75.34,14943,873240,15.794,251.59,119540,4240,3824,0.91259,0.92925,0.22791,0.18052,0.085259,0.62754,5136.2,1843.7,0.019007,0.0037695,0.036845,0.032438,0.0016883,0.012488,0.00052193,0.015895,2.902,5.223,2.5395,0.12315,0.49152,0.37048,0.13096,0.55503,0.3027,0.12862,0.58314,0.28032,9.3322,2.9638,40124,141990,141100,0.064597,0.063953,0.053267,0.12369,0.1202,0.053458,0.17259,0.16462,0.052212,0.20799,0.19357,0.049559,0.23502,0.21396,0.047063,0.006601,0.0047638,0.057867,0.013182,0.026878,-0.046124,0.013057,0.009562,0.054347,0.016073,0.034522,-0.059811,0.021896,0.016146,0.053998,0.0201,0.041792,-0.074868,0.0029647,0.002046,0.065083,0.010331,0.023313,-0.033936,0.0060233,0.0042338,0.060526,0.012645,0.02916,-0.045452,0.011006,0.0079764,0.064222,0.017821,0.035603,-0.056401,0.0036309,0.0027139,0.057284,0.0095103,0.014752,-0.031281,0.0070164,0.0053158,0.054604,0.011741,0.019376,-0.039155,0.010858,0.0081483,0.051218,0.012994,0.022883,-0.048812,5.3901e-06,3.8311e-06,0.0010498,-0.0024965,0.0065202,-0.006749,8.1807e-05,5.6789e-05,0.0050944,-0.0031497,0.0098378,-0.0081043,0.00025724,0.00017293,0.0078981,-0.0036676,0.013465,-0.010888,0.74599,746,"1"
-0.0034605,0.40826,0.40796,-0.76909,0.40326,-0.6866,-0.10725,1.2915,4.5463,0.3636,2.8968,0.00032685,3.0915,4.551,0.46021,7.0737,0.009559,0.76947,5.7346e+16,5.7346e+16,5.7346e+16,5.7346e+16,NA,NA,0.67057,0.44208,0.67057,0.31535,0.38728,0.13807,NA,NA,251,57.307,10052,410070,15.238,237.63,80416,11016,3744,0.91486,0.9365,0.088014,0.06721,0.028967,0.36738,2473.6,1066.9,0.020735,0.002715,0.072839,0.037289,0.0091696,0.027899,0.014437,0.044589,0.12337,3.4792,3.1488,0.12933,0.44797,0.39692,0.16213,0.46695,0.33358,0.16423,0.46923,0.32193,6.4143,3.1753,62926,166790,165850,0.05545,0.051079,0.035168,0.1017,0.09102,0.033808,0.13784,0.1208,0.032072,0.16628,0.14376,0.030475,0.19191,0.16408,0.029558,0.023049,0.027829,0.15541,0.063106,0.07787,0.061008,0.041065,0.048852,0.13147,0.071143,0.09205,0.071887,0.061653,0.072782,0.11694,0.078353,0.10483,0.083037,0.006378,0.0051623,0.10769,0.026199,0.035316,-0.029362,0.01126,0.0090433,0.087029,0.027739,0.042055,-0.038383,0.017045,0.013566,0.076496,0.029816,0.048088,-0.048326,0.016671,0.022667,0.20229,0.062396,0.072369,0.089374,0.029856,0.039848,0.17871,0.07329,0.086887,0.10749,0.044937,0.059476,0.16303,0.08279,0.099843,0.12572,0,0,0,-0.002276,0.0061674,0,2.8843e-05,1.8504e-05,0.0013815,-0.0031958,0.0091351,-0.0075377,0.0001552,0.00010271,0.003665,-0.0037729,0.012542,-0.0092616,0.86991,746,"1"
-0.00070596,0.19661,0.19545,-0.89682,0.19526,-0.92476,0.031153,-1.9129,7.0154,-0.30799,2.7373,0.0041758,3.4559,7.6065,0.20587,11.773,0.01591,0.89692,4.8526e+16,4.8526e+16,4.8526e+16,4.8526e+16,NA,NA,0.42302,0.33004,0.42302,0.26902,0.45614,0.18226,NA,NA,269,62.513,13043,636050,16.092,262.1,104340,7560,6144,0.91364,0.93393,0.077887,0.060113,0.065106,0.27548,2050.5,1107.6,0.023929,0.0030365,0.050053,0.032026,0.0059646,0.018314,0.01014,0.030965,0.76784,4.4211,3.8881,0.1311,0.45324,0.38953,0.15653,0.47213,0.33241,0.16645,0.47954,0.3099,6.7381,3.1162,58894,175030,174010,0.044384,0.038705,0.032529,0.082586,0.071989,0.031724,0.11873,0.10397,0.031922,0.15367,0.13566,0.032543,0.18806,0.16616,0.03347,0.020773,0.019965,0.16185,0.060263,0.065021,-0.010763,0.04094,0.039072,0.15146,0.076329,0.081953,-0.017021,0.065617,0.063109,0.14382,0.090888,0.098252,-0.01777,0.01073,0.0099789,0.20936,0.05177,0.054456,-0.013987,0.02141,0.01981,0.19122,0.064675,0.066736,-0.019851,0.03338,0.03105,0.17311,0.073556,0.076724,-0.022561,0.010018,0.0099698,0.14047,0.03747,0.039318,-0.00091631,0.020252,0.019949,0.14008,0.05038,0.052221,-0.0039105,0.034295,0.03413,0.14377,0.065124,0.066641,-0.001605,2.4908e-05,1.5765e-05,0.0043116,-0.0019869,0.0073247,-0.0046306,0.00017738,0.00012598,0.0098172,-0.0021066,0.011615,-0.0095122,0.00077647,0.00058924,0.021189,-0.00035193,0.017287,-0.014679,0.92363,746,"1"
-0.0018064,0.25535,0.25508,-0.86289,0.25145,-0.96583,0.1193,-0.26935,2.5719,-0.06069,3.1869,0.00027153,2.2707,4.361,0.2704,6.137,0.0082932,0.86439,4.7906e+16,4.7906e+16,4.7906e+16,4.7906e+16,NA,NA,0.17375,0.11205,0.17375,0.20516,0.23644,0.10517,NA,NA,390,30.331,3917,50931,14.403,233.88,31336,14104,7448,0.91709,0.93925,0.026771,0.01882,0.003118,0.15412,1396.8,858.84,0.016872,0.0021401,0.0328,0.028863,0.00039843,0.0085301,0.00081772,0.015335,1.8967,1.7228,0.40167,0.14944,0.44349,0.37772,0.23033,0.44783,0.26578,0.23929,0.44311,0.25468,5.6831,3.0217,15351,32612,30302,0.068764,0.07301,0.042767,0.13403,0.14274,0.043692,0.18444,0.1947,0.042082,0.2269,0.23642,0.040779,0.26522,0.27403,0.040057,0.0085565,0.0078245,0.056575,0.017482,0.04144,-0.023824,0.017291,0.015858,0.054283,0.022459,0.05415,-0.03137,0.028164,0.025801,0.052384,0.026887,0.065398,-0.039614,0.0048444,0.0046048,0.08021,0.018302,0.035989,-0.010219,0.0092011,0.0085945,0.069735,0.020968,0.043787,-0.017934,0.014361,0.013253,0.063204,0.023257,0.050584,-0.02567,0.0032687,0.0027814,0.038895,0.0067454,0.02145,-0.025773,0.0068896,0.0059381,0.040439,0.0098175,0.029036,-0.032895,0.011449,0.009878,0.040731,0.012474,0.035531,-0.040927,0.00044347,0.00043828,0.065143,0.0053343,0.015304,-0.00091195,0.0015627,0.0016043,0.073396,0.0095056,0.025252,0.0033062,0.0034466,0.0035109,0.079814,0.014338,0.03606,0.0031953,0.90186,746,"0"
-0.0017807,0.072997,0.076143,-0.96112,0.065941,-1.3129,0.36603,-0.5921,2.3002,-0.26424,3.0709,0.00083962,1.1409,4.216,0.073035,5.6387,0.0076199,0.96335,3.7756e+16,3.7756e+16,3.7756e+16,3.7756e+16,NA,NA,0.40467,0.25221,0.40467,0.36906,0.50345,0.16331,NA,NA,253,48.846,7750,243580,15.094,235.15,62000,7512,6504,0.91478,0.93748,0.18298,0.14726,0.06735,0.60195,4189.7,1232,0.025932,0.0026961,0.044403,0.037971,0.0037885,0.013913,0.0054852,0.019372,0.086532,2.2582,2.3919,0.1403,0.45914,0.38382,0.1808,0.5033,0.30094,0.19251,0.49683,0.29945,13.874,3.0706,96166,284430,283740,0.025939,0.018044,0.014696,0.054596,0.039411,0.016212,0.08818,0.06675,0.018328,0.12701,0.099342,0.020793,0.17282,0.13969,0.023777,0.0070963,0.0052068,0.042742,0.012348,0.028502,-0.036354,0.014438,0.010753,0.041289,0.015926,0.03691,-0.047322,0.023424,0.017612,0.039688,0.018797,0.044421,-0.05693,0.0046172,0.0034385,0.069641,0.016374,0.029334,-0.02798,0.0092874,0.0071179,0.064121,0.020255,0.036392,-0.034603,0.015209,0.011881,0.060973,0.024064,0.043106,-0.040559,0.0024376,0.0017426,0.026423,0.0031785,0.012085,-0.022779,0.0050553,0.0035746,0.027031,0.0045838,0.016204,-0.032055,0.0081469,0.0056875,0.026403,0.0053613,0.019629,-0.040036,4.1504e-05,2.5789e-05,0.0055538,-0.0014716,0.0058884,-0.0055621,0.00010995,6.8897e-05,0.0047043,-0.0023783,0.009102,-0.0057233,0.00014121,8.7539e-05,0.0029788,-0.0036354,0.012402,-0.0064485,0.7251,746,"1"
-0.0018315,0.17099,0.17104,-0.91035,0.1663,-0.75885,-0.16642,-0.56869,3.3141,-0.16155,3.0998,3.7008e-05,4.1754,10.035,0.17267,15.848,0.021416,0.91328,4.0814e+16,4.0814e+16,4.0814e+16,4.0814e+16,NA,NA,0.15319,0.09178,0.15319,0.26173,0.29225,0.13895,NA,NA,409,27.523,3453,40989,14.276,223.38,27624,16440,4520,0.91868,0.94374,0.050791,0.033313,0.042305,0.21802,1344.1,815.85,0.017984,0.0022715,0.020614,0.023602,0.0081293,0.0066492,0.016221,0.012971,0.99306,1.7358,1.3993,0.13519,0.44148,0.39853,0.18806,0.45855,0.30896,0.19745,0.45594,0.29928,4.9549,3.1883,11949,22822,19405,0.040174,0.039668,0.024735,0.079769,0.078167,0.025743,0.11455,0.11175,0.025875,0.15132,0.14762,0.026923,0.18853,0.18487,0.02819,0.012992,0.013428,0.085041,0.031094,0.053803,0.017504,0.026964,0.02821,0.083804,0.04177,0.07113,0.033024,0.043961,0.046084,0.080949,0.050541,0.086829,0.043021,0.0042067,0.0038679,0.068954,0.01505,0.034665,-0.024025,0.0093092,0.0088647,0.069847,0.0212,0.045481,-0.020269,0.016708,0.016185,0.072794,0.028586,0.056433,-0.017304,0.0086063,0.0093998,0.10138,0.028515,0.040215,0.038847,0.017633,0.019359,0.10246,0.038967,0.053558,0.0559,0.027787,0.030467,0.097866,0.046142,0.064243,0.066984,0.00017902,0.00016034,0.026033,0.00080547,0.0097905,-0.0073754,0.00042499,0.00037691,0.019761,0.00010771,0.016888,-0.0098376,0.00071244,0.00061768,0.016333,-0.00067184,0.025359,-0.015318,0.90773,746,"0"
-0.0011876,0.18743,0.18799,-0.90098,0.1846,-0.78014,-0.13412,-0.14075,2.4152,-0.062059,3.1948,0.00035557,2.0864,4.7309,0.19398,7.0147,0.0094793,0.9027,4.2154e+16,4.2154e+16,4.2154e+16,4.2154e+16,NA,NA,0.056291,0.06539,0.06539,0.16283,0.19491,0.075815,NA,NA,416,21.538,3968,39151,19.054,378.84,31744,3040,2488,0.91835,0.9424,0.026968,0.018511,0.038464,0.11207,1207.6,742.52,0.014563,0.0020732,0.025022,0.027557,0.00096925,0.011134,0.00195,0.021533,2.2186,1.9827,0.43206,0.14581,0.43648,0.38552,0.22682,0.42533,0.28111,0.23396,0.40228,0.27769,4.8401,3.0842,17703,32718,30576,0.051875,0.050936,0.02702,0.097429,0.095494,0.026598,0.13419,0.13009,0.025642,0.17031,0.16319,0.025633,0.20519,0.19646,0.025955,0.010223,0.0093307,0.056606,0.0207,0.045445,-0.028958,0.020164,0.018502,0.053014,0.025817,0.058715,-0.036563,0.03239,0.029919,0.050453,0.030409,0.070451,-0.042151,0.0041248,0.0037876,0.057197,0.013449,0.033594,-0.017212,0.0082054,0.0074915,0.052081,0.016289,0.042886,-0.02458,0.013662,0.012497,0.050354,0.019757,0.051593,-0.030727,0.0060978,0.0055432,0.060767,0.016777,0.029905,-0.023284,0.012046,0.011079,0.059215,0.021842,0.03897,-0.027314,0.018982,0.017647,0.056558,0.025683,0.046499,-0.029245,0,0,0,-0.0020588,0.010374,0,1.3663e-07,9.6838e-08,5.3743e-06,-0.0031076,0.015351,-0.006682,2.3258e-05,1.7478e-05,0.00045106,-0.0040748,0.0209,-0.0095614,0.88147,746,"0"
-0.0049999,0.26169,0.26021,-0.85991,0.25338,-0.99926,0.16206,-0.13866,2.4001,-0.051122,3.1813,0.00046148,2.0745,3.9382,0.27675,5.2258,0.0070619,0.86123,4.8205e+16,4.8205e+16,4.8205e+16,4.8205e+16,NA,NA,0.18681,0.11718,0.18681,0.25389,0.30081,0.12008,NA,NA,361,36.56,6343,117000,17.451,320.08,50744,7944,6400,0.91782,0.93873,0.023716,0.016847,0.00788,0.15643,1478.9,912.13,0.017306,0.0022285,0.032823,0.028137,0.0028866,0.011443,0.00045478,0.023554,1.5889,1.7025,0.69279,0.14289,0.43864,0.3887,0.20177,0.44315,0.30334,0.21069,0.43983,0.2847,5.9524,3.1096,18493,41042,39150,0.064013,0.0636,0.04173,0.12247,0.11936,0.041845,0.16959,0.16371,0.040559,0.20877,0.20029,0.039327,0.24285,0.23096,0.038446,0.010252,0.0094822,0.07105,0.0233,0.0439,-0.021502,0.019825,0.018427,0.065237,0.028244,0.054956,-0.026706,0.030853,0.02867,0.06015,0.03171,0.064503,-0.032767,0.0060881,0.0057872,0.10566,0.02509,0.042607,-0.010819,0.011067,0.010621,0.087916,0.027505,0.049379,-0.011175,0.015813,0.015256,0.072945,0.027294,0.053596,-0.011383,0.0041471,0.0036822,0.051724,0.010603,0.020947,-0.020442,0.0084759,0.0075717,0.052147,0.014496,0.028649,-0.026497,0.013988,0.012524,0.05216,0.018174,0.035965,-0.032642,1.6827e-05,1.2727e-05,0.0025908,-0.002013,0.0082126,-0.0098711,0.00034318,0.00027917,0.016895,-0.00058138,0.01339,-0.01467,0.0013997,0.0011521,0.033976,0.0031745,0.021467,-0.020558,0.8958,746,"0"
-0.0037307,0.26684,0.26553,-0.85681,0.26258,-0.94705,0.10533,-1.0957,8.6095,-0.016905,3.0487,0.0021192,3.9145,7.3943,0.27952,13.414,0.018127,0.85961,5.1253e+16,5.1253e+16,5.1253e+16,5.1253e+16,NA,NA,0.35971,0.20713,0.35971,0.24234,0.55667,0.19425,NA,NA,234,53.915,5376,224670,10.518,113.17,43008,38856,4800,0.91507,0.93634,0.058664,0.045552,0.0093832,0.25084,2075.5,896.43,0.022503,0.0027221,0.054564,0.039201,5.8502e-05,0.0050918,0.0022049,0.0068559,2.5992,0.77834,1.7838,0.13222,0.42773,0.40195,0.15823,0.42904,0.34475,0.16632,0.39745,0.3426,5.8758,3.2156,41056,108580,107200,0.068787,0.083208,0.039499,0.13184,0.15624,0.03968,0.17384,0.19627,0.03662,0.20666,0.2248,0.034291,0.23412,0.24771,0.032647,0.012261,0.013743,0.074847,0.02783,0.048846,0.026654,0.025556,0.029084,0.074075,0.037578,0.063919,0.041719,0.042106,0.048255,0.072306,0.046077,0.077971,0.055288,0.0032196,0.0022657,0.049217,0.0098055,0.027034,-0.032679,0.0064395,0.004497,0.04506,0.01177,0.032257,-0.045558,0.010616,0.0074864,0.043135,0.013937,0.037533,-0.055113,0.0090413,0.011477,0.099329,0.029234,0.040474,0.05124,0.019171,0.024626,0.10389,0.041644,0.056267,0.074045,0.031718,0.04093,0.10418,0.052363,0.070801,0.094851,0,0,0,-0.0021636,0.0076023,0,1.4468e-06,8.9362e-07,6.2738e-05,-0.0032553,0.010762,-0.004985,7.0294e-05,4.3104e-05,0.0015029,-0.0040342,0.014431,-0.0085408,0.84695,746,"1"
-0.0028391,0.16386,0.16461,-0.91387,0.15805,-1.0963,0.19966,-0.46226,3.3184,-0.095106,3.1117,2.5709e-05,2.6455,6.4579,0.16736,9.8282,0.013281,0.91601,4.5008e+16,4.5008e+16,4.5008e+16,4.5008e+16,NA,NA,0.40323,0.18765,0.40323,0.50963,0.58741,0.19219,NA,NA,281,47.189,8643,267020,16.426,273.43,69144,2904,2704,0.91516,0.93802,0.052987,0.038292,0.0072596,0.23617,1523,904.15,0.022725,0.0036251,0.029811,0.025677,0.0010597,0.0081089,0.0014093,0.014751,0.15567,0.15532,0.27908,0.12516,0.45734,0.39361,0.15248,0.4857,0.32536,0.1412,0.49964,0.32238,4.6119,3.1488,42824,93309,91739,0.034225,0.028899,0.020794,0.066951,0.056813,0.02132,0.096317,0.081966,0.021468,0.12214,0.10391,0.021444,0.14764,0.12609,0.021782,0.01093,0.010344,0.070597,0.024559,0.045006,-0.014529,0.022321,0.02112,0.068455,0.032226,0.058693,-0.019848,0.03605,0.033721,0.065502,0.038366,0.069738,-0.029517,0.0071818,0.0070788,0.11616,0.029586,0.043222,-0.0031805,0.014884,0.014737,0.11019,0.038429,0.055237,-0.0029509,0.023972,0.023365,0.10306,0.045147,0.064697,-0.0093717,0.003741,0.0032605,0.043485,0.0085815,0.021668,-0.019915,0.007522,0.0064433,0.04313,0.011409,0.02891,-0.030516,0.012345,0.010566,0.042902,0.014164,0.035501,-0.038087,7.3932e-06,5.2648e-06,0.0010609,-0.0021017,0.0091909,-0.0047991,4.2851e-05,3.0527e-05,0.0019661,-0.0030124,0.013701,-0.0048653,7.6168e-05,5.4556e-05,0.001723,-0.0041201,0.017308,-0.0058879,0.87051,746,"0"
-0.0069685,0.83013,0.8259,-0.41592,0.82245,-0.4428,0.064625,0.5033,3.7673,0.10652,3.1077,0.00019972,5.0621,4.6842,1.1647,6.3656,0.0086022,0.41631,6.9449e+16,6.9449e+16,6.9449e+16,6.9449e+16,NA,NA,0.21897,0.1522,0.21897,0.14104,0.22954,0.090443,NA,NA,192,172.83,26487,3740300,13.259,180.26,211900,33960,7672,0.9085,0.92511,0.2514,0.18664,0.1672,0.56824,4088.7,2144.9,0.023422,0.0029224,0.053609,0.041528,0.0067814,0.00027885,0.0083416,7.5998e-06,0.95306,0.18412,0.83941,0.12352,0.44037,0.41773,0.13433,0.44475,0.40168,0.13519,0.44283,0.40223,12.452,3.3418,21505,84033,82095,0.068256,0.075416,0.08705,0.13406,0.1473,0.089609,0.19302,0.2096,0.090309,0.24667,0.26615,0.090903,0.29676,0.31859,0.09191,0.013931,0.013968,0.18888,0.049444,0.060808,0.00091646,0.02765,0.028038,0.178,0.062756,0.078062,0.0064992,0.044118,0.044917,0.16827,0.073853,0.0927,0.010404,0.008568,0.0092601,0.2909,0.053315,0.062636,0.022,0.017155,0.018752,0.26662,0.066646,0.07789,0.033718,0.027372,0.029906,0.24702,0.077596,0.090357,0.041496,0.0051713,0.0045676,0.12618,0.021065,0.025931,-0.024325,0.01027,0.0091655,0.12361,0.027571,0.034494,-0.030116,0.016347,0.014777,0.11926,0.032762,0.041768,-0.032907,0.00019145,0.00013994,0.057668,0.0014793,0.011775,-0.012471,0.00056176,0.00042246,0.054104,0.0017914,0.016601,-0.017488,0.0012917,0.0010047,0.061338,0.0036262,0.022777,-0.023229,1.1416,746,"0"
-0.0024671,0.10966,0.11114,-0.94272,0.10071,-1.2315,0.30635,-0.10436,2.7969,-0.084705,3.1651,3.3853e-05,1.0647,3.1946,0.11078,4.0485,0.0054709,0.94443,4.3116e+16,4.3116e+16,4.3116e+16,4.3116e+16,NA,NA,0.49225,0.19651,0.49225,0.91639,1.0217,0.30297,NA,NA,225,73.236,13515,811200,14.836,221.73,108120,3320,2832,0.913,0.93368,0.15229,0.11793,0.065679,0.47274,2730.5,1242,0.034283,0.0036907,0.040445,0.023055,0.00025396,0.0030191,0.00020108,0.0042591,2.4102,0.11983,2.6381,0.14614,0.45524,0.37963,0.18933,0.48025,0.3083,0.2075,0.47322,0.30006,9.6744,3.037,67755,199290,198400,0.033022,0.028686,0.023824,0.063804,0.056974,0.024127,0.097179,0.088579,0.02572,0.13316,0.12158,0.02776,0.17756,0.16695,0.03111,0.012877,0.012106,0.098763,0.033328,0.046081,-0.01344,0.026287,0.025665,0.09573,0.043812,0.061743,-0.007083,0.041321,0.041539,0.089155,0.050486,0.074492,0.0019362,0.0079828,0.0082005,0.15332,0.0366,0.045364,0.0048629,0.017065,0.018351,0.15003,0.049372,0.061653,0.01824,0.02822,0.031219,0.14407,0.059977,0.076218,0.032399,0.0045661,0.0036702,0.063026,0.013022,0.021119,-0.025494,0.008533,0.0068156,0.0581,0.015433,0.026609,-0.033305,0.012023,0.0095325,0.049618,0.014742,0.029673,-0.039441,0.00032787,0.0002354,0.05587,0.0036208,0.010042,-0.012698,0.00099525,0.00072924,0.054225,0.0051982,0.016367,-0.016098,0.0017661,0.0013074,0.047442,0.0055131,0.022035,-0.019392,0.82308,746,"1"
-0.0017424,0.060908,0.062529,-0.96819,0.055006,-1.304,0.34685,0.23746,2.362,0.098527,3.1667,0.00055186,1.1401,4.846,0.055208,6.4315,0.0086912,0.97224,3.5395e+16,3.5395e+16,3.5395e+16,3.5395e+16,NA,NA,0.23976,0.17809,0.23976,0.27093,0.28832,0.14947,NA,NA,214,98.215,15914,1190600,14.311,207.73,127310,9888,4776,0.9122,0.93142,0.19948,0.14958,0.1137,0.5471,3393.4,1616.1,0.020381,0.0027307,0.032365,0.02804,0.004066,0.012198,0.0045558,0.020626,1.8649,2.3819,0.66784,0.12661,0.47531,0.38016,0.1453,0.52713,0.30944,0.14711,0.53036,0.30689,10.414,3.0413,24910,73155,70994,0.050948,0.046847,0.043747,0.09416,0.084789,0.042376,0.13485,0.12142,0.042479,0.17609,0.16149,0.043692,0.21852,0.20576,0.045565,0.0078992,0.0068438,0.072107,0.018213,0.035643,-0.03005,0.016919,0.014693,0.073329,0.025603,0.048192,-0.039999,0.027742,0.024018,0.071239,0.030959,0.058419,-0.050888,0.0041327,0.003472,0.09447,0.017407,0.031204,-0.026289,0.0089116,0.0076304,0.093247,0.023654,0.040274,-0.031318,0.0141,0.012202,0.085674,0.026711,0.047456,-0.035867,0.0034945,0.0030826,0.057408,0.0090498,0.019017,-0.017318,0.0074731,0.006537,0.06056,0.013459,0.027096,-0.025513,0.012894,0.011126,0.063332,0.018249,0.034063,-0.035468,0.00027203,0.00028917,0.055169,0.002832,0.0099361,0.0029974,0.00088028,0.00094617,0.057081,0.0045635,0.015927,0.0055192,0.0018036,0.0018718,0.057664,0.0062711,0.021366,0.0037071,0.84283,746,"1"
-0.0028574,0.36348,0.36128,-0.7989,0.36057,-0.76353,-0.044265,-0.062487,2.3453,0.015051,3.201,0.00047199,3.1562,5.0146,0.39508,6.8905,0.0093115,0.80154,5.4436e+16,5.4436e+16,5.4436e+16,5.4436e+16,NA,NA,0.16185,0.19701,0.19701,0.20374,0.26483,0.14085,NA,NA,363,29.028,6126,104500,18.488,348.48,49008,3552,2648,0.91657,0.94159,0.023732,0.016572,0.017612,0.13268,1185.3,731.83,0.015867,0.0021646,0.031463,0.028793,0.010376,0.0008021,0.019804,0.0039268,0.4764,0.22713,0.17728,0.14735,0.43501,0.38549,0.22887,0.42741,0.2828,0.24067,0.40892,0.26804,5.2004,3.0839,32127,63753,62338,0.054653,0.05297,0.030355,0.1034,0.10002,0.0301,0.14049,0.13554,0.028626,0.1746,0.16752,0.028022,0.20466,0.19583,0.027605,0.010046,0.0090347,0.059318,0.020869,0.042484,-0.028176,0.019781,0.017591,0.055458,0.025947,0.054497,-0.041552,0.031035,0.027401,0.051549,0.029484,0.065284,-0.053563,0.0030199,0.0026408,0.044653,0.0087022,0.031426,-0.019746,0.0069425,0.0061846,0.046989,0.01307,0.040681,-0.025022,0.012669,0.011224,0.049791,0.018226,0.04954,-0.033953,0.0070075,0.0063729,0.074464,0.020859,0.028339,-0.020908,0.012933,0.011493,0.067791,0.024851,0.035927,-0.033052,0.018762,0.01653,0.059609,0.026103,0.041666,-0.041372,1.8639e-05,2.0989e-05,0.0024451,-0.0018261,0.0080263,0.0032692,0.00010126,0.00010073,0.0042474,-0.0024223,0.013249,-0.00017362,0.00032434,0.00028513,0.0067075,-0.0026491,0.019997,-0.0063672,0.92598,746,"0"
-0.039586,0.79084,0.75534,-0.49361,0.75523,-0.49959,0.012126,-0.020523,3.3299,-0.047389,3.1411,4.0453e-05,5.4389,5.4171,1.0054,7.0055,0.0094669,0.49512,6.2211e+16,6.2211e+16,6.2211e+16,6.2211e+16,NA,NA,0.36708,0.1584,0.36708,0.29995,0.53113,0.17884,NA,NA,303,63.667,15614,804950,17.244,299.2,124910,5408,3240,0.91353,0.93209,0.11504,0.085281,0.050725,0.39878,2273.5,1145,0.026802,0.00293,0.039528,0.025408,0.0057643,0.025614,0.0076255,0.038814,0.59153,1.0675,0.93562,0.14532,0.45293,0.3789,0.18685,0.48323,0.29769,0.20921,0.48149,0.27894,6.1204,3.0312,21115,59463,57691,0.057193,0.057135,0.046901,0.10702,0.10523,0.045999,0.14668,0.14187,0.044126,0.18215,0.17462,0.043163,0.21535,0.20728,0.042885,0.030275,0.038417,0.26394,0.097819,0.1138,0.12292,0.057011,0.073006,0.23599,0.11821,0.14163,0.16942,0.087039,0.10898,0.21346,0.13362,0.16079,0.18612,0.013201,0.015034,0.28819,0.06901,0.07641,0.041404,0.02533,0.029031,0.25313,0.082749,0.093317,0.058088,0.040248,0.04592,0.23355,0.096381,0.10902,0.069442,0.016812,0.023185,0.26377,0.071826,0.084524,0.12903,0.03234,0.04469,0.25029,0.091393,0.10956,0.17104,0.049072,0.065654,0.23019,0.1043,0.12412,0.18249,0.00026234,0.00019866,0.050812,0.0025748,0.012325,-0.011509,0.00071176,0.00057394,0.044078,0.0028532,0.016941,-0.013339,0.0014779,0.0012329,0.045127,0.0040645,0.022638,-0.016419,1.0038,746,"0"
-0.0018771,0.078619,0.081829,-0.95815,0.071223,-1.3031,0.36003,0.164,3.0305,-0.0075845,3.1578,3.9504e-06,1.1807,4.1612,0.080291,5.3433,0.0072207,0.95974,3.8676e+16,3.8676e+16,3.8676e+16,3.8676e+16,NA,NA,0.1736,0.099756,0.1736,0.24908,0.52629,0.15226,NA,NA,204,110.71,9617,819940,9.7411,97.596,76936,68608,12896,0.9086,0.92633,0.23804,0.19025,0.094938,0.59784,5987.6,2172.6,0.03353,0.0042815,0.035856,0.031406,0.0035521,0.022072,0.0053781,0.030384,2.3856,1.539,1.0933,0.14075,0.473,0.36803,0.15993,0.51776,0.30271,0.17871,0.52009,0.28317,13.531,2.9442,31232,120910,120010,0.05601,0.061711,0.050816,0.11161,0.12312,0.053072,0.16591,0.18786,0.055222,0.21471,0.24511,0.05629,0.26062,0.29328,0.057422,0.020501,0.023689,0.19774,0.066207,0.077151,0.044225,0.03854,0.044781,0.1765,0.079283,0.0952,0.059974,0.05885,0.068604,0.15968,0.088981,0.11001,0.074986,0.011064,0.014114,0.26724,0.05978,0.074625,0.057721,0.021324,0.027563,0.23576,0.07183,0.090994,0.080119,0.033033,0.043287,0.21207,0.081086,0.10513,0.10393,0.0091849,0.0093279,0.15943,0.037656,0.038154,0.0029331,0.017338,0.017368,0.14846,0.046546,0.048546,0.00041977,0.026823,0.026598,0.13921,0.05385,0.057322,-0.0025269,0.00025199,0.00024651,0.053999,0.0024973,0.0096985,-0.00081903,0.00076881,0.00081516,0.052676,0.0035771,0.014199,0.0033392,0.0015811,0.0016935,0.053411,0.0049682,0.019326,0.0053832,0.79889,746,"1"
-0.0052289,0.46549,0.46231,-0.73285,0.46107,-0.69485,-0.05185,0.35776,3.3689,0.083113,3.1634,7.2597e-07,3.9115,5.3712,0.52893,8.0607,0.010893,0.73456,5.6624e+16,5.6624e+16,5.6624e+16,5.6624e+16,NA,NA,0.079523,0.092848,0.092848,0.17523,0.19155,0.087068,NA,NA,351,27.319,6528,121570,18.469,344.33,52224,2280,1704,0.91628,0.94111,0.019876,0.014353,0.0031578,0.099882,1037.5,675.46,0.020256,0.0026521,0.039674,0.036105,0.0049394,0.028267,0.003248,0.045697,1.4633,1.3958,0.43446,0.14176,0.43495,0.38443,0.20279,0.42648,0.29513,0.21435,0.40065,0.27234,5.0246,3.0754,47853,97612,96183,0.053145,0.049345,0.027367,0.096278,0.088494,0.025986,0.13113,0.11825,0.024772,0.15735,0.13997,0.023414,0.17926,0.15793,0.022417,0.010195,0.0087929,0.055812,0.020502,0.039948,-0.031551,0.018095,0.015307,0.047035,0.021877,0.049326,-0.044919,0.026685,0.022407,0.041096,0.022391,0.057757,-0.05598,0.002766,0.0023137,0.037919,0.0072259,0.024497,-0.019415,0.0048073,0.0039321,0.030167,0.0064599,0.029371,-0.027116,0.0072925,0.0059492,0.026573,0.0061413,0.034563,-0.033588,0.0074177,0.0064711,0.073081,0.021601,0.029988,-0.024929,0.013175,0.011299,0.064027,0.024515,0.037108,-0.035248,0.019125,0.0163,0.056337,0.025804,0.042866,-0.043332,1.1335e-05,8.0947e-06,0.0013787,-0.0018707,0.010983,-0.0058747,0.00017406,0.00012413,0.0067689,-0.0017848,0.017421,-0.011982,0.00072183,0.00052255,0.01384,-0.00056655,0.024429,-0.018545,0.86387,746,"0"
-0.010991,0.38412,0.38114,-0.78635,0.36557,-0.62743,-0.20211,0.98951,7.7077,0.10371,3.0098,0.001973,5.6636,8.659,0.42666,14.157,0.019132,0.78638,4.9746e+16,4.9746e+16,4.9746e+16,4.9746e+16,NA,NA,0.32441,0.15879,0.32441,0.32702,0.80525,0.20879,NA,NA,243,66.893,7979,432400,11.039,124.25,63832,51960,1352,0.91656,0.94017,0.084886,0.05791,0.063462,0.32512,1697.4,1034.4,0.016363,0.0022908,0.025535,0.023685,0.013096,0.0083582,0.022248,0.012636,0.76393,1.887,1.4135,0.13071,0.45323,0.39631,0.16998,0.48816,0.31683,0.17486,0.48882,0.31036,4.6609,3.1705,10706,23386,20491,0.04278,0.042913,0.030558,0.085029,0.08506,0.031834,0.12428,0.12335,0.032566,0.1632,0.16138,0.033686,0.19934,0.19684,0.034578,0.021035,0.024079,0.15974,0.060345,0.076794,0.080166,0.041899,0.047772,0.15107,0.077407,0.099065,0.10486,0.067484,0.075923,0.14416,0.092726,0.11901,0.11729,0.0062224,0.0061103,0.11833,0.027006,0.042317,-0.0057167,0.015,0.01538,0.13057,0.042132,0.059677,0.011549,0.027053,0.028062,0.13674,0.056745,0.075703,0.02211,0.014578,0.017763,0.19922,0.057072,0.063446,0.098861,0.027295,0.032853,0.184,0.07037,0.079454,0.12006,0.041455,0.049023,0.16938,0.080218,0.091964,0.13023,0.00023523,0.00020606,0.039685,0.0019011,0.013358,-0.0088628,0.00084582,0.00074959,0.045626,0.0038469,0.021063,-0.013055,0.0020271,0.0018121,0.053913,0.0070233,0.031062,-0.018143,1.001,746,"1"
-0.0077462,0.78464,0.77881,-0.4692,0.7771,-0.49117,0.046839,-0.21847,2.9986,-0.04537,3.1712,1.5074e-09,4.2502,4.1241,1.0593,5.3935,0.0072885,0.46942,6.8358e+16,6.8358e+16,6.8358e+16,6.8358e+16,NA,NA,0.28999,0.20039,0.28999,0.1994,0.28306,0.10596,NA,NA,286,69.126,14554,746500,16.542,277.51,116430,8336,7672,0.91312,0.93208,0.16954,0.12615,0.08412,0.5244,3588.4,1759.6,0.01715,0.0022881,0.052964,0.041211,0.0027607,0.015639,0.0037471,0.028268,0.93185,1.2398,0.62151,0.12146,0.43512,0.42709,0.13614,0.43157,0.41927,0.13439,0.43735,0.41492,14.057,3.4167,27346,79415,77338,0.042514,0.041243,0.035714,0.096006,0.097582,0.042272,0.15828,0.16337,0.04878,0.22265,0.23116,0.054049,0.28409,0.29548,0.057955,0.012027,0.014456,0.10741,0.032956,0.054468,0.060128,0.024793,0.02881,0.10513,0.043852,0.070753,0.065453,0.040193,0.045092,0.10098,0.052593,0.084046,0.060957,0.0094539,0.012413,0.21143,0.048111,0.067392,0.08175,0.01879,0.023833,0.19235,0.059724,0.081523,0.093327,0.029311,0.035915,0.17424,0.067813,0.091467,0.094771,0.0020534,0.001631,0.033003,0.0020477,0.012883,-0.02624,0.0047988,0.003915,0.038046,0.0047885,0.019566,-0.032887,0.0085293,0.0070532,0.040987,0.0074827,0.025984,-0.039783,0.00051959,0.00041238,0.10309,0.0077405,0.014869,-0.012981,0.0013628,0.0011702,0.086459,0.0091608,0.021446,-0.014324,0.0030062,0.0026103,0.09403,0.013904,0.030563,-0.01917,0.84566,746,"0"
-0.0020278,0.098828,0.10143,-0.94786,0.090772,-1.2551,0.32411,-0.34361,2.8736,-0.073524,3.181,9.258e-05,1.225,3.9535,0.095753,5.1066,0.0069008,0.95186,4.1474e+16,4.1474e+16,4.1474e+16,4.1474e+16,NA,NA,0.25145,0.16225,0.25145,0.63805,0.64732,0.21561,NA,NA,205,106.68,17468,1500800,13.98,198.35,139740,14472,2432,0.91218,0.93028,0.19276,0.14669,0.097054,0.52222,4504.7,1785.8,0.021647,0.0030589,0.03674,0.027087,0.0010883,0.011968,0.0011547,0.017974,1.2184,0.0059995,1.5017,0.13404,0.46575,0.38062,0.15994,0.50313,0.31777,0.16375,0.50717,0.30999,10.668,3.045,34420,108840,107190,0.053334,0.057276,0.046986,0.10844,0.11883,0.050071,0.16675,0.18621,0.053894,0.22378,0.25459,0.056967,0.27837,0.31788,0.059554,0.0094137,0.0087703,0.088167,0.024074,0.03963,-0.015696,0.019973,0.019331,0.08882,0.033309,0.05433,-0.010175,0.033366,0.033057,0.087909,0.041544,0.067711,-0.0036997,0.0046492,0.0043921,0.10904,0.020712,0.034939,-0.0090589,0.010515,0.010638,0.11288,0.030009,0.047938,0.0027058,0.018235,0.01926,0.11368,0.038598,0.060203,0.016599,0.0044771,0.0040468,0.075463,0.01399,0.021319,-0.015007,0.0091424,0.0082278,0.076014,0.019087,0.029324,-0.021112,0.015018,0.013439,0.075684,0.023761,0.036405,-0.027816,0.00028748,0.00033141,0.059819,0.0031853,0.0094846,0.0067626,0.00081148,0.0010211,0.053989,0.0039446,0.01469,0.017088,0.0015877,0.0019425,0.052081,0.0049373,0.02001,0.019438,0.86717,746,"1"
-0.014007,0.82028,0.80382,-0.44171,0.80271,-0.42533,-0.037073,0.11781,3.7267,0.024888,3.1476,2.4933e-05,4.6547,4.4116,1.1103,6.0159,0.0081296,0.44277,6.6441e+16,6.6441e+16,6.6441e+16,6.6441e+16,NA,NA,0.11491,0.075944,0.11491,0.13673,0.20967,0.097697,NA,NA,197,159.17,24806,3197700,13.425,184.89,198450,31296,9664,0.91146,0.93071,0.18836,0.13427,0.1387,0.50254,2984.2,1771.6,0.021702,0.0024903,0.031631,0.031206,0.0034725,0.02101,0.0049697,0.029444,2.1098,1.4206,0.32111,0.12704,0.44516,0.40951,0.14383,0.45516,0.38186,0.14666,0.45585,0.37856,9.3821,3.2761,9213.7,31466,29309,0.056288,0.056532,0.068677,0.10917,0.11003,0.069812,0.15751,0.15861,0.0705,0.20597,0.20741,0.072616,0.25049,0.25365,0.074218,0.011391,0.010863,0.14775,0.037168,0.047493,-0.016343,0.021486,0.020665,0.13232,0.043731,0.059542,-0.017583,0.032855,0.031786,0.11988,0.048062,0.069352,-0.018156,0.0065936,0.0065195,0.21417,0.038197,0.045483,-0.003009,0.012326,0.012132,0.18327,0.043587,0.054388,-0.0054559,0.018757,0.018517,0.16194,0.047394,0.061965,-0.0053495,0.004663,0.0042395,0.10885,0.017635,0.023605,-0.020555,0.0092834,0.0086591,0.1069,0.023132,0.032092,-0.020407,0.014543,0.013701,0.1015,0.02672,0.038388,-0.021243,0.00013451,0.00010411,0.038763,6.812e-05,0.0070477,-0.0096911,0.00029336,0.00023291,0.02703,-0.0013846,0.010081,-0.010838,0.00045772,0.0003662,0.020794,-0.0029329,0.013594,-0.013127,1.1186,746,"0"
-0.01411,0.66215,0.64605,-0.59421,0.64567,-0.57972,-0.024375,-0.29139,3.5816,-0.023273,3.1283,0.00014192,3.2733,3.6477,0.80312,4.8219,0.006516,0.59642,6.0712e+16,6.0712e+16,6.0712e+16,6.0712e+16,NA,NA,0.074321,0.072936,0.074321,0.12687,0.26208,0.10058,NA,NA,288,67.451,14531,753330,16.202,269.18,116250,20400,1456,0.91591,0.93823,0.18512,0.12854,0.13705,0.55732,3196.1,1736.9,0.018898,0.0022087,0.040295,0.038452,0.0008869,0.0070002,0.00043828,0.0055808,2.0175,1.2222,0.23193,0.12132,0.43708,0.4238,0.13526,0.43567,0.41176,0.13514,0.44015,0.40831,15.695,3.3904,20283,49057,45503,0.043904,0.042347,0.036682,0.096299,0.092923,0.042171,0.1495,0.14495,0.045823,0.20124,0.19489,0.048586,0.25372,0.24637,0.05148,0.0053074,0.0048421,0.047142,0.0085995,0.031606,-0.022363,0.009604,0.0086647,0.040504,0.0080784,0.039381,-0.032254,0.01498,0.013302,0.03743,0.0080608,0.046106,-0.045365,0.00264,0.002365,0.058722,0.0085216,0.028094,-0.019072,0.0049455,0.0044253,0.050352,0.0087772,0.033331,-0.025058,0.0078905,0.0070359,0.04665,0.0094855,0.038125,-0.031989,0.0026609,0.0024708,0.042535,0.0049427,0.017173,-0.012638,0.0045982,0.0041849,0.036258,0.0041378,0.022089,-0.020214,0.007022,0.0062171,0.033561,0.003824,0.026061,-0.031473,6.4263e-06,6.3062e-06,0.0012681,-0.0024928,0.0060584,-0.00052693,9.5275e-05,9.0023e-05,0.0060115,-0.0030417,0.010338,-0.0025331,0.00024843,0.00022806,0.0077286,-0.0037489,0.01442,-0.0044192,0.822,746,"0"
-0.0049021,0.24121,0.24845,-0.86673,0.22266,-1.146,0.32219,0.16178,2.3679,0.074698,3.1815,0.00029329,2.6371,5.1159,0.265,7.0052,0.0094665,0.86724,5.2966e+16,5.2966e+16,5.2966e+16,5.2966e+16,NA,NA,0.14839,0.088723,0.14839,0.18084,0.29843,0.10547,NA,NA,317,45.732,10901,374900,17.619,312.59,87208,3200,2480,0.91512,0.93609,0.068974,0.050789,0.01445,0.29014,1331.7,876.44,0.0142,0.0019346,0.036304,0.028079,0.011343,0.0089655,0.017292,0.011582,0.9289,1.1572,0.36919,0.15152,0.44592,0.3751,0.22569,0.45191,0.27592,0.23525,0.45164,0.26095,5.0143,3.0008,22678,55418,53005,0.069303,0.074836,0.046679,0.13414,0.14347,0.047357,0.18769,0.19895,0.046378,0.23127,0.24385,0.045013,0.26489,0.2772,0.043329,0.0047763,0.0043436,0.034201,0.0059839,0.029794,-0.016055,0.009821,0.008859,0.033391,0.0076909,0.037799,-0.02309,0.015845,0.013943,0.031918,0.0085831,0.044371,-0.03526,0.0022489,0.0019441,0.040326,0.005603,0.024881,-0.016533,0.0046581,0.004005,0.038234,0.0069166,0.030051,-0.022661,0.0073631,0.006198,0.035094,0.0072126,0.034061,-0.031372,0.0024011,0.0022783,0.030942,0.0033157,0.016821,-0.0063103,0.0046544,0.0043913,0.029587,0.0038655,0.021461,-0.0090391,0.0072133,0.0066387,0.027792,0.0038379,0.025022,-0.01553,0.00012627,0.00012127,0.020087,-9.6775e-05,0.0085918,-0.0015877,0.00050853,0.00046268,0.025867,0.00083148,0.013816,-0.0054836,0.0012693,0.0011063,0.031832,0.0024816,0.019648,-0.011683,1.0062,746,"0"
-0.0033908,0.33928,0.33624,-0.81443,0.3354,-0.77373,-0.049982,0.043992,4.3491,0.0065499,3.0913,0.00040962,5.0236,8.3502,0.36098,13.689,0.018498,0.81841,5.0225e+16,5.0225e+16,5.0225e+16,5.0225e+16,NA,NA,0.16356,0.14698,0.16356,0.19232,0.20909,0.091469,NA,NA,316,35.323,6884,160120,16.152,272.93,55072,14584,3104,0.91839,0.94509,0.11884,0.077153,0.09614,0.45015,2316.6,1360.9,0.015823,0.0020753,0.02521,0.03012,0.0023119,0.002135,0.014323,0.0091981,2.1875,1.907,0.39067,0.12861,0.44507,0.40632,0.17267,0.48293,0.31686,0.17892,0.48553,0.30825,9.1764,3.2505,12587,22718,19153,0.041659,0.040753,0.023596,0.082528,0.080192,0.024501,0.1182,0.11415,0.024561,0.1509,0.14523,0.024699,0.18521,0.17801,0.025475,0.009516,0.0093325,0.057302,0.01951,0.045461,-0.0094504,0.01943,0.019195,0.055554,0.025532,0.05846,-0.008013,0.031143,0.031072,0.052753,0.029935,0.069773,-0.0018608,0.0044838,0.0043105,0.067612,0.015739,0.036216,-0.013052,0.0094261,0.009088,0.065062,0.02067,0.045574,-0.016469,0.014974,0.014463,0.060016,0.023537,0.053124,-0.019118,0.0050322,0.005022,0.054533,0.013336,0.027296,-0.00072174,0.01018,0.010268,0.054417,0.017931,0.036336,0.0041378,0.016787,0.017187,0.054392,0.022459,0.044492,0.014248,3.1025e-08,2.4311e-08,4.1505e-06,-0.0021478,0.012324,-0.0072333,3.2473e-05,2.5943e-05,0.0013891,-0.0029883,0.018375,-0.0083102,0.00011493,9.4209e-05,0.0024239,-0.0037726,0.024844,-0.0098703,0.75526,746,"1"
-0.019886,0.48113,0.508,-0.70094,0.408,-0.38995,-0.44367,-0.37187,3.0081,-0.062875,3.1609,6.1948e-06,2.9758,3.8722,0.58903,5.0632,0.0068422,0.70387,5.3177e+16,5.3177e+16,5.3177e+16,5.3177e+16,NA,NA,0.15837,0.28154,0.28154,0.29349,0.31823,0.12395,NA,NA,381,27.724,7306,140720,19.174,371.85,58448,4672,1784,0.91775,0.94461,0.058002,0.037825,0.049881,0.33457,1639.6,962.18,0.020142,0.0020332,0.031792,0.035629,0.0031352,0.00037784,0.0016091,0.0076698,2.0097,0.060913,1.3817,0.13233,0.44725,0.40051,0.18097,0.48495,0.30901,0.18761,0.48231,0.30429,6.0562,3.204,8107,15001,10647,0.059587,0.05777,0.034608,0.11392,0.11176,0.034678,0.16322,0.15983,0.034777,0.20508,0.2005,0.034419,0.24317,0.23772,0.034299,0.02309,0.025759,0.14257,0.060466,0.076043,0.081282,0.043228,0.047906,0.12674,0.072242,0.093077,0.099731,0.066331,0.073647,0.11521,0.081758,0.10885,0.12473,0.010184,0.011036,0.15747,0.043353,0.056443,0.038891,0.018853,0.020087,0.13343,0.049646,0.065855,0.038998,0.027541,0.029155,0.11319,0.052167,0.073078,0.04136,0.012705,0.014553,0.14118,0.043935,0.050425,0.0758,0.024829,0.028344,0.1361,0.056818,0.065635,0.098783,0.040322,0.046312,0.13396,0.069915,0.080963,0.13029,0.0002005,0.00016898,0.027504,0.0011369,0.014959,-0.011292,0.00060054,0.00054025,0.026341,0.0015049,0.021272,-0.011817,0.0013366,0.0012411,0.028905,0.002658,0.028925,-0.012159,0.88018,746,"0"
-0.015132,0.52983,0.51746,-0.69415,0.5079,-0.59979,-0.13593,-0.89181,4.2494,-0.15452,3.0524,0.00029368,5.1668,6.6069,0.60994,11.234,0.015182,0.69448,5.5912e+16,5.5912e+16,5.5912e+16,5.5912e+16,NA,NA,0.19345,0.14345,0.19345,0.1433,0.2265,0.090865,NA,NA,337,22.694,5010,74698,18.016,328.59,40080,1856,1728,0.91751,0.94349,0.029889,0.021153,0.025567,0.12451,1252.8,747.86,0.017256,0.0024092,0.059409,0.033955,0.022844,0.038077,0.038544,0.07969,0.74178,1.7393,1.5081,0.13438,0.43694,0.3938,0.18651,0.43581,0.30432,0.19284,0.41408,0.28534,5.044,3.1504,32078,59042,57849,0.051203,0.046194,0.022773,0.095826,0.085213,0.022338,0.1342,0.11771,0.021896,0.16115,0.14,0.02071,0.18494,0.1598,0.019975,0.011412,0.0098865,0.053958,0.022219,0.042211,-0.033513,0.022302,0.019143,0.050069,0.027469,0.054559,-0.046782,0.034269,0.029149,0.045581,0.030465,0.064252,-0.059585,0.0068351,0.0058797,0.080929,0.023792,0.038127,-0.026732,0.012961,0.010989,0.070246,0.027681,0.046535,-0.038053,0.019759,0.016582,0.062184,0.030233,0.053119,-0.048205,0.0044899,0.0039269,0.038205,0.0099162,0.021625,-0.020183,0.0094656,0.0082161,0.039731,0.014212,0.030257,-0.028309,0.014922,0.012839,0.037963,0.016597,0.036917,-0.036436,8.7097e-05,7.9959e-05,0.0091491,-0.00064345,0.011471,-0.002452,0.00028404,0.00024649,0.0095401,-0.00089049,0.017186,-0.0051972,0.00063978,0.00052242,0.010595,-0.00090588,0.022374,-0.010749,0.81462,746,"0"
-0.0018005,0.10151,0.1026,-0.94724,0.095779,-1.1914,0.25777,-0.15089,2.6798,-0.034506,3.1795,7.19e-05,1.6731,5.2008,0.10321,6.7715,0.0091506,0.94827,4.1547e+16,4.1547e+16,4.1547e+16,4.1547e+16,NA,NA,0.3089,0.15202,0.3089,0.37633,0.59473,0.19255,NA,NA,238,89.16,18183,1391700,15.236,234.03,145460,9008,2176,0.91177,0.93168,0.27367,0.20589,0.16907,0.68699,4335.8,2120.6,0.030278,0.0037497,0.030436,0.026547,0.00082348,0.0074307,0.0014448,0.010649,1.8073,1.2112,0.9451,0.13781,0.46833,0.37568,0.17133,0.5097,0.29855,0.17731,0.50942,0.29595,12.429,3.0054,32844,96006,94411,0.06254,0.064849,0.054877,0.1263,0.13745,0.058086,0.19133,0.21368,0.061591,0.25265,0.28178,0.06406,0.31038,0.34458,0.066138,0.010573,0.011572,0.09863,0.028319,0.048487,0.025815,0.022603,0.024423,0.10011,0.039571,0.064525,0.030159,0.03704,0.039428,0.097198,0.04809,0.077404,0.030105,0.006076,0.00708,0.14193,0.029143,0.047221,0.034317,0.013448,0.015464,0.14379,0.04098,0.062399,0.043495,0.023131,0.025894,0.14362,0.052148,0.075534,0.044119,0.0042587,0.0042577,0.071494,0.012892,0.022584,-4.0269e-05,0.0088162,0.0086424,0.073009,0.017988,0.030075,-0.00452,0.013762,0.013388,0.069076,0.020602,0.03563,-0.0075734,0.00023853,0.00023414,0.049434,0.0021801,0.010812,-0.00090258,0.00086843,0.00088883,0.057546,0.0044976,0.017654,0.0018635,0.0018139,0.0018894,0.059264,0.0064087,0.023823,0.0043392,0.80083,746,"1"
-0.0059812,0.3,0.30327,-0.83446,0.28351,-1.0475,0.25526,-0.027196,2.8399,-0.083611,3.1483,8.4227e-06,2.3666,4.1525,0.32396,5.6322,0.0076111,0.83727,5.4588e+16,5.4588e+16,5.4588e+16,5.4588e+16,NA,NA,0.11472,0.071095,0.11472,0.14124,0.25154,0.098578,NA,NA,338,38.5,9109,246350,18.082,330.5,72872,4208,3864,0.91776,0.93901,0.036534,0.025666,0.048039,0.16984,1246.4,790.27,0.015106,0.0020526,0.025438,0.029722,0.0017376,0.026997,0.0020374,0.060107,1.7591,1.8824,0.31307,0.15313,0.43518,0.3805,0.24029,0.42986,0.27527,0.25059,0.41588,0.26325,5.7041,3.044,18806,40093,37866,0.0636,0.06316,0.040545,0.1199,0.11823,0.040062,0.16604,0.16159,0.038832,0.20424,0.19736,0.037624,0.24025,0.23111,0.037195,0.0051822,0.0044566,0.035122,0.0070943,0.0319,-0.031304,0.010541,0.0092372,0.03392,0.0089486,0.042748,-0.037389,0.017868,0.015775,0.034066,0.011445,0.052243,-0.045616,0.003013,0.002704,0.051136,0.0093004,0.028416,-0.01782,0.0061818,0.0055524,0.048025,0.011591,0.036154,-0.023219,0.0097419,0.0086376,0.043947,0.012635,0.042315,-0.031864,0.0020245,0.0016319,0.024693,0.0016578,0.015645,-0.025824,0.0036356,0.0030661,0.021874,0.00093973,0.02113,-0.027387,0.0063877,0.0055948,0.023294,0.0019964,0.026499,-0.02906,0.00014472,0.00012069,0.02179,0.0002256,0.012944,-0.0094872,0.00079315,0.00068262,0.038185,0.0031894,0.021033,-0.014096,0.0020065,0.0017925,0.047629,0.0065133,0.028942,-0.014848,0.9495,746,"0"
-0.0066068,0.53991,0.53512,-0.68129,0.52833,-0.60458,-0.1126,-0.37244,3.0097,-0.068921,3.1578,4.1704e-06,2.8322,3.5536,0.6335,4.6629,0.0063012,0.68234,5.8094e+16,5.8094e+16,5.8094e+16,5.8094e+16,NA,NA,0.13769,0.15501,0.15501,0.17477,0.19203,0.12111,NA,NA,413,31.38,5510,81033,17.591,333.06,44080,11744,6304,0.91734,0.94257,0.094744,0.063394,0.063865,0.39689,1775.5,1032.8,0.015154,0.0018824,0.030941,0.033512,0.011258,0.011524,0.020501,0.029344,2.0236,1.5372,0.066718,0.13519,0.43766,0.40675,0.18257,0.44896,0.34175,0.18688,0.44612,0.34102,6.8691,3.254,11316,23080,19998,0.052738,0.053492,0.035424,0.10547,0.10709,0.037133,0.16547,0.17038,0.040775,0.22864,0.23857,0.044379,0.28328,0.29517,0.046209,0.012032,0.012357,0.085919,0.029405,0.053015,0.012052,0.024763,0.025197,0.083961,0.039043,0.069665,0.010531,0.040218,0.040548,0.08079,0.046941,0.084219,0.006194,0.0050017,0.0053479,0.089441,0.01985,0.040995,0.019523,0.0098538,0.010243,0.080656,0.023949,0.049651,0.014833,0.015691,0.015901,0.074582,0.027417,0.057147,0.0061851,0.0064984,0.006478,0.083512,0.020808,0.032155,-0.0010317,0.01357,0.013618,0.086022,0.02919,0.043964,0.0015569,0.021627,0.021739,0.083097,0.034943,0.053324,0.0028138,0.00053195,0.00053097,0.084393,0.0071226,0.017279,-0.00020404,0.0018099,0.0018108,0.091811,0.012011,0.029129,8.7326e-05,0.0041356,0.0041955,0.10343,0.018851,0.042877,0.0036492,0.8956,746,"0"
-0.0015085,0.11523,0.11705,-0.93957,0.11018,-1.1672,0.2423,0.39539,3.5728,0.030569,3.1596,3.821e-07,1.8926,5.4881,0.11861,7.4108,0.010015,0.94055,4.2588e+16,4.2588e+16,4.2588e+16,4.2588e+16,NA,NA,0.14992,0.16231,0.16231,0.50202,0.6239,0.21437,NA,NA,259,61.884,5856,186000,10.889,135.32,46848,24240,10824,0.91421,0.93435,0.2145,0.16477,0.1006,0.64172,4736.3,1810.1,0.024193,0.0030391,0.030658,0.029353,0.0033189,0.010945,0.0059245,0.021303,2.2901,3.3317,0.84339,0.13574,0.45824,0.3863,0.16473,0.50221,0.3092,0.17386,0.49515,0.30965,11.895,3.0904,38400,106430,105230,0.060013,0.06326,0.042017,0.11894,0.12546,0.043646,0.17366,0.18341,0.044602,0.22268,0.23518,0.04505,0.26596,0.27977,0.04522,0.013833,0.011918,0.10296,0.035977,0.049215,-0.035779,0.025611,0.02212,0.090511,0.041695,0.060196,-0.045448,0.038771,0.033716,0.081179,0.045619,0.069042,-0.052732,0.0052281,0.0043328,0.097445,0.021471,0.036684,-0.027276,0.010398,0.0087414,0.088716,0.026284,0.04433,-0.034347,0.01732,0.014945,0.085806,0.032041,0.0519,-0.037312,0.0083041,0.0073138,0.11123,0.029129,0.032,-0.02365,0.014673,0.012884,0.096954,0.033019,0.039231,-0.030145,0.020825,0.018154,0.083403,0.033922,0.044027,-0.037158,0.00030122,0.00027095,0.04981,0.0030813,0.011789,-0.004748,0.00092998,0.00092694,0.049171,0.0045464,0.017774,-0.00021872,0.0017814,0.0018206,0.046438,0.0055185,0.023056,0.001949,0.75424,746,"1"
-0.0027047,0.22873,0.22798,-0.87847,0.2216,-1.0254,0.16727,0.25338,3.4508,0.04617,3.1486,6.0958e-05,1.6853,3.4173,0.24256,4.4335,0.0059912,0.87855,4.9252e+16,4.9252e+16,4.9252e+16,4.9252e+16,NA,NA,0.19781,0.1018,0.19781,0.67903,0.92749,0.23576,NA,NA,245,75.771,13486,755370,15.085,232.67,107890,12888,9168,0.91536,0.93339,0.14433,0.10779,0.067149,0.46028,2135,1174.1,0.024798,0.003747,0.033082,0.022999,0.007195,0.0089649,0.0084216,0.010348,2.7421,1.03,1.8769,0.15222,0.45563,0.37243,0.21572,0.48221,0.27885,0.22522,0.48817,0.26399,8.8512,2.9795,30997,86550,85040,0.047966,0.04366,0.037587,0.094676,0.087234,0.038885,0.14074,0.12999,0.040459,0.18711,0.17326,0.042368,0.23115,0.21606,0.043987,0.014781,0.015508,0.12313,0.041424,0.057487,0.014899,0.029973,0.032172,0.11856,0.054077,0.075909,0.029892,0.047742,0.052018,0.11188,0.063606,0.091788,0.044966,0.0095631,0.010943,0.1995,0.047036,0.059387,0.034911,0.019122,0.022583,0.1826,0.058808,0.075794,0.058243,0.02986,0.036171,0.16557,0.066878,0.089728,0.08263,0.0044248,0.0037737,0.066337,0.012934,0.022429,-0.023718,0.0087939,0.007451,0.065035,0.016905,0.02919,-0.033339,0.014669,0.012558,0.065751,0.021559,0.036019,-0.039664,0.0007931,0.00079167,0.14679,0.012735,0.019237,-0.00015067,0.0021718,0.0022208,0.12852,0.01636,0.028025,0.0025095,0.0035641,0.0035619,0.10399,0.016864,0.03425,-8.2443e-05,0.85071,746,"0"
-0.012948,0.52036,0.52136,-0.69133,0.49886,-0.54771,-0.20774,0.36547,5.0354,0.10841,3.1109,0.00035252,5.9847,7.6681,0.60751,10.985,0.014844,0.69447,5.7127e+16,5.7127e+16,5.7127e+16,5.7127e+16,NA,NA,0.25958,0.22971,0.25958,0.25785,0.61476,0.1637,NA,NA,328,31.963,6654,136320,17.604,315.53,53232,4440,2912,0.91789,0.94135,0.096387,0.066735,0.068293,0.39054,1970.9,1011.2,0.021975,0.0020195,0.03683,0.039462,0.0061549,0.012518,0.010821,0.024969,1.2228,0.1513,0.61357,0.13392,0.44347,0.40255,0.18052,0.45962,0.33379,0.19171,0.44632,0.33591,8.0373,3.2204,25804,48440,46332,0.036831,0.032978,0.020078,0.073555,0.066513,0.021017,0.10953,0.099317,0.021905,0.14455,0.13264,0.02277,0.18392,0.17143,0.024349,0.02314,0.0237,0.13411,0.058687,0.071239,0.011658,0.043096,0.044838,0.11859,0.0697,0.089388,0.025418,0.065034,0.069092,0.10603,0.077329,0.10488,0.047527,0.010833,0.011845,0.15722,0.044995,0.057789,0.030898,0.021524,0.023831,0.14299,0.055948,0.073032,0.047656,0.034385,0.039217,0.13265,0.065445,0.088014,0.077248,0.011981,0.011522,0.12497,0.039759,0.043316,-0.013083,0.02128,0.020691,0.10949,0.045948,0.054325,-0.011941,0.03069,0.029902,0.095706,0.049003,0.061918,-0.01307,0.0003254,0.00033268,0.041898,0.0030989,0.013491,0.0014728,0.00089571,0.00090194,0.036876,0.003737,0.018785,0.000651,0.001565,0.0015217,0.031766,0.0037463,0.02418,-0.0032345,0.81534,746,"1"
-0.0024321,0.13849,0.14025,-0.92713,0.13184,-0.70017,-0.2448,0.047678,2.712,0.044944,3.1673,7.2699e-05,1.7248,4.6179,0.13915,6.2692,0.0084718,0.93012,3.8824e+16,3.8824e+16,3.8824e+16,3.8824e+16,NA,NA,0.13891,0.070816,0.13891,0.53374,0.65818,0.23087,NA,NA,321,51.894,13993,609680,17.78,317.74,111940,3240,2896,0.91761,0.94102,0.064639,0.043881,0.050065,0.24189,1975.1,1088.2,0.021635,0.0024976,0.022266,0.022806,0.0064664,0.010794,0.016527,0.028562,0.59429,0.9104,0.26981,0.13591,0.44493,0.39539,0.17964,0.47008,0.31479,0.18853,0.46499,0.30958,5.4611,3.1632,32657,73839,71287,0.051704,0.053032,0.039324,0.098465,0.099583,0.039252,0.14699,0.14871,0.041013,0.19478,0.19727,0.042807,0.23714,0.23982,0.0438,0.012612,0.01343,0.10198,0.033332,0.056827,0.025658,0.026649,0.028071,0.10231,0.045822,0.074388,0.029247,0.044925,0.046835,0.10218,0.057916,0.090449,0.029643,0.0049658,0.0048354,0.10055,0.020955,0.040116,-0.0066792,0.011015,0.010751,0.10209,0.029579,0.051127,-0.0083989,0.018817,0.018486,0.10127,0.037301,0.061832,-0.0078868,0.0075402,0.0085096,0.10972,0.026913,0.039408,0.038468,0.015222,0.016943,0.10926,0.03611,0.052056,0.046129,0.025174,0.027409,0.10952,0.045391,0.062816,0.045517,0.00010624,8.4875e-05,0.019084,-0.00048277,0.011065,-0.011615,0.00074689,0.00065375,0.042899,0.0030671,0.020436,-0.01391,0.0021091,0.0019677,0.059726,0.0077517,0.030642,-0.010576,0.96166,746,"1"
-0.00095345,0.11779,0.1178,-0.93917,0.11537,-1.0739,0.14342,0.099499,2.5215,-0.0042242,3.1944,0.00025644,1.7436,5.0523,0.11878,6.8641,0.0092759,0.94045,4.108e+16,4.108e+16,4.108e+16,4.108e+16,NA,NA,0.40626,0.19052,0.40626,0.48423,0.89579,0.20322,NA,NA,252,49.171,5984,154370,13.907,207.64,47872,11264,7072,0.91472,0.93722,0.19818,0.15941,0.071809,0.64768,3748.4,1276.8,0.022903,0.0026676,0.051789,0.032802,0.0074903,0.0031736,0.012745,0.007885,0.29738,1.763,2.3187,0.14277,0.45452,0.3844,0.18473,0.49292,0.30372,0.20439,0.48868,0.28974,14.27,3.0752,89203,258030,257190,0.034692,0.024923,0.019626,0.064933,0.047367,0.019253,0.099004,0.072953,0.020546,0.13978,0.10624,0.022849,0.18469,0.14443,0.025373,0.012692,0.01725,0.07633,0.028894,0.048867,0.063893,0.024253,0.034285,0.069254,0.034788,0.063277,0.096811,0.037653,0.052651,0.063701,0.039305,0.074083,0.11391,0.010318,0.015605,0.15539,0.043408,0.062994,0.082167,0.02004,0.031399,0.13815,0.052553,0.079846,0.12076,0.031679,0.048607,0.12681,0.060672,0.091943,0.1401,0.0023201,0.0016108,0.025111,0.0027164,0.010625,-0.022878,0.0040714,0.0027956,0.021737,0.0020188,0.013575,-0.02902,0.00568,0.0038588,0.01838,0.00047904,0.016108,-0.034247,5.4064e-05,3.4274e-05,0.0072236,-0.0012657,0.0085291,-0.005379,0.00017243,0.00010857,0.0073665,-0.0018848,0.012103,-0.0083391,0.00041959,0.00025891,0.0088381,-0.0021757,0.015967,-0.01248,0.73194,746,"1"
-0.0029398,0.20164,0.20608,-0.89087,0.18951,-1.1435,0.28358,0.17677,3.1399,0.067716,3.1792,2.1658e-05,1.7961,3.91,0.21046,5.144,0.0069514,0.89424,5.0287e+16,5.0287e+16,5.0287e+16,5.0287e+16,NA,NA,0.13929,0.11284,0.13929,0.40804,0.52442,0.21229,NA,NA,227,97.07,15985,1139900,14.604,217.48,127880,12624,7688,0.91331,0.93302,0.18849,0.13653,0.12672,0.52426,3566.3,1671.3,0.02408,0.0029819,0.029395,0.025668,0.0015347,0.011358,9.2881e-05,0.014761,3.9421,5.3247,1.438,0.13519,0.47156,0.37353,0.16698,0.52385,0.28551,0.17037,0.52683,0.27985,7.2165,2.9883,18810,52030,49928,0.066233,0.071989,0.05983,0.12487,0.13268,0.059121,0.17491,0.18335,0.057963,0.21983,0.22838,0.057382,0.25864,0.26812,0.056736,0.01867,0.020282,0.17929,0.059176,0.072735,0.035355,0.035813,0.038841,0.1633,0.072443,0.09049,0.045995,0.056191,0.060926,0.1518,0.083906,0.10602,0.05656,0.0084003,0.0090271,0.20201,0.043588,0.055993,0.020739,0.016851,0.01824,0.18549,0.054587,0.069622,0.030575,0.026977,0.029587,0.17244,0.063797,0.081819,0.044445,0.010225,0.011223,0.17672,0.042743,0.048395,0.029273,0.019637,0.021424,0.16741,0.054046,0.062157,0.036314,0.03102,0.033576,0.16029,0.064272,0.074003,0.040478,4.4722e-05,3.208e-05,0.0095416,-0.0018014,0.006742,-0.0075402,0.00025355,0.00020919,0.017296,-0.0015833,0.011814,-0.0095011,0.00072117,0.00063676,0.024256,-0.00075943,0.017556,-0.0094386,0.89798,746,"1"
-0.00061248,0.16752,0.16755,-0.91226,0.16627,-0.99201,0.087418,-0.027943,3.0536,0.018193,3.1641,6.9839e-09,1.8896,4.5305,0.1735,6.177,0.0083473,0.91306,4.5834e+16,4.5834e+16,4.5834e+16,4.5834e+16,NA,NA,0.16263,0.1882,0.1882,0.30659,0.46793,0.17325,NA,NA,217,92.369,15035,1052800,14.322,208.72,120280,13152,3648,0.91226,0.93281,0.20809,0.15434,0.12586,0.58261,3811.6,1763.9,0.022339,0.0028624,0.034677,0.030982,0.0036383,0.007847,0.0061269,0.011102,3.19,4.742,1.2553,0.13735,0.47723,0.36767,0.17081,0.53863,0.27259,0.17848,0.54577,0.25999,10.706,2.9413,26352,72610,70502,0.05649,0.061579,0.046692,0.10875,0.11904,0.047112,0.16501,0.18292,0.050035,0.22237,0.24709,0.053112,0.27271,0.30218,0.054739,0.022378,0.023167,0.19664,0.069853,0.07792,0.014059,0.043016,0.045556,0.17948,0.086021,0.098739,0.030887,0.065082,0.070002,0.16088,0.095732,0.1144,0.047816,0.010729,0.010652,0.23609,0.055055,0.061764,-0.0019767,0.021091,0.021854,0.21244,0.067623,0.077913,0.013133,0.032458,0.034705,0.18985,0.075749,0.090494,0.030446,0.011546,0.012436,0.1826,0.047111,0.050511,0.021897,0.022598,0.024551,0.17629,0.060991,0.066294,0.032448,0.034993,0.03846,0.16545,0.070942,0.079155,0.04533,0.00010276,7.8984e-05,0.020062,-0.00057253,0.0066515,-0.0074167,0.00031761,0.0002551,0.019826,-0.0009007,0.010858,-0.0092887,0.00065091,0.00052488,0.020032,-0.0011719,0.015886,-0.012799,0.80502,746,"1"
-0.0018096,0.51597,0.51341,-0.69707,0.51337,-0.69077,-0.0090401,1.2342,6.7112,0.083019,3.0765,0.0010182,3.9726,5.1085,0.60311,7.554,0.010208,0.69775,6.0122e+16,6.0122e+16,6.0122e+16,6.0122e+16,NA,NA,0.15556,0.14914,0.15556,0.29598,0.36207,0.14492,NA,NA,285,70.642,17935,1127600,16.772,282.53,143480,3456,1224,0.91416,0.93529,0.25759,0.18412,0.16817,0.71622,4451.6,2174.2,0.018156,0.0026679,0.04139,0.046134,0.0013209,0.017005,0.0029031,0.030321,1.7998,0.20814,1.208,0.12172,0.42956,0.43125,0.13282,0.41088,0.44015,0.13281,0.41123,0.44098,14.325,3.45,20838,52887,50602,0.046785,0.047608,0.04002,0.092333,0.094197,0.041397,0.13757,0.1401,0.043172,0.18364,0.18693,0.045394,0.23342,0.23948,0.048489,0.012779,0.012238,0.11621,0.036013,0.052668,-0.016658,0.026702,0.025232,0.1153,0.048796,0.070721,-0.029462,0.044007,0.041645,0.11258,0.05988,0.086626,-0.036089,0.0089185,0.009045,0.2031,0.045421,0.054341,0.0045536,0.017273,0.017362,0.18006,0.054648,0.066016,0.002156,0.027206,0.027508,0.16468,0.062662,0.07728,0.0057622,0.0027575,0.0022869,0.04513,0.00547,0.018236,-0.032695,0.0069581,0.0057914,0.056174,0.011778,0.028026,-0.046727,0.01258,0.010534,0.061554,0.017447,0.036055,-0.057975,0.0011032,0.00090615,0.22288,0.019566,0.027496,-0.024138,0.0033361,0.0027434,0.21551,0.028434,0.041112,-0.034519,0.0063251,0.0052276,0.20146,0.035488,0.0534,-0.044451,0.80192,746,"0"
-0.0012388,0.14274,0.14266,-0.92583,0.14018,-1.0478,0.13173,-0.52147,3.6505,-0.095711,3.1441,5.0232e-05,2.8807,7.8762,0.13342,11.209,0.015148,0.93271,4.365e+16,4.365e+16,4.365e+16,4.365e+16,NA,NA,0.35089,0.19553,0.35089,0.21069,0.46331,0.16239,NA,NA,272,49.393,10702,420580,16.338,268.61,85616,2792,1528,0.91606,0.93651,0.17532,0.13309,0.074483,0.59107,3294.6,1420,0.017919,0.0032173,0.049468,0.02699,0.0022534,0.022423,0.0046064,0.037724,0.4337,0.50358,1.0796,0.12202,0.47761,0.38038,0.14444,0.53401,0.29712,0.13243,0.56379,0.28378,6.204,3.043,38357,96249,94946,0.040895,0.036354,0.025634,0.079902,0.069396,0.026251,0.11555,0.098246,0.026572,0.14787,0.12523,0.026783,0.17856,0.15152,0.027181,0.012694,0.010979,0.084588,0.030451,0.042731,-0.033722,0.025869,0.022668,0.081851,0.039932,0.05712,-0.042304,0.041883,0.03751,0.078514,0.047845,0.070201,-0.044249,0.0076528,0.0064854,0.1277,0.032414,0.039783,-0.029885,0.01664,0.014607,0.1271,0.044606,0.0536,-0.033761,0.028433,0.02602,0.12612,0.056321,0.067591,-0.029648,0.0048634,0.0043324,0.058325,0.013346,0.021642,-0.016546,0.0092389,0.0080676,0.054655,0.016301,0.028841,-0.02521,0.014063,0.012016,0.050425,0.017972,0.034444,-0.034927,0.00017752,0.0001616,0.026281,0.00078712,0.0085706,-0.0032573,0.00058314,0.00056738,0.027604,0.0014203,0.013266,-0.0014436,0.001054,0.0010153,0.024599,0.0012053,0.017411,-0.002438,0.76532,746,"1"
-0.0015421,0.58727,0.58633,-0.64256,0.58629,-0.64749,0.0076756,1.6085,6.7382,0.21561,2.9445,0.0021689,5.6939,6.7333,0.71319,10.28,0.013892,0.6428,6.479e+16,6.479e+16,6.479e+16,6.479e+16,NA,NA,0.18037,0.15808,0.18037,0.28335,0.31654,0.14358,NA,NA,234,69.885,12885,710420,15.086,229.69,103080,4360,3616,0.91475,0.93668,0.20409,0.14832,0.1201,0.63528,4418.9,1706.3,0.016357,0.0027218,0.049273,0.044609,0.00010901,0.0077744,0.002046,0.014621,1.6153,4.5451,2.9406,0.12068,0.46503,0.3967,0.13347,0.51433,0.33293,0.12759,0.54041,0.31528,9.9927,3.1736,40225,95711,93701,0.079029,0.08443,0.055969,0.14712,0.15473,0.054612,0.19683,0.20327,0.051137,0.23523,0.23769,0.048138,0.26539,0.26313,0.045643,0.017804,0.016667,0.13405,0.049366,0.061753,-0.024492,0.035222,0.03293,0.12591,0.062667,0.078677,-0.033549,0.056849,0.053362,0.12041,0.075128,0.094743,-0.039617,0.0076907,0.0067316,0.145,0.034701,0.046266,-0.031937,0.015793,0.014092,0.1363,0.044621,0.058323,-0.03682,0.025527,0.023277,0.12793,0.052694,0.06927,-0.037467,0.0095824,0.0095284,0.12984,0.03491,0.040401,-0.0015707,0.019671,0.019334,0.13148,0.047807,0.054359,-0.0066073,0.033007,0.032193,0.13372,0.061138,0.067681,-0.012046,0.00053122,0.00040708,0.088858,0.0073043,0.012943,-0.017105,0.0015546,0.0012321,0.083147,0.010086,0.020424,-0.023628,0.0034433,0.0028464,0.090799,0.015303,0.030541,-0.028468,0.75828,746,"0"
-0.0012071,0.17168,0.17269,-0.90944,0.1683,-1.0545,0.15946,1.0662,4.6998,0.15295,3.0262,0.0012172,2.1442,5.0466,0.18004,6.6596,0.0089994,0.90982,4.732e+16,4.732e+16,4.732e+16,4.732e+16,NA,NA,0.15098,0.14857,0.15098,0.26924,0.41525,0.16303,NA,NA,294,34.871,3769,94386,11.857,142.71,30152,29600,1984,0.916,0.94051,0.10797,0.078013,0.045805,0.45688,2811,1098.6,0.019476,0.0021619,0.02963,0.026764,0.00078853,0.0052723,4.5698e-05,0.0081663,1.5485,2.9098,1.2486,0.13345,0.45141,0.39372,0.17525,0.48405,0.31011,0.17901,0.48184,0.31278,8.3198,3.1497,32175,63973,62292,0.058604,0.060703,0.030026,0.11458,0.11886,0.03077,0.16545,0.17219,0.031097,0.21254,0.22195,0.031466,0.25894,0.27332,0.032218,0.0098082,0.0081518,0.053423,0.019361,0.040422,-0.042269,0.019929,0.017004,0.05154,0.025173,0.053617,-0.050079,0.033041,0.028934,0.050626,0.03105,0.06581,-0.053539,0.0060852,0.0051743,0.083001,0.022181,0.038209,-0.029317,0.011663,0.010063,0.072815,0.026032,0.047086,-0.03502,0.018373,0.015881,0.066613,0.029555,0.055237,-0.042905,0.0036768,0.0029438,0.036042,0.0076298,0.019501,-0.030586,0.0082918,0.0069699,0.040094,0.012367,0.028498,-0.035869,0.014959,0.013274,0.043842,0.017903,0.037006,-0.032646,4.6222e-05,3.3655e-05,0.0055933,-0.0013251,0.010169,-0.0064602,0.00015626,0.0001182,0.0060458,-0.0019133,0.01475,-0.0076185,0.00027293,0.00021104,0.0052067,-0.0027988,0.019865,-0.0091429,0.77662,746,"1"
-0.0080552,0.89242,0.9006,-0.31335,0.86327,-0.24955,-0.2036,0.12004,3.0282,0.03304,3.1695,1.1252e-05,4.6056,3.9297,1.3699,5.1928,0.0070173,0.31359,7.0383e+16,7.0383e+16,7.0383e+16,7.0383e+16,NA,NA,0.28771,0.16136,0.28771,0.2181,0.30535,0.14,NA,NA,311,38.386,6745,156900,15.898,265.62,53960,14456,3736,0.91741,0.94113,0.1293,0.089087,0.08723,0.51129,2330.8,1144.4,0.013854,0.0016712,0.046876,0.046992,0.0017634,0.027568,0.0062063,0.056761,1.1457,0.55466,1.4126,0.12596,0.43826,0.41887,0.15614,0.44886,0.37804,0.15424,0.45274,0.37776,9.7347,3.3509,21094,41271,38613,0.047205,0.044277,0.027943,0.094872,0.090924,0.029435,0.13931,0.13692,0.030253,0.1919,0.19124,0.032824,0.24397,0.24551,0.035072,0.012861,0.012663,0.080932,0.030079,0.053154,-0.0061544,0.025972,0.025672,0.077606,0.038986,0.068907,-0.0062368,0.04194,0.041562,0.074246,0.046551,0.083361,-0.0060484,0.0091683,0.0095078,0.14448,0.038841,0.05603,0.012561,0.018534,0.019165,0.1337,0.04915,0.068231,0.015377,0.028813,0.02987,0.12069,0.055566,0.077615,0.020033,0.0034324,0.0029329,0.038873,0.0072327,0.020482,-0.029078,0.0064322,0.0056578,0.035934,0.0083549,0.027779,-0.03168,0.010714,0.0096411,0.036278,0.010677,0.035432,-0.033626,0.00025984,0.00022238,0.036329,0.002138,0.015027,-0.010986,0.001008,0.0008502,0.045059,0.0048014,0.024141,-0.018287,0.0025661,0.0021718,0.05656,0.0092676,0.035119,-0.027426,0.81669,746,"0"
-0.00040776,0.084238,0.08442,-0.9568,0.083171,-1.0732,0.12165,-0.39579,2.5999,-0.18278,3.0988,0.00056463,3.499,12.396,0.079466,29.178,0.03943,0.96008,3.6804e+16,3.6804e+16,3.6804e+16,3.6804e+16,NA,NA,0.67432,0.4165,0.67432,0.46293,0.52963,0.1733,NA,NA,223,79.933,11951,682860,13.581,192.96,95608,25096,3992,0.90701,0.92929,0.1043,0.082138,0.0067857,0.33627,3460.7,1171.7,0.017834,0.0031464,0.061407,0.032541,0.0028715,0.030353,0.00096258,0.042956,1.3708,3.5124,2.2686,0.10237,0.44449,0.4233,0.10798,0.46932,0.37651,0.11114,0.47894,0.35686,13.418,3.3864,68107,225580,224360,0.061866,0.054219,0.046263,0.1286,0.11433,0.050493,0.19567,0.17981,0.053811,0.27503,0.26114,0.059587,0.37307,0.36896,0.067937,0.00094358,0.00074708,0.0070693,-0.0071373,-0.016332,-0.012662,0.0025358,0.0020476,0.0090272,-0.0085883,-0.018481,-0.018764,0.0061261,0.004907,0.012914,-0.0078929,-0.016793,-0.029811,1.4808e-05,1.2751e-05,0.00027781,-0.0064972,-0.013777,-0.0035487,0.00038891,0.00034212,0.0033444,-0.0077853,-0.016971,-0.0069427,0.0018736,0.0016144,0.0093353,-0.0069329,-0.015987,-0.012654,0.00035848,0.00027357,0.0048355,-0.005965,-0.014397,-0.010052,0.0011974,0.00092586,0.0079647,-0.0066833,-0.017081,-0.01532,0.0028903,0.0022202,0.011667,-0.0063388,-0.01772,-0.023944,0.0005703,0.00046076,0.094405,0.0077891,0.017198,-0.0093448,0.0015149,0.0012199,0.080645,0.009495,0.022533,-0.014449,0.002678,0.0021211,0.070117,0.010468,0.027177,-0.018804,0.87306,746,"0"
-8.2481e-05,0.014085,0.014227,-0.99285,0.013743,-0.8096,-0.18457,-0.69095,1.894,-0.56145,2.7042,0.002172,0.72049,6.9378,0.010765,9.958,0.013457,0.99461,1.6762e+16,1.6762e+16,1.6762e+16,1.6762e+16,NA,NA,0.29933,0.18702,0.29933,0.26296,0.36427,0.12428,NA,NA,153,131.13,18966,2347800,12.246,150.97,151730,680,664,0.90902,0.93212,0.063685,0.046828,0.043483,0.22617,1982.9,1112.7,0.018308,0.0026426,0.030375,0.02213,0.011875,0.0043402,0.017806,0.0053132,1.5683,0.99627,0.15886,0.11173,0.43006,0.43099,0.13703,0.44604,0.37151,0.13967,0.44444,0.36731,3.2334,3.4479,29206,82927,81385,0.069462,0.068567,0.055439,0.13884,0.13765,0.058181,0.20567,0.20377,0.060366,0.27689,0.27646,0.064025,0.35215,0.35502,0.068441,0.0020432,0.0022845,0.016338,-0.0036151,-0.014583,0.014698,0.0060971,0.0065785,0.023165,-0.00094726,-0.013872,0.016234,0.01549,0.016889,0.034852,0.0074731,-0.0056165,0.028871,4.9025e-05,4.9153e-05,0.00098166,-0.0065301,-0.015122,0.00013179,0.00096363,0.001139,0.0088441,-0.0060475,-0.01707,0.021504,0.0051034,0.006131,0.027139,0.0011409,-0.010382,0.041309,0.00061865,0.00088287,0.0089064,-0.0049901,-0.013948,0.033778,0.0024202,0.0030078,0.017181,-0.0032252,-0.014886,0.032485,0.0065416,0.007518,0.028181,0.0018074,-0.012116,0.030887,0.0013756,0.0013525,0.24302,0.023133,0.029494,-0.0017133,0.0032528,0.003063,0.18481,0.025635,0.036342,-0.0080654,0.005345,0.0049906,0.14936,0.026939,0.042555,-0.011324,1.1595,746,"1"
-0.0002402,0.062393,0.06276,-0.96807,0.061402,-1.1105,0.14713,1.0319,3.9242,0.15048,2.9362,2.2044e-05,1.4587,7.4339,0.038404,11.144,0.01506,0.98055,3.5004e+16,3.5004e+16,3.5004e+16,3.5004e+16,NA,NA,0.65028,0.38647,0.65028,0.22887,0.71883,0.16396,NA,NA,177,122.41,18507,1942300,13.064,172.69,148060,10760,5528,0.90819,0.9309,0.129,0.094106,0.083402,0.40143,2120.9,1099.2,0.021383,0.002607,0.02176,0.023645,0.0042578,0.00035231,0.0089905,0.0014288,1.1241,3.0504,1.6952,0.10982,0.43371,0.42587,0.12552,0.45173,0.37313,0.12982,0.44542,0.36824,3.7185,3.407,18077,52743,51283,0.068268,0.068503,0.059752,0.14656,0.14726,0.067356,0.22342,0.22475,0.071916,0.30226,0.30467,0.076648,0.38941,0.3962,0.082999,0.0011528,0.0010114,0.010109,-0.0069864,-0.018315,-0.013825,0.0041878,0.0039338,0.017449,-0.005452,-0.018724,-0.012019,0.011557,0.011629,0.028517,0.00095092,-0.011701,0.0019467,6.7344e-05,7.6099e-05,0.0014788,-0.0067407,-0.01529,0.0074631,0.00096901,0.0011578,0.0097531,-0.0063212,-0.017226,0.024622,0.0047743,0.005784,0.027843,0.00030823,-0.010389,0.04655,0.00032297,0.00029269,0.0050991,-0.0066355,-0.016227,-0.006583,0.0014907,0.0013414,0.011606,-0.0063177,-0.018711,-0.012118,0.0041158,0.0036595,0.019445,-0.003929,-0.018254,-0.020575,0.00076249,0.00064257,0.14773,0.012216,0.019077,-0.014084,0.0019968,0.0016894,0.12441,0.014893,0.026239,-0.018986,0.0033469,0.0028077,0.10256,0.015586,0.032158,-0.024537,1.1861,746,"1"
-0.00021508,0.022343,0.022437,-0.9887,0.021842,-0.8277,-0.16284,0.70869,2.3519,0.25376,2.9569,0.00030581,1.0353,6.9138,0.022366,9.3001,0.012568,0.9888,2.0752e+16,2.0752e+16,2.0752e+16,2.0752e+16,NA,NA,0.36595,0.155,0.36595,0.41471,0.44997,0.15434,NA,NA,209,94.727,17181,1412800,14.294,205.85,137450,6552,2328,0.90905,0.93215,0.049848,0.036875,0.041493,0.17137,1832.2,1032.1,0.020097,0.0032037,0.049247,0.027836,0.015014,0.011577,0.023482,0.013893,0.95042,0.020245,0.31077,0.11117,0.42844,0.4347,0.13661,0.44167,0.37884,0.13914,0.43198,0.3849,3.3853,3.4776,59127,170840,169700,0.072442,0.070907,0.059244,0.14572,0.14057,0.062571,0.21442,0.20699,0.064487,0.28846,0.28062,0.068347,0.36893,0.36617,0.073473,0.00084233,0.00080223,0.0069015,-0.0078235,-0.018114,-0.0040634,0.0033613,0.0032116,0.013086,-0.0071296,-0.019137,-0.0064969,0.0096485,0.0095674,0.022244,-0.0023088,-0.014172,-0.0020137,5.0528e-05,4.1879e-05,0.0010367,-0.0066039,-0.015013,-0.0066421,0.00074146,0.00070611,0.006973,-0.0069071,-0.017844,-0.0043175,0.0041041,0.0042519,0.022364,-0.0014481,-0.013213,0.0062889,0.00028506,0.00030903,0.0042052,-0.0065816,-0.015651,0.0041765,0.0012205,0.0012799,0.0088783,-0.0069261,-0.018303,0.0043425,0.0032543,0.0033714,0.014366,-0.0057917,-0.018221,0.0048664,0.00050675,0.00045132,0.091738,0.006949,0.016854,-0.0073815,0.0015042,0.0013215,0.08757,0.0098427,0.023921,-0.010737,0.0026603,0.0022966,0.076174,0.010851,0.028692,-0.015479,1.1402,746,"1"
-0.0011571,0.17458,0.17454,-0.90842,0.17216,-0.80242,-0.11669,0.25793,2.1521,0.098998,3.1727,0.00092783,2.3806,5.5925,0.18073,7.8028,0.010544,0.90942,4.2321e+16,4.2321e+16,4.2321e+16,4.2321e+16,NA,NA,0.30611,0.29786,0.30611,0.27345,0.3105,0.1299,NA,NA,256,66.785,13591,721110,15.841,252.61,108730,2824,2608,0.91084,0.93455,0.098059,0.069991,0.052348,0.34818,2163.6,1158.4,0.020387,0.0027853,0.034972,0.029533,0.0091226,0.014075,0.013382,0.019133,0.49915,2.0663,2.007,0.1075,0.43405,0.42975,0.12408,0.45459,0.37034,0.12674,0.45159,0.36579,4.977,3.438,18075,44674,42266,0.063683,0.062515,0.047011,0.13328,0.1291,0.051662,0.20298,0.19625,0.055105,0.28233,0.27642,0.060383,0.37727,0.3782,0.067819,0.00082781,0.00067112,0.0061223,-0.0074714,-0.01913,-0.018588,0.002886,0.0025668,0.010142,-0.0077823,-0.020252,-0.019228,0.0088504,0.0089789,0.018418,-0.0034711,-0.01397,0.004352,5.2441e-05,4.3663e-05,0.00097125,-0.006256,-0.015775,-0.0073657,0.00078756,0.00082773,0.0066856,-0.0063996,-0.018459,0.0063178,0.0046239,0.0054034,0.022743,-8.9164e-05,-0.012042,0.040397,0.00036297,0.00031926,0.0048333,-0.005906,-0.016637,-0.0080832,0.0011456,0.0010179,0.0075225,-0.0067884,-0.019997,-0.011521,0.002624,0.0023376,0.010456,-0.0068825,-0.020698,-0.016643,0.0004124,0.00030819,0.06739,0.0048964,0.017971,-0.017513,0.0011145,0.00084748,0.058566,0.0059316,0.026403,-0.023828,0.0020532,0.0016094,0.053067,0.0067715,0.033671,-0.027693,1.0019,746,"1"
-0.0010915,0.1169,0.11621,-0.94002,0.11578,-0.88244,-0.06125,-0.21494,2.4119,-0.074289,3.1895,0.00028966,1.4583,4.2737,0.11613,5.9566,0.0080495,0.94175,3.7036e+16,3.7036e+16,3.7036e+16,3.7036e+16,NA,NA,0.41464,0.23658,0.41464,0.41264,0.49624,0.18233,NA,NA,300,47.407,8004,218100,16.542,281.56,64032,7120,4008,0.91302,0.93821,0.06966,0.048756,0.042179,0.3209,1474.1,896.67,0.016409,0.0028621,0.031,0.030993,0.0084396,0.0056566,0.012875,0.0020164,0.55205,0.33596,0.55154,0.10342,0.43728,0.43917,0.11843,0.46018,0.39342,0.11594,0.47842,0.37897,5.5215,3.5134,24157,53534,51642,0.06739,0.0671,0.043835,0.12517,0.12036,0.042749,0.17427,0.16338,0.041688,0.21973,0.20258,0.041409,0.26634,0.2427,0.042187,0.00098953,0.00083754,0.0064486,-0.0065052,-0.019056,-0.016296,0.0037355,0.0033323,0.011567,-0.005591,-0.019733,-0.022175,0.011301,0.010499,0.020723,0.00043184,-0.013595,-0.023895,2.9454e-05,2.9151e-05,0.00048067,-0.0059781,-0.016166,-0.00048531,0.00058593,0.00055778,0.0043827,-0.0066314,-0.01956,-0.0052856,0.0029765,0.0028252,0.0129,-0.0039006,-0.016972,-0.0094671,0.00025113,0.00020191,0.0029466,-0.005992,-0.017288,-0.011466,0.0011701,0.0010299,0.0067699,-0.0062977,-0.020248,-0.014096,0.0037436,0.0034894,0.013144,-0.0041429,-0.01969,-0.013174,0.00070895,0.00060648,0.10208,0.0095907,0.022394,-0.013206,0.0022941,0.0020134,0.10623,0.015228,0.033021,-0.018672,0.00546,0.0049303,0.12435,0.02489,0.045126,-0.021537,0.91221,746,"1"
-0.00019462,0.096648,0.096522,-0.95045,0.096202,-0.89573,-0.057573,-0.057725,3.1403,-0.27861,2.9807,1.5779e-05,3.1399,10.258,0.093447,17.85,0.024121,0.95309,3.5909e+16,3.5909e+16,3.5909e+16,3.5909e+16,NA,NA,0.58797,0.28885,0.58797,0.27789,0.57429,0.14403,NA,NA,294,46.099,7727,220420,15.188,245.05,61816,15096,10904,0.91037,0.93649,0.0012078,0.00088077,0.018288,0.0058598,1418.4,882.81,0.018419,0.0025795,0.051028,0.030955,0.0089853,0.017744,0.019522,0.026774,1.0715,3.5137,2.8509,0.10557,0.43084,0.43241,0.12354,0.44067,0.37899,0.12516,0.44613,0.35909,5.9042,3.4593,30494,72915,71550,0.070148,0.067077,0.044553,0.14071,0.13738,0.046926,0.21149,0.2119,0.049398,0.29406,0.30335,0.05411,0.38295,0.40417,0.059227,0.0018793,0.0018065,0.011958,-0.003716,-0.016895,-0.0042288,0.0049584,0.0049508,0.014992,-0.0030993,-0.017795,-0.00026385,0.012739,0.012909,0.022808,0.0025616,-0.011923,0.0037329,3.86e-05,6.1222e-05,0.00061507,-0.0058609,-0.015197,0.022514,0.0007763,0.0010183,0.0056697,-0.0059614,-0.017389,0.030704,0.0044765,0.0052199,0.018944,-0.00041999,-0.011999,0.031174,0.00050001,0.00045134,0.0057283,-0.0049177,-0.015779,-0.0064099,0.0019819,0.0018011,0.011196,-0.0040448,-0.018149,-0.010493,0.005614,0.005212,0.019246,-0.00028161,-0.016755,-0.013243,0.0013407,0.001294,0.18849,0.019999,0.024686,-0.003235,0.0029506,0.0028286,0.1334,0.020362,0.030232,-0.0051495,0.0045573,0.0042915,0.10134,0.019733,0.034427,-0.0085715,0.91236,746,"0"
-5.7442e-05,0.032829,0.032814,-0.98343,0.032678,-1.0468,0.064446,-0.66477,2.2419,-0.36748,2.9746,0.00074799,0.832,4.8469,0.029396,6.8918,0.0093133,0.98526,2.667e+16,2.667e+16,2.667e+16,2.667e+16,NA,NA,0.49686,0.22411,0.49686,0.40617,0.81032,0.19628,NA,NA,215,84.553,10167,558500,12.013,157.09,81336,24728,22992,0.9076,0.92935,0.07146,0.055694,0.016037,0.23965,1697.2,887.53,0.019566,0.0028069,0.049741,0.030802,0.0067511,0.0010055,0.0077175,4.9776e-05,0.43172,1.8366,2.473,0.10012,0.43572,0.42977,0.10562,0.45483,0.39149,0.10339,0.45134,0.37689,5.3205,3.4382,49426,158970,158220,0.066768,0.066432,0.050661,0.13864,0.14128,0.055233,0.21185,0.219,0.059114,0.29396,0.30448,0.064621,0.38573,0.40285,0.071272,0.00071122,0.00051233,0.0054065,-0.0079657,-0.017413,-0.017183,0.0029432,0.002408,0.010631,-0.0077681,-0.018643,-0.020748,0.0082179,0.0073156,0.017578,-0.004549,-0.014646,-0.019774,1.6996e-05,1.6056e-05,0.00032355,-0.0065341,-0.013919,-0.0015449,0.00045476,0.0005164,0.0039679,-0.0076193,-0.016608,0.0085886,0.0025663,0.0028126,0.012974,-0.0052481,-0.013863,0.010924,0.00021601,0.00016667,0.0029565,-0.006638,-0.014978,-0.0086483,0.0012644,0.0010035,0.0085335,-0.006536,-0.017442,-0.016528,0.0038323,0.003167,0.015695,-0.0042838,-0.016998,-0.021246,0.00047821,0.00032961,0.080321,0.0061665,0.014174,-0.015272,0.0014531,0.001057,0.078485,0.0090173,0.020525,-0.020008,0.0026202,0.0019459,0.069608,0.010207,0.026413,-0.023791,1.0291,746,"0"
-0.00099167,0.072814,0.072796,-0.96286,0.071371,-1.0976,0.13989,0.23309,2.4001,0.060865,3.1656,0.00032104,1.1211,4.3451,0.066391,6.175,0.0083446,0.96663,3.4223e+16,3.4223e+16,3.4223e+16,3.4223e+16,NA,NA,0.5933,0.24633,0.5933,0.35076,0.62845,0.18285,NA,NA,165,128.02,18393,2052600,12.657,161.78,147140,8256,3312,0.90742,0.92815,0.062104,0.047176,0.039314,0.21072,1663,941.76,0.016972,0.0023965,0.043339,0.023773,0.0067496,0.012164,0.0081215,0.013627,0.14479,1.7803,1.4248,0.11122,0.43127,0.42507,0.13547,0.44002,0.36832,0.13687,0.43521,0.36535,2.9886,3.4006,36761,119230,118190,0.065344,0.062608,0.055313,0.1325,0.12778,0.058891,0.20319,0.19481,0.063255,0.28105,0.26949,0.068928,0.3712,0.36384,0.076518,0.00089941,0.00077594,0.0076277,-0.0077615,-0.01731,-0.011029,0.0035001,0.0030429,0.014104,-0.0069381,-0.018166,-0.018811,0.0098684,0.0091628,0.023549,-0.0019716,-0.012994,-0.016362,5.5047e-05,5.6121e-05,0.0011691,-0.006696,-0.014348,0.0008441,0.00084307,0.00089331,0.0082066,-0.0066656,-0.016552,0.0054349,0.0040634,0.0044832,0.022918,-0.0015818,-0.011847,0.016484,0.00033966,0.00028729,0.0051863,-0.0064445,-0.015147,-0.0075492,0.001356,0.0011166,0.01021,-0.0066286,-0.017894,-0.016009,0.0037603,0.003092,0.017182,-0.0047007,-0.017978,-0.024801,0.00050471,0.00043253,0.094574,0.0070334,0.016897,-0.008751,0.0015076,0.0012108,0.090843,0.01005,0.023734,-0.017004,0.002757,0.0021431,0.08171,0.011647,0.029892,-0.024628,1.2935,746,"1"
-0.0018579,0.083368,0.082347,-0.95788,0.081664,-1.0451,0.091088,0.8274,3.5732,0.15393,3.0396,8.2672e-06,1.9543,6.8151,0.082013,9.6652,0.013061,0.9589,3.3612e+16,3.3612e+16,3.3612e+16,3.3612e+16,NA,NA,0.2242,0.079988,0.2242,0.29073,0.44915,0.15227,NA,NA,175,113.31,17346,1719800,13.058,171.99,138770,6280,3624,0.90845,0.93065,0.064998,0.048193,0.0041987,0.24278,1960.2,1152.3,0.027012,0.0044182,0.023627,0.020431,0.0034282,0.0017014,0.0036698,2.9817e-05,0.28732,0.49948,0.38996,0.10307,0.43749,0.43396,0.12018,0.45202,0.38556,0.11875,0.46245,0.37603,4.8172,3.4717,37611,108500,106930,0.053829,0.046339,0.04315,0.10572,0.091026,0.044499,0.15648,0.13467,0.04613,0.21133,0.18337,0.049081,0.27466,0.2415,0.053614,0.0022574,0.00302,0.01813,-0.002888,-0.012868,0.0434,0.0066124,0.0088073,0.025233,0.00020086,-0.010597,0.070762,0.016634,0.021498,0.03759,0.0094041,-0.00024763,0.097417,7.0069e-05,9.8001e-05,0.0014092,-0.0064284,-0.014769,0.021283,0.00098216,0.0012773,0.0090537,-0.0059966,-0.016354,0.03323,0.0046476,0.0055375,0.024823,-3.1965e-05,-0.010594,0.037373,0.00068066,0.0010387,0.009842,-0.0047199,-0.013436,0.046061,0.0031046,0.0046662,0.022137,-0.0011656,-0.011386,0.077835,0.008569,0.012548,0.037077,0.0064641,-0.0039021,0.11152,0.0015067,0.0018833,0.26736,0.025644,0.035556,0.026119,0.0035003,0.0045113,0.19974,0.027948,0.043484,0.041569,0.0059689,0.0075157,0.16752,0.030776,0.050357,0.047231,0.93298,746,"0"
-0.014097,0.40032,0.38847,-0.78167,0.38847,-0.78182,0.000188,0.15582,2.4831,0.031519,3.1832,0.00047844,2.6046,3.9588,0.43171,4.9874,0.0067397,0.78339,5.2684e+16,5.2684e+16,5.2684e+16,5.2684e+16,NA,NA,0.32037,0.15391,0.32037,0.27449,0.42252,0.16165,NA,NA,241,66.124,12332,633540,15.247,235.2,98656,7232,3144,0.91161,0.93776,0.16271,0.11232,0.12306,0.50156,2836.6,1517.4,0.015445,0.0028383,0.063728,0.049498,0.010599,0.0035216,0.013977,0.0085635,2.1939,0.91049,0.74087,0.10323,0.43781,0.43503,0.11865,0.47288,0.36874,0.11696,0.47271,0.36809,13.789,3.4802,22426,49293,46452,0.063785,0.060151,0.044692,0.12606,0.11756,0.046377,0.18951,0.1759,0.048834,0.25993,0.24192,0.052765,0.33458,0.31173,0.057087,0.00035731,0.00030072,0.0025083,-0.0087807,-0.020962,-0.011658,0.0012809,0.0011094,0.0042724,-0.010921,-0.024193,-0.019011,0.0040293,0.0035528,0.0079588,-0.010909,-0.022573,-0.028767,3.6233e-05,3.216e-05,0.00063693,-0.0061744,-0.016463,-0.0059473,0.00050262,0.00045141,0.0040498,-0.0071591,-0.02025,-0.011284,0.0023263,0.0021003,0.010861,-0.005616,-0.018961,-0.018796,0.0001407,0.00012518,0.0017782,-0.0066913,-0.017686,-0.0057207,0.00051255,0.00044626,0.0031944,-0.0083943,-0.021756,-0.011298,0.0013395,0.0011671,0.0050662,-0.009453,-0.023396,-0.017536,0.00018038,0.00014338,0.027978,0.00070278,0.014637,-0.010032,0.00035624,0.00028132,0.017768,-0.00068048,0.019843,-0.013345,0.00060958,0.0004783,0.014954,-0.0015672,0.024687,-0.018631,0.799,746,"0"
-0.00012924,0.089236,0.08916,-0.95432,0.088956,-0.99992,0.047788,1.5514,5.9092,0.18143,2.9021,0.002715,2.8504,9.7589,0.085093,15.759,0.021296,0.95727,3.752e+16,3.752e+16,3.752e+16,3.752e+16,NA,NA,0.68771,0.6535,0.68771,0.30188,0.7101,0.16405,NA,NA,167,130.87,15431,1483300,12.031,150.73,123450,18920,18912,0.90748,0.92897,0.057726,0.044066,0.024607,0.18379,1937.2,1031.7,0.020902,0.0034543,0.05034,0.028037,0.00079308,0.014385,0.003102,0.019409,0.063943,3.7569,3.8271,0.10828,0.43627,0.42039,0.12482,0.45116,0.37322,0.12954,0.4531,0.3486,5.2884,3.3631,38668,131230,130150,0.065552,0.06346,0.05723,0.13736,0.13486,0.062967,0.20964,0.2066,0.06731,0.28565,0.29062,0.072254,0.37211,0.39503,0.079109,0.0016203,0.0016243,0.014172,-0.0053018,-0.015588,0.00021854,0.0046022,0.0046489,0.019127,-0.0044787,-0.016087,0.0014929,0.01149,0.011969,0.028278,0.00083131,-0.010108,0.0095238,5.8253e-05,7.0444e-05,0.001276,-0.0067846,-0.01427,0.0083735,0.00092555,0.0011375,0.0092921,-0.0064715,-0.016023,0.020516,0.0044007,0.0053089,0.025599,-0.00069828,-0.010556,0.032241,0.00038248,0.00033167,0.0060234,-0.0063441,-0.014855,-0.0067528,0.0015312,0.0014,0.011891,-0.0061818,-0.016844,-0.0076066,0.0042847,0.0040643,0.020192,-0.003519,-0.015599,-0.0072999,0.0011796,0.0012222,0.22796,0.02038,0.024836,0.0027244,0.0026065,0.0025528,0.16199,0.020683,0.029412,-0.0020995,0.0040231,0.0037942,0.12297,0.019845,0.033746,-0.0068369,1.0672,746,"0"
-0.00036183,0.085642,0.085519,-0.95623,0.08523,-1.0118,0.058132,-1.6738,6.4855,-0.12908,2.827,0.0040505,1.6956,6.9096,0.060067,10.232,0.013827,0.96955,3.6473e+16,3.6473e+16,3.6473e+16,3.6473e+16,NA,NA,0.41591,0.24673,0.41591,0.24813,0.31013,0.16805,NA,NA,253,61.245,8515,324790,13.427,194.27,68120,22280,11736,0.91311,0.93943,0.067373,0.046201,0.055885,0.23582,1506.8,895.32,0.014576,0.0022696,0.024477,0.028157,0.00043159,0.0098147,0.0019276,0.01105,3.0311,2.1718,0.97303,0.10646,0.42684,0.44512,0.12801,0.44226,0.39576,0.12951,0.43918,0.39726,4.6153,3.561,24905,54931,52847,0.067903,0.066643,0.046637,0.14168,0.13981,0.051095,0.21066,0.20901,0.053211,0.28053,0.27829,0.055823,0.35333,0.35257,0.059094,0.0012208,0.0012174,0.0084006,-0.0059549,-0.019228,-0.0003647,0.0040849,0.0041196,0.013356,-0.0050274,-0.020012,0.0018707,0.010653,0.010899,0.020627,-0.00055794,-0.014373,0.0079803,3.0397e-05,2.9562e-05,0.00052379,-0.0061413,-0.016503,-0.0012748,0.00043773,0.00040871,0.0034573,-0.0072962,-0.020281,-0.0064763,0.002432,0.0023056,0.01113,-0.0053074,-0.018248,-0.0096821,0.0004991,0.00060524,0.0061834,-0.005122,-0.016477,0.019257,0.001866,0.0021566,0.0114,-0.0045327,-0.018671,0.023239,0.0051203,0.005828,0.018983,-0.0013401,-0.017007,0.033516,0.00069135,0.00058263,0.10511,0.0095556,0.019249,-0.014896,0.0019783,0.0017367,0.096723,0.012996,0.028588,-0.018055,0.0039197,0.0035967,0.094258,0.016971,0.038416,-0.016204,0.99911,746,"1"
-0.00024814,0.08007,0.080051,-0.95908,0.079437,-1.0431,0.087611,0.3086,2.9563,-0.016874,3.1575,2.6208e-05,1.6314,6.0732,0.071974,8.5176,0.01151,0.9638,3.7881e+16,3.7881e+16,3.7881e+16,3.7881e+16,NA,NA,0.36895,0.24438,0.36895,0.37474,0.40872,0.16246,NA,NA,168,128.82,20037,2387200,12.832,165.77,160300,3288,2328,0.90917,0.93246,0.066985,0.0478,0.043034,0.30832,2072.3,1035.9,0.022651,0.0034028,0.026014,0.027151,0.0028407,0.0015326,0.0078664,0.0066155,3.1226,1.8139,1.0937,0.11312,0.42939,0.43226,0.14099,0.44286,0.37479,0.14991,0.43889,0.36929,3.7922,3.4581,11146,31132,28809,0.071103,0.072107,0.061579,0.14726,0.14905,0.066965,0.22723,0.23076,0.072373,0.30534,0.30993,0.076614,0.38054,0.38476,0.080254,0.0012223,0.0010973,0.010605,-0.0067003,-0.017924,-0.013461,0.0044413,0.0041851,0.01831,-0.0048336,-0.017769,-0.012645,0.011691,0.011414,0.028543,0.0011787,-0.011389,-0.0080752,7.9924e-05,6.7119e-05,0.0017366,-0.0066324,-0.015652,-0.0082695,0.00085597,0.00079991,0.0085247,-0.0066977,-0.018471,-0.0079481,0.0039431,0.0038945,0.022754,-0.0019231,-0.014367,-0.002668,0.00029604,0.00026995,0.0046247,-0.006726,-0.016489,-0.0053192,0.0011759,0.0012008,0.0090587,-0.0072732,-0.019162,0.0025061,0.0037629,0.0039326,0.01759,-0.0047503,-0.017952,0.008963,0.00084633,0.00076019,0.16225,0.013788,0.023539,-0.01127,0.0025105,0.002265,0.15477,0.019686,0.03392,-0.014942,0.0043651,0.0039065,0.13236,0.021917,0.041137,-0.019898,1.127,746,"1"
-0.0012444,0.048263,0.049027,-0.97514,0.045158,-1.2491,0.28092,-0.71513,2.6374,-0.2635,3.0515,0.00021033,0.937,4.4094,0.045037,5.7877,0.0078212,0.9774,3.2995e+16,3.2995e+16,3.2995e+16,3.2995e+16,NA,NA,0.37764,0.22697,0.37764,0.22345,0.6619,0.17835,NA,NA,184,112.02,17965,1751800,13.425,181.48,143720,3464,2248,0.90594,0.92795,0.18788,0.14925,0.073588,0.48855,4042.6,1657.7,0.035118,0.0042612,0.068516,0.028135,0.013092,0.022324,0.018322,0.033103,2.6193,3.0149,0.087363,0.10923,0.43622,0.436,0.12139,0.45446,0.40159,0.1292,0.45458,0.39725,10.423,3.488,53302,197220,196240,0.068804,0.08115,0.057678,0.14949,0.17864,0.0658,0.23216,0.2754,0.071574,0.3167,0.36576,0.076919,0.4002,0.44962,0.081695,0.0011107,0.0011482,0.0093283,-0.0069811,-0.015688,0.002532,0.0043816,0.0042461,0.017485,-0.0048898,-0.015299,-0.0040548,0.012695,0.012462,0.03,0.0028772,-0.0078064,-0.0039457,5.1702e-05,5.5598e-05,0.0010874,-0.006681,-0.013426,0.0019999,0.00089132,0.00095256,0.0085922,-0.0064601,-0.015087,0.0055242,0.0050003,0.0054587,0.027929,0.00089792,-0.0087374,0.013663,0.00028472,0.00028932,0.0043054,-0.0066671,-0.014326,0.00060789,0.00096786,0.0009236,0.0072169,-0.0077953,-0.017195,-0.0026961,0.0026273,0.0024498,0.011888,-0.0073378,-0.017455,-0.0065412,0.00077429,0.0008033,0.14368,0.012175,0.019226,0.0024242,0.002684,0.0025397,0.16017,0.020978,0.029367,-0.0051957,0.0054251,0.0048918,0.15923,0.028122,0.038903,-0.012647,0.83843,746,"1"
-0.00046026,0.13198,0.13185,-0.93165,0.13092,-1.0095,0.0836,1.0745,5.56,0.19187,3.0628,0.0010987,3.5693,9.6935,0.13522,18.963,0.025626,0.93225,4.128e+16,4.128e+16,4.128e+16,4.128e+16,NA,NA,0.69006,0.55062,0.69006,0.2333,0.67148,0.15221,NA,NA,265,46.143,7728,228970,15.657,251.26,61824,4888,4408,0.9101,0.93567,0.032882,0.025918,0.025013,0.086091,1747.4,932.62,0.021248,0.0027462,0.054041,0.028429,0.0067304,0.0030325,0.0077855,0.0027685,1.5597,4.798,3.2116,0.098881,0.44369,0.43556,0.10596,0.47025,0.38902,0.09744,0.4895,0.38063,7.1905,3.4845,88089,252510,251680,0.070843,0.077544,0.041079,0.14333,0.16123,0.043639,0.21387,0.25352,0.045606,0.29403,0.35448,0.049396,0.38174,0.45169,0.053903,0.00098873,0.00075928,0.0057438,-0.0061373,-0.016673,-0.01262,0.0030962,0.0024952,0.0085466,-0.0064823,-0.018408,-0.018004,0.0078621,0.0063532,0.012852,-0.0044701,-0.01574,-0.027166,4.9353e-05,5.5006e-05,0.00071797,-0.0055449,-0.013581,0.0031814,0.00067644,0.0006741,0.0045105,-0.0059863,-0.016391,-0.00019379,0.0029371,0.0026509,0.011348,-0.0037647,-0.014589,-0.0092513,0.00038563,0.00029994,0.0040334,-0.0051341,-0.014396,-0.0082549,0.0014122,0.0010845,0.007284,-0.0053193,-0.017138,-0.014744,0.0034401,0.0025902,0.010767,-0.0044968,-0.017617,-0.02254,0.00055375,0.00040434,0.071078,0.0065769,0.014659,-0.010562,0.0012306,0.00090037,0.050798,0.0061416,0.019884,-0.014331,0.0022487,0.0016729,0.045653,0.0069898,0.02519,-0.018367,0.84982,746,"0"
-0.00063852,0.10026,0.10015,-0.94853,0.09893,-1.0532,0.11031,-0.79675,3.3181,-0.17979,3.0687,1.6141e-05,2.3413,7.3751,0.10052,11.145,0.015061,0.94962,3.9558e+16,3.9558e+16,3.9558e+16,3.9558e+16,NA,NA,0.24127,0.26103,0.26103,0.4576,0.58652,0.20387,NA,NA,210,92.229,16601,1313400,14.314,206.57,132810,6784,2832,0.90714,0.9264,0.075645,0.059076,0.025611,0.2426,2259.1,990.49,0.015256,0.002351,0.034084,0.026133,0.0090876,0.0026442,0.011861,0.0056407,3.1557,3.1954,0.17695,0.10911,0.43576,0.41562,0.12587,0.45347,0.35613,0.12867,0.45012,0.34004,3.2661,3.325,28995,100770,99965,0.063231,0.059386,0.050763,0.13274,0.12388,0.055955,0.20084,0.18705,0.059298,0.28259,0.26432,0.06573,0.38027,0.36526,0.074342,0.0005407,0.00038226,0.0043489,-0.0087856,-0.017789,-0.017187,0.002154,0.0021028,0.0082323,-0.0097588,-0.019089,-0.0026426,0.0071858,0.0082951,0.016263,-0.006411,-0.012885,0.029996,3.0117e-05,4.8444e-05,0.0006066,-0.006654,-0.013828,0.023602,0.00075793,0.001154,0.0069972,-0.0067841,-0.01514,0.047712,0.0043728,0.0063834,0.023391,-0.00074103,-0.0071248,0.075269,0.00021403,0.00013982,0.0030994,-0.0068415,-0.014888,-0.011939,0.00052098,0.00034456,0.0037203,-0.0089743,-0.018422,-0.016236,0.0012937,0.00084825,0.005606,-0.010241,-0.019814,-0.027579,0.00029655,0.000194,0.052702,0.0029356,0.011432,-0.016738,0.0009861,0.00067398,0.056355,0.00502,0.01729,-0.021489,0.0017758,0.0012284,0.049916,0.0053878,0.022499,-0.025622,1.2951,746,"1"
-0.0089704,0.38028,0.37188,-0.79223,0.37188,-0.79185,-0.00047272,-0.56198,5.3309,0.0019489,2.9915,0.00234,3.8257,5.9668,0.40999,9.9064,0.013387,0.79421,5.3731e+16,5.3731e+16,5.3731e+16,5.3731e+16,NA,NA,0.32553,0.18741,0.32553,0.24259,0.25506,0.13449,NA,NA,243,45.514,7938,261450,15.186,234.48,63504,4912,4800,0.91056,0.93532,0.0094698,0.0073127,0.010566,0.048038,1266.8,779.33,0.015644,0.0033571,0.073288,0.044367,0.0078527,0.026148,0.013215,0.038563,0.0034712,0.051881,0.17268,0.10244,0.44592,0.43433,0.10993,0.48216,0.39178,0.10725,0.51759,0.36236,6.8373,3.4747,40300,99718,98896,0.087022,0.095888,0.04542,0.16185,0.17403,0.044357,0.22376,0.23173,0.042952,0.27736,0.27843,0.041942,0.32383,0.31775,0.041158,0.00085847,0.00068401,0.0044891,-0.0061761,-0.017014,-0.015409,0.0033319,0.0026832,0.0082787,-0.0057216,-0.018048,-0.023639,0.0080932,0.0063269,0.011908,-0.0039264,-0.014854,-0.038527,5.0209e-06,3.2582e-06,6.5747e-05,-0.005452,-0.014241,-0.007674,0.00021726,0.0001539,0.001304,-0.006962,-0.017902,-0.013769,0.0013605,0.00098116,0.0047315,-0.006834,-0.017204,-0.023911,0.00016154,0.00010657,0.0015208,-0.0056833,-0.015202,-0.010987,0.0005476,0.00036526,0.0025423,-0.0071398,-0.018514,-0.015536,0.0015435,0.0010568,0.0043485,-0.0077594,-0.019651,-0.026018,0.00069191,0.00057418,0.079943,0.0083169,0.018384,-0.01186,0.0026517,0.002219,0.098522,0.016235,0.029239,-0.017516,0.0054495,0.0044625,0.099586,0.022198,0.038973,-0.024927,0.79782,746,"0"
-0.00028962,0.063513,0.063204,-0.96784,0.063204,-0.96614,-0.0017541,-0.025068,2.3612,0.080094,3.1761,0.00058055,2.0815,8.6421,0.057867,12.203,0.016491,0.97094,3.1524e+16,3.1524e+16,3.1524e+16,3.1524e+16,NA,NA,0.5159,0.22793,0.5159,0.39966,0.66933,0.20023,NA,NA,175,114.8,18815,2020300,13.108,172.88,150520,2584,816,0.91113,0.93362,0.071024,0.050758,0.055786,0.25052,1456.7,914.25,0.015092,0.0023618,0.032659,0.030588,0.00058774,0.0025081,0.0022327,0.0010302,0.872,1.8143,1.2095,0.10976,0.43615,0.42788,0.13358,0.45864,0.36299,0.13944,0.45712,0.35744,3.8771,3.4231,18457,49721,47138,0.070764,0.069467,0.057783,0.14227,0.13886,0.060997,0.21147,0.20516,0.063504,0.28052,0.27152,0.066364,0.34893,0.33734,0.069383,0.0014372,0.0017186,0.011758,-0.0057566,-0.016674,0.025398,0.0050979,0.0057026,0.019817,-0.0032102,-0.015818,0.026938,0.01375,0.014978,0.031652,0.0046216,-0.0078235,0.031879,6.3073e-05,5.7815e-05,0.0012921,-0.0065286,-0.015692,-0.0045795,0.0009254,0.00090518,0.0086895,-0.0062533,-0.018373,-0.0028316,0.0044213,0.0045212,0.024055,-0.0006213,-0.013634,0.0049988,0.0005982,0.00093192,0.008811,-0.0051426,-0.014552,0.049639,0.0024444,0.0031724,0.017755,-0.0031896,-0.015446,0.047334,0.0065399,0.0078882,0.028825,0.0018249,-0.012183,0.050146,0.00077596,0.00072884,0.14026,0.012044,0.0225,-0.0056719,0.0020774,0.0019937,0.12075,0.015114,0.031597,-0.0053779,0.0038916,0.0038586,0.11126,0.018371,0.040385,-0.0014884,1.1427,746,"1"
-0.0037641,0.15411,0.15138,-0.92109,0.15072,-0.86014,-0.066175,-0.68423,2.7712,-0.25713,3.0875,0.00017,2.1859,5.5446,0.15502,8.48,0.011459,0.92229,3.6318e+16,3.6318e+16,3.6318e+16,3.6318e+16,NA,NA,0.21018,0.15421,0.21018,0.2349,0.28319,0.12916,NA,NA,309,41.534,6001,136650,14.477,224.64,48008,19728,3024,0.9114,0.93832,0.0097249,0.0069083,0.0084144,0.017059,1251,786.04,0.015526,0.0026387,0.039856,0.03371,0.0014358,0.029706,0.0011545,0.05565,1.107,0.3362,0.1797,0.1055,0.44343,0.43095,0.12003,0.48926,0.36197,0.12233,0.50678,0.3452,5.7862,3.4476,26978,59627,58330,0.076698,0.08648,0.046761,0.14127,0.15484,0.045222,0.20302,0.21671,0.04552,0.25874,0.27035,0.045703,0.31524,0.32128,0.046802,0.0016138,0.0015595,0.0098574,-0.0044312,-0.017551,-0.004059,0.005334,0.0050671,0.015481,-0.0023067,-0.01763,-0.010292,0.014243,0.013235,0.02448,0.0046976,-0.011147,-0.023096,3.841e-05,3.3693e-05,0.00058752,-0.0057412,-0.01584,-0.0058634,0.00069185,0.00061406,0.0048506,-0.0060946,-0.019066,-0.011749,0.0037577,0.0033359,0.015265,-0.0020227,-0.016118,-0.021098,0.00067456,0.00071196,0.0074185,-0.0041281,-0.01575,0.0045661,0.002381,0.0023741,0.012913,-0.0029132,-0.017807,-0.00039827,0.0063241,0.0061219,0.020812,0.001141,-0.01636,-0.0069005,0.00090083,0.00081383,0.12158,0.012411,0.02316,-0.0089319,0.0027269,0.0025327,0.11835,0.018169,0.033795,-0.0099754,0.0053864,0.0049867,0.11498,0.023691,0.044565,-0.013741,0.89147,746,"0"
-0.01049,0.41737,0.40812,-0.76898,0.40809,-0.76212,-0.0089196,-0.72806,4.783,-0.039064,3.0706,0.00091792,4.1678,6.1582,0.45681,9.7162,0.01313,0.77076,5.5847e+16,5.5847e+16,5.5847e+16,5.5847e+16,NA,NA,0.29666,0.24021,0.29666,0.20885,0.27728,0.12297,NA,NA,254,41.402,8416,278670,15.767,250.39,67328,2104,1992,0.91149,0.93732,0.039063,0.029565,0.025492,0.19846,1073.7,706.21,0.012997,0.002938,0.064525,0.040348,0.0062513,0.012701,0.0088768,0.018182,0.0033199,0.11557,0.39926,0.10305,0.4445,0.43458,0.1103,0.48004,0.39107,0.11183,0.51591,0.35686,7.0338,3.4766,23311,53068,52134,0.082167,0.092985,0.0404,0.154,0.17143,0.039758,0.2114,0.22704,0.038226,0.27118,0.27938,0.03863,0.32681,0.32569,0.03913,0.0010565,0.00079598,0.0052043,-0.0054622,-0.017354,-0.017631,0.0023809,0.0017519,0.0055728,-0.0072048,-0.019869,-0.026859,0.0053164,0.0038473,0.0073689,-0.0074295,-0.018224,-0.043424,8.2845e-06,6.4255e-06,0.0001022,-0.005275,-0.014647,-0.003728,0.00013555,9.9766e-05,0.00076643,-0.0069761,-0.018523,-0.0098472,0.001044,0.00074115,0.0034203,-0.0072654,-0.0183,-0.025507,0.00011917,8.9698e-05,0.001057,-0.0056636,-0.015774,-0.0082246,0.00065575,0.00047015,0.0028679,-0.0066718,-0.018995,-0.017422,0.002276,0.0016587,0.0060405,-0.0062174,-0.01991,-0.029633,0.00092904,0.00069986,0.10112,0.011537,0.020268,-0.016144,0.0017817,0.001321,0.062363,0.0095646,0.025166,-0.021941,0.0027524,0.002004,0.047382,0.008805,0.031228,-0.027874,0.81829,746,"0"
-0.00040729,0.045724,0.045335,-0.97704,0.044953,-0.88732,-0.091827,0.013505,2.0091,0.02642,3.1802,0.0012117,0.92234,4.3717,0.044396,5.898,0.0079702,0.97776,2.592e+16,2.592e+16,2.592e+16,2.592e+16,NA,NA,0.071143,0.063884,0.071143,0.12308,0.12351,0.069793,NA,NA,242,65.169,9110,386590,13.315,188.69,72880,25808,6552,0.91059,0.93678,0.087944,0.06226,0.071723,0.30785,1675,876.64,0.015482,0.0024319,0.030775,0.024645,0.0035507,0.022429,0.0045337,0.036901,2.1693,1.6952,0.33701,0.10582,0.42938,0.43954,0.12619,0.44288,0.38819,0.13102,0.44126,0.38023,3.8896,3.5163,29157,68967,66870,0.051643,0.048527,0.03544,0.10782,0.10195,0.038851,0.17169,0.16496,0.043331,0.24313,0.23796,0.048339,0.32316,0.3215,0.054005,0.0013384,0.0013086,0.0092021,-0.0055793,-0.017935,-0.0027291,0.005002,0.0050772,0.016341,-0.0031344,-0.01719,0.0034334,0.014744,0.015763,0.028523,0.0057634,-0.0078195,0.025938,8.5211e-05,8.6282e-05,0.0014671,-0.0058598,-0.015746,0.00063562,0.0010251,0.001207,0.0080897,-0.0053993,-0.017899,0.023464,0.00516,0.006261,0.023594,0.0011907,-0.011352,0.051845,0.00041059,0.00045656,0.0050826,-0.0054905,-0.016222,0.008212,0.001742,0.0019766,0.010633,-0.0048765,-0.018152,0.018101,0.0053275,0.005955,0.019734,-0.00090044,-0.015858,0.026355,0.00084263,0.0007658,0.12801,0.012174,0.022696,-0.0086132,0.0024021,0.0020821,0.11735,0.016561,0.031938,-0.019626,0.0048732,0.004187,0.11709,0.022297,0.042068,-0.027921,1.0026,746,"1"
-0.0039267,0.25751,0.26339,-0.85805,0.24263,-0.61716,-0.28075,0.75459,4.3216,0.15381,3.114,0.00022537,3.3197,6.4932,0.26068,8.8145,0.011912,0.86798,4.7908e+16,4.7908e+16,4.7908e+16,4.7908e+16,NA,NA,0.34503,0.27044,0.34503,0.34236,0.36656,0.20373,NA,NA,275,58.593,8647,295150,14.636,228.6,69176,16736,9704,0.91331,0.94039,0.10289,0.068287,0.093909,0.32861,1583,969.26,0.018438,0.0029198,0.026261,0.02803,0.0057842,0.014716,0.0090003,0.028556,2.9858,3.5866,0.7353,0.10847,0.42487,0.44181,0.13663,0.43513,0.38299,0.14341,0.43446,0.37411,5.5271,3.5345,7383,16051,11491,0.078223,0.08187,0.05626,0.15649,0.16097,0.059096,0.2306,0.23529,0.060995,0.29888,0.30341,0.062279,0.37149,0.37507,0.065064,0.0010891,0.0010185,0.0078474,-0.0065246,-0.020206,-0.011447,0.0042297,0.0041315,0.014482,-0.0048417,-0.020549,-0.0072459,0.011772,0.012057,0.023868,0.0011994,-0.013905,0.011965,3.7664e-05,3.6852e-05,0.00067962,-0.0062501,-0.017027,-0.0016105,0.0006285,0.00065843,0.0051981,-0.0068401,-0.02052,0.0076881,0.0034476,0.0037027,0.016522,-0.002957,-0.017043,0.022228,0.00035624,0.00035197,0.0046217,-0.005857,-0.017782,-0.0013332,0.0016308,0.001664,0.010433,-0.0053133,-0.020623,0.0038908,0.0045963,0.0048632,0.017844,-0.0025096,-0.019866,0.017811,0.00069516,0.00062972,0.11068,0.0098521,0.021086,-0.013985,0.002342,0.002158,0.11991,0.016444,0.033499,-0.017353,0.0044586,0.0041727,0.11227,0.020461,0.043903,-0.017722,0.95343,746,"1"
-0.013549,0.68861,0.67576,-0.56863,0.67281,-0.53109,-0.066005,-0.040964,2.7793,-0.018405,3.1798,8.0568e-05,3.6122,3.8962,0.85725,5.0023,0.0067599,0.56987,6.2239e+16,6.2239e+16,6.2239e+16,6.2239e+16,NA,NA,0.16956,0.12072,0.16956,0.13941,0.20944,0.099303,NA,NA,259,95.61,19314,1449000,15.79,252.39,154510,9400,8576,0.90837,0.93244,0.2649,0.18895,0.18786,0.65643,3968.9,2124.4,0.015985,0.0024882,0.066192,0.067458,0.0058655,0.0036775,0.0056331,0.01036,2.8109,0.99843,1.2833,0.10486,0.42036,0.45736,0.11447,0.4268,0.43942,0.11385,0.42386,0.44497,17.9,3.6589,18037,52982,49619,0.053776,0.053274,0.053959,0.11878,0.11804,0.062578,0.18894,0.18931,0.069721,0.26716,0.27029,0.077665,0.35046,0.35749,0.085632,0.0014525,0.001506,0.014601,-0.0063415,-0.017228,0.005584,0.0049097,0.0050977,0.023452,-0.0040406,-0.016548,0.0095534,0.01193,0.012316,0.033745,0.0017198,-0.010209,0.012,9.3737e-06,7.2524e-06,0.00023597,-0.0075905,-0.016203,-0.0084869,0.00025074,0.00020714,0.0028932,-0.009596,-0.020358,-0.014521,0.0015771,0.0013741,0.010543,-0.0089217,-0.019579,-0.020734,8.3497e-05,7.7612e-05,0.0015112,-0.0083383,-0.017683,-0.0042794,0.00070836,0.00065281,0.0063221,-0.0094301,-0.021155,-0.0085369,0.0025673,0.0025628,0.013905,-0.0082041,-0.020914,-0.00032692,0.0013596,0.0014211,0.30199,0.025687,0.034159,0.0067849,0.0042328,0.0044967,0.30234,0.038871,0.050507,0.014018,0.0084709,0.0089811,0.29759,0.051555,0.065848,0.017883,0.87185,746,"0"
-0.010143,0.36684,0.36522,-0.79643,0.34355,-0.60245,-0.24356,-0.11302,2.4585,-0.05949,3.1906,0.00053912,2.6812,4.2401,0.3988,5.4383,0.007349,0.79956,4.8001e+16,4.8001e+16,4.8001e+16,4.8001e+16,NA,NA,0.36014,0.17258,0.36014,0.12081,0.30462,0.076407,NA,NA,284,44.581,5340,140130,12.394,162.4,42720,26808,2888,0.91376,0.94017,0.055379,0.037403,0.035284,0.35184,2501.7,1297.5,0.017399,0.0023723,0.057748,0.053763,0.0057887,0.020086,0.016694,0.043702,2.2905,0.43089,1.1532,0.10048,0.43157,0.44627,0.10807,0.46189,0.39632,0.10802,0.46712,0.38902,11.73,3.5702,19512,38649,35880,0.062207,0.060407,0.036661,0.13198,0.12954,0.04084,0.20643,0.20181,0.044741,0.28568,0.27874,0.04878,0.37137,0.36313,0.053297,0.00041147,0.00042333,0.0024295,-0.0078808,-0.020984,0.0029334,0.0019653,0.002183,0.0055138,-0.0086928,-0.02338,0.020502,0.0059134,0.0064433,0.0098244,-0.0072936,-0.020675,0.026971,4.187e-05,7.6719e-05,0.00061909,-0.0056261,-0.016712,0.051858,0.00063639,0.00093918,0.0043129,-0.0061554,-0.020254,0.061666,0.0030024,0.0037618,0.01179,-0.0036521,-0.018174,0.058132,6.8887e-05,6.0225e-05,0.00073231,-0.0064047,-0.018239,-0.0057698,0.00023707,0.00021212,0.0012427,-0.0083959,-0.022751,-0.0061086,0.00055223,0.00048241,0.0017567,-0.010198,-0.025217,-0.011388,0.00030072,0.00028638,0.039231,0.0025734,0.017652,-0.0038829,0.0011021,0.0010405,0.046238,0.0051911,0.026033,-0.0072601,0.0025294,0.0023407,0.052192,0.0085012,0.034621,-0.013894,0.78385,746,"0"
-0.0031112,0.19163,0.19168,-0.89892,0.1868,-1.0425,0.15967,-0.65683,4.5843,-0.073864,3.1033,0.0004052,4.965,11.142,0.19804,16.569,0.022391,0.90066,4.7122e+16,4.7122e+16,4.7122e+16,4.7122e+16,NA,NA,0.2465,0.098262,0.2465,0.49866,0.52979,0.26692,NA,NA,178,116.43,17715,1765200,13.146,174.51,141720,6760,5792,0.90815,0.93,0.15451,0.11421,0.082343,0.43352,2442,1195,0.031938,0.0053588,0.022267,0.02227,0.0043797,0.004864,0.006186,0.0051001,2.9225,1.5333,1.4666,0.10792,0.43758,0.43085,0.12857,0.45453,0.37906,0.13025,0.46382,0.37019,4.6112,3.4468,24027,70307,68391,0.055543,0.049225,0.04672,0.11366,0.10001,0.050199,0.16757,0.14668,0.051838,0.22438,0.19827,0.054681,0.28704,0.25665,0.058794,0.0015352,0.0017263,0.012937,-0.0055004,-0.015788,0.014768,0.005714,0.0066174,0.02288,-0.0018496,-0.013091,0.034777,0.016121,0.018916,0.038227,0.008759,-0.0017703,0.060869,2.8609e-05,2.8012e-05,0.00060375,-0.0068232,-0.015089,-0.00086254,0.00064771,0.00062652,0.0062651,-0.0073432,-0.017895,-0.0034162,0.0034757,0.0032744,0.01948,-0.0031296,-0.014639,-0.010562,0.00062823,0.00083573,0.0095319,-0.0050819,-0.014102,0.028391,0.0029685,0.0040958,0.02221,-0.0016162,-0.012404,0.061917,0.0089466,0.012407,0.04062,0.0075141,-0.0036751,0.10167,0.00087833,0.00086252,0.16354,0.014199,0.023417,-0.0016181,0.0026288,0.0025219,0.15741,0.020499,0.034297,-0.0056655,0.0054154,0.0052853,0.15949,0.028112,0.045683,-0.0045506,0.98027,746,"0"
-0.026158,0.85193,0.82288,-0.41954,0.82089,-0.44019,0.049221,0.38925,2.9222,0.093867,3.177,0.00011474,4.0294,3.7395,1.1579,4.7864,0.0064681,0.41984,6.4696e+16,6.4696e+16,6.4696e+16,6.4696e+16,NA,NA,0.26126,0.14969,0.26126,0.1887,0.20019,0.10852,NA,NA,211,96.289,15820,1194600,14.194,204.44,126560,11640,5584,0.90767,0.92716,0.20254,0.15548,0.10163,0.52032,4636.9,1778.4,0.01659,0.0026985,0.10172,0.073743,0.0016703,0.018797,0.0048272,0.022388,2.4486,1.1817,0.86999,0.099738,0.41944,0.46035,0.10708,0.41934,0.44399,0.099661,0.41385,0.4608,18.636,3.6828,52320,168420,167360,0.055951,0.055336,0.04689,0.11941,0.12221,0.052545,0.18807,0.19697,0.057963,0.27168,0.28769,0.065963,0.37373,0.39548,0.07627,7.3033e-05,5.297e-05,0.00061318,-0.010623,-0.019418,-0.009322,0.00074911,0.00061821,0.0029885,-0.013184,-0.022619,-0.014381,0.0033218,0.002738,0.0078476,-0.013168,-0.021464,-0.025946,7.3973e-06,6.8542e-06,0.00015553,-0.0069295,-0.014543,-0.0025108,0.00026882,0.00024505,0.0025906,-0.0086819,-0.018196,-0.00546,0.0015292,0.0013505,0.0085388,-0.0082578,-0.017728,-0.012182,3.1481e-05,2.5337e-05,0.00047589,-0.0078415,-0.016163,-0.0048185,0.0003237,0.00026638,0.0024129,-0.0097832,-0.020014,-0.0092247,0.0013245,0.0010498,0.0059914,-0.010396,-0.021563,-0.018911,3.4154e-05,2.0779e-05,0.006336,-0.0020374,0.010236,-0.0077743,0.0001566,0.00010678,0.0093422,-0.0026088,0.014629,-0.0098866,0.0004746,0.00034177,0.013925,-0.0025539,0.019431,-0.014703,0.88853,746,"0"
-0.003064,0.091616,0.091173,-0.95326,0.087507,-1.1444,0.20053,-0.88754,3.4846,-0.22361,3.0572,8.3748e-05,1.6066,5.2581,0.093104,6.9532,0.0093962,0.95338,3.9958e+16,3.9958e+16,3.9958e+16,3.9958e+16,NA,NA,0.29874,0.23138,0.29874,0.53081,0.55535,0.18774,NA,NA,259,55.973,9947,383900,15.76,251.77,79576,5712,2472,0.90817,0.93251,0.21796,0.17475,0.087178,0.63621,4631.8,1601.4,0.028868,0.0030128,0.051832,0.032838,0.0072125,0.0037419,0.010385,0.0024546,2.4521,3.7847,1.0599,0.10493,0.43899,0.43753,0.11882,0.46333,0.3955,0.11921,0.46731,0.39391,13.688,3.5003,77608,244880,244110,0.041879,0.032262,0.026939,0.095898,0.079508,0.03239,0.16368,0.14463,0.038721,0.24733,0.22703,0.046095,0.34103,0.33167,0.05342,0.00058207,0.0003946,0.0037512,-0.0077176,-0.016736,-0.016296,0.0021823,0.0015423,0.0066826,-0.0086576,-0.018329,-0.025346,0.0066169,0.0048851,0.011999,-0.0065746,-0.01518,-0.039473,2.8499e-05,2.0024e-05,0.00045993,-0.005949,-0.013442,-0.0045677,0.00032431,0.00022983,0.0023989,-0.0074102,-0.016674,-0.012473,0.0019925,0.0015319,0.0085397,-0.0061459,-0.015356,-0.022338,0.00012583,8.6047e-05,0.0014601,-0.0064664,-0.014669,-0.0073991,0.00048022,0.00034732,0.0027477,-0.0081229,-0.017953,-0.011653,0.0017304,0.0013022,0.0060083,-0.0082476,-0.018622,-0.019659,0.00042774,0.00028853,0.060907,0.004821,0.014977,-0.015206,0.0015098,0.0010508,0.069137,0.008751,0.022811,-0.020726,0.0031844,0.0022477,0.071718,0.012432,0.030393,-0.027833,0.74014,746,"1"
-0.002365,0.14462,0.1463,-0.92385,0.13754,-0.69778,-0.24471,0.2821,3.0309,0.063599,3.162,2.3702e-07,4.043,10.449,0.14932,15.532,0.020989,0.92514,3.8563e+16,3.8563e+16,3.8563e+16,3.8563e+16,NA,NA,0.26879,0.17098,0.26879,0.26812,0.48581,0.16071,NA,NA,269,62.554,13054,634950,16.169,263.9,104430,4416,4120,0.9127,0.93934,0.034047,0.022808,0.017067,0.15514,1717.4,1007.7,0.018812,0.0030022,0.021477,0.023696,0.0024561,0.00089818,0.0011317,0.00028416,0.31027,1.9642,1.7448,0.11172,0.42831,0.43601,0.14072,0.44291,0.37623,0.14592,0.43899,0.37277,5.1749,3.4881,9381.8,21162,17045,0.076316,0.077653,0.05631,0.15302,0.15601,0.059285,0.2243,0.22877,0.060865,0.29789,0.30395,0.063681,0.3766,0.38295,0.067666,0.00087455,0.00071772,0.0064649,-0.0073153,-0.020513,-0.024013,0.0029868,0.0026142,0.010491,-0.0075647,-0.021734,-0.02961,0.0085052,0.0079026,0.017691,-0.0040237,-0.016531,-0.02732,6.1253e-05,5.4703e-05,0.0011339,-0.0062078,-0.016794,-0.0067135,0.00062346,0.0005888,0.0052899,-0.0069472,-0.020338,-0.0073471,0.0028799,0.0027786,0.014158,-0.0043989,-0.017923,-0.0086694,4.7061e-05,3.6286e-05,0.00062636,-0.0072778,-0.018271,-0.010765,0.00054069,0.00048004,0.0035486,-0.0085369,-0.021761,-0.014459,0.0025865,0.0024912,0.010301,-0.0069635,-0.021593,-0.0083864,0.00076624,0.00062674,0.12515,0.01126,0.020647,-0.02238,0.0019007,0.0016036,0.099835,0.012803,0.030118,-0.026802,0.0033389,0.0028693,0.086256,0.014233,0.039966,-0.030423,0.95785,746,"1"
-0.028134,0.80812,0.81394,-0.43008,0.72567,-0.28845,-0.32931,-0.23579,3.82,0.014262,3.1559,4.1082e-05,4.9495,4.6427,1.1335,6.2162,0.0084003,0.43113,6.327e+16,6.327e+16,6.327e+16,6.327e+16,NA,NA,0.26125,0.19059,0.26125,0.12461,0.3143,0.10383,NA,NA,332,40.934,6516,150060,15.04,241.82,52128,21560,3576,0.91169,0.93657,0.038055,0.027147,0.00071554,0.16694,1715.5,1029.7,0.016095,0.002156,0.059879,0.072182,0.013938,0.053861,0.022622,0.096165,0.95916,0.57803,0.16539,0.10966,0.41837,0.44465,0.13332,0.41973,0.40918,0.13692,0.40998,0.39841,8.1579,3.5572,28433,65345,63526,0.055256,0.053004,0.0357,0.11228,0.10823,0.038089,0.17028,0.16779,0.040458,0.23997,0.24401,0.044919,0.317,0.32473,0.049874,0.0012527,0.0010745,0.0081084,-0.0056737,-0.018351,-0.01698,0.0047758,0.0043485,0.014689,-0.0034918,-0.017837,-0.018689,0.012575,0.012205,0.022903,0.0023388,-0.010496,-0.009445,4.3752e-05,5.4392e-05,0.00070919,-0.0058868,-0.01571,0.011342,0.00071854,0.00085249,0.0053384,-0.0061941,-0.018503,0.019939,0.003707,0.0043628,0.015958,-0.0022004,-0.014181,0.034557,4.5771e-05,3.8821e-05,0.00053341,-0.0068057,-0.01714,-0.0060932,0.00063115,0.0005494,0.0036271,-0.0077333,-0.020366,-0.012353,0.0025953,0.0023411,0.0090509,-0.006488,-0.020333,-0.015107,0.0011632,0.00098126,0.16635,0.017191,0.024093,-0.017507,0.0034589,0.0029722,0.15908,0.02469,0.036822,-0.023336,0.0065386,0.0057217,0.14791,0.030653,0.0494,-0.02677,0.89558,746,"0"
-0.0068776,0.41862,0.41468,-0.7647,0.40654,-0.65757,-0.1401,1.0609,8.0413,0.018964,3.0291,0.0027882,5.9466,8.7059,0.46532,13.483,0.01822,0.76649,5.4978e+16,5.4978e+16,5.4978e+16,5.4978e+16,NA,NA,0.53893,0.41519,0.53893,0.11397,0.59878,0.11804,NA,NA,235,63.647,5963,203300,10.793,132.08,47704,23152,11168,0.91173,0.93527,0.129,0.094302,0.076919,0.46317,1940.8,1100.1,0.020527,0.0026333,0.055142,0.062027,0.018958,0.061784,0.024807,0.096196,0.68717,3.0396,2.6796,0.099257,0.43229,0.43783,0.099516,0.45193,0.3936,0.099799,0.45359,0.38037,7.1279,3.5026,27029,64900,63041,0.056527,0.050686,0.037069,0.11806,0.10788,0.040652,0.18429,0.17403,0.044445,0.26689,0.26387,0.050707,0.36785,0.38331,0.058743,0.001487,0.0014421,0.0097695,-0.0049917,-0.017017,-0.0036577,0.0056181,0.0056957,0.017539,-0.0018215,-0.016055,0.0028663,0.014305,0.014667,0.026445,0.0049684,-0.0090806,0.0079254,4.8167e-05,7.2577e-05,0.00079248,-0.0059096,-0.015259,0.023518,0.00082068,0.0010857,0.0061888,-0.0059197,-0.017696,0.03388,0.0039943,0.0047194,0.017453,-0.0015488,-0.013729,0.033221,0.00019505,0.0001631,0.0023073,-0.0062469,-0.016466,-0.0091819,0.0014343,0.001331,0.0083663,-0.0056038,-0.01889,-0.0084068,0.0047675,0.0046006,0.016876,-0.0020396,-0.01739,-0.0065899,0.0012438,0.0012064,0.18055,0.018686,0.027065,-0.0032505,0.0037169,0.0036418,0.17351,0.027003,0.03948,-0.0032046,0.0068556,0.0067906,0.15741,0.032616,0.050023,-0.0019089,0.88071,746,"0"
-0.024529,0.75997,0.77231,-0.47608,0.68428,-0.31535,-0.33762,0.42301,5.1561,0.025318,3.1373,2.6197e-05,7.6028,7.4551,1.0372,11.05,0.014933,0.47829,6.2054e+16,6.2054e+16,6.2054e+16,6.2054e+16,NA,NA,0.30069,0.14692,0.30069,0.2408,0.321,0.1296,NA,NA,321,30.312,3603,49185,13.619,211.42,28824,8208,6856,0.91313,0.93942,0.053602,0.037846,0.01535,0.21771,1492.4,845.82,0.02127,0.0022881,0.046518,0.033225,0.0011868,0.0027977,0.0013863,0.0037506,2.752,0.54393,1.6401,0.11281,0.42563,0.43415,0.15587,0.43482,0.35763,0.16032,0.43071,0.34699,7.2212,3.4732,28790,55613,54044,0.053482,0.052931,0.026995,0.11143,0.11222,0.029532,0.17826,0.18307,0.033089,0.25711,0.27201,0.037599,0.34647,0.3679,0.042586,0.002525,0.0026287,0.012768,-0.0015561,-0.015589,0.0066328,0.0085883,0.0087555,0.020636,0.0036425,-0.013231,0.0051901,0.021052,0.021533,0.029955,0.013265,-0.0041088,0.0091773,5.605e-05,6.6659e-05,0.00070979,-0.0051384,-0.015807,0.0097434,0.00094039,0.00098673,0.0054583,-0.004851,-0.0185,0.0059829,0.0049787,0.0051394,0.016744,0.000649,-0.013902,0.0071343,0.00029717,0.00027849,0.0027056,-0.0051013,-0.016928,-0.0039021,0.0015833,0.0015529,0.0071087,-0.0045489,-0.019434,-0.0023968,0.0050555,0.0051459,0.013774,-0.0012629,-0.0179,0.0036003,0.0021718,0.0022836,0.24266,0.030112,0.038652,0.0075851,0.0061636,0.0062917,0.22146,0.041261,0.053029,0.0044431,0.011386,0.011537,0.20121,0.050217,0.065735,0.0036735,0.82273,746,"0"
-0.040226,0.78035,0.78892,-0.45829,0.66623,-0.27756,-0.39436,-0.12194,2.716,-0.0070933,3.1931,0.00017645,4.9944,4.7966,1.0813,6.2987,0.0085118,0.45845,6.1005e+16,6.1005e+16,6.1005e+16,6.1005e+16,NA,NA,0.31109,0.28379,0.31109,0.16256,0.28297,0.10307,NA,NA,313,44.684,5507,120620,13.318,199.74,44056,15288,13744,0.91116,0.93675,0.137,0.096355,0.093751,0.45277,1727.3,936.62,0.015487,0.0021135,0.04632,0.050495,0.010785,0.039119,0.012798,0.071879,0.79451,1.1159,1.3546,0.10804,0.43223,0.43471,0.12924,0.45689,0.36922,0.13125,0.45268,0.36898,7.2512,3.4776,16443,36424,33951,0.068564,0.068119,0.045203,0.14167,0.14015,0.049043,0.2176,0.21534,0.052758,0.30426,0.3048,0.058117,0.40204,0.40997,0.064545,0.00076526,0.00083501,0.0050546,-0.0072461,-0.019739,0.010389,0.0036672,0.0040197,0.011509,-0.0057673,-0.020174,0.021118,0.011156,0.012155,0.020734,0.00021533,-0.013715,0.03186,5.8955e-05,6.342e-05,0.00097513,-0.0058724,-0.016032,0.0038802,0.00088677,0.00089508,0.0067229,-0.005727,-0.018922,0.0012699,0.0043675,0.0046687,0.019185,-0.00068242,-0.014592,0.016677,0.00014476,0.00012476,0.0017215,-0.0064706,-0.017628,-0.0077274,0.00092878,0.00084562,0.0054466,-0.0070006,-0.021074,-0.010228,0.0030354,0.0029016,0.010802,-0.0056416,-0.021213,-0.0081348,0.00056155,0.00064683,0.081952,0.0071541,0.019608,0.014005,0.0018517,0.002279,0.086901,0.011683,0.030129,0.032693,0.0037546,0.0045851,0.086665,0.015715,0.039453,0.041779,0.90619,746,"0"
-0.003711,0.071304,0.07936,-0.95944,0.054565,-1.4957,0.55896,-0.073974,3.0757,-0.048226,3.1519,2.1048e-05,1.1416,4.0169,0.080559,5.0308,0.0067984,0.95966,3.9077e+16,3.9077e+16,3.9077e+16,3.9077e+16,NA,NA,0.3574,0.20927,0.3574,0.32934,0.36197,0.17271,NA,NA,188,128.61,21801,2527900,13.565,185.33,174410,6872,2192,0.90389,0.92376,0.21914,0.17836,0.071658,0.53512,5024.8,2093,0.034527,0.0045247,0.035118,0.027727,0.007954,0.0070829,0.0090075,0.0092497,3.0612,4.4645,1.2811,0.11123,0.43936,0.4281,0.12113,0.46013,0.39064,0.13155,0.46236,0.3796,12.893,3.4248,81024,374790,373930,0.065422,0.065841,0.062553,0.13868,0.14565,0.069623,0.21824,0.23236,0.07674,0.29036,0.30722,0.080434,0.3649,0.38869,0.084961,0.00079856,0.00068732,0.0076496,-0.0086426,-0.015986,-0.0082762,0.0032633,0.0030165,0.014854,-0.0079652,-0.016586,-0.0081713,0.0098402,0.009328,0.026523,-0.0021505,-0.011243,-0.0093443,4.4356e-05,3.6271e-05,0.001064,-0.0071934,-0.012952,-0.004826,0.0006038,0.00053343,0.0066389,-0.0080107,-0.015547,-0.0068434,0.0031554,0.0028613,0.020102,-0.0042473,-0.012813,-0.010471,0.00024797,0.00021191,0.0042767,-0.0073164,-0.013871,-0.0046855,0.0011123,0.0010207,0.0094604,-0.0078627,-0.016098,-0.0053763,0.0038082,0.0035353,0.019654,-0.0048843,-0.014798,-0.008117,0.00050624,0.00043914,0.10715,0.0075193,0.014103,-0.0062339,0.001658,0.0015534,0.11285,0.012201,0.021332,-0.0045414,0.0034682,0.0034551,0.1161,0.017117,0.02963,-0.00036907,0.85944,746,"1"
-0.022766,0.47608,0.514,-0.69664,0.38294,-0.34488,-0.50495,-0.034359,2.5557,0.050985,3.182,0.00043336,3.5347,4.5584,0.59969,6.0137,0.0081266,0.69882,5.145e+16,5.145e+16,5.145e+16,5.145e+16,NA,NA,0.27237,0.11547,0.27237,0.13647,0.41655,0.10826,NA,NA,314,52.354,11492,426650,17.176,300.55,91936,11600,3456,0.91174,0.9384,0.1476,0.10058,0.10984,0.48688,2009.1,1206.3,0.01613,0.0026157,0.04808,0.048792,0.0011764,0.010718,0.0022497,0.021079,2.1841,0.40905,1.1007,0.10608,0.42971,0.44182,0.12022,0.44499,0.3992,0.12018,0.45019,0.39272,8.2351,3.5346,18470,42448,38815,0.066768,0.066171,0.049998,0.13941,0.13993,0.054813,0.21495,0.21696,0.059195,0.29219,0.29774,0.063392,0.37026,0.38225,0.067518,0.0013715,0.0013848,0.010289,-0.0057246,-0.01869,0.0014945,0.0042002,0.004144,0.014973,-0.0050062,-0.019958,-0.0033576,0.010411,0.010454,0.021978,-0.00097456,-0.01517,0.0016117,3.9052e-05,3.5874e-05,0.00073368,-0.006373,-0.016685,-0.0052015,0.00065167,0.0006872,0.0056117,-0.0069048,-0.020116,0.0072615,0.0033193,0.0035809,0.016561,-0.0033384,-0.016795,0.019394,0.00011661,0.00011289,0.0015751,-0.0070294,-0.018011,-0.0023078,0.00083537,0.00082226,0.0055643,-0.0077429,-0.021567,-0.0019699,0.002878,0.0028658,0.011633,-0.0063699,-0.021801,-0.00091884,0.0012158,0.001236,0.20154,0.019493,0.029165,0.0024636,0.0030975,0.0030485,0.16512,0.023442,0.03791,-0.0031946,0.0051456,0.0049918,0.13491,0.024908,0.045046,-0.0074644,0.89326,746,"0"
-0.024379,0.78349,0.78464,-0.46294,0.72041,-0.33049,-0.2861,0.14762,3.8314,-0.0083952,3.1676,2.5731e-05,4.445,4.2967,1.0674,5.7589,0.0077823,0.46417,6.5055e+16,6.5055e+16,6.5055e+16,6.5055e+16,NA,NA,0.31654,0.1825,0.31654,0.3176,0.34427,0.1335,NA,NA,270,45.052,5268,145620,11.918,150.72,42144,26752,6696,0.91181,0.93788,0.09404,0.067559,0.050906,0.38582,1510.7,960.84,0.018495,0.0030979,0.063774,0.05645,0.0011731,0.027662,0.0013444,0.049081,1.0633,1.4393,0.21396,0.10675,0.4258,0.43984,0.12775,0.42923,0.39252,0.12554,0.42565,0.39153,6.4791,3.5187,16224,34934,32422,0.069951,0.069344,0.039837,0.13985,0.1374,0.041819,0.20317,0.19733,0.042551,0.27154,0.26747,0.044804,0.35784,0.35983,0.049627,0.00089027,0.00080646,0.0050796,-0.006365,-0.019481,-0.0096072,0.0035422,0.003354,0.0096032,-0.005587,-0.020701,-0.0093366,0.0092283,0.009033,0.014816,-0.0025094,-0.016576,-0.0056394,8.3965e-05,0.00010065,0.0011997,-0.0053344,-0.015572,0.011781,0.0010543,0.0012442,0.0069049,-0.0048243,-0.018065,0.020999,0.0043147,0.0048427,0.016373,-0.00074758,-0.014382,0.023842,1.7084e-06,1.2794e-06,1.755e-05,-0.00655,-0.017458,-0.0064564,8.3131e-05,6.6136e-05,0.00042112,-0.0086412,-0.021701,-0.0096635,0.00066617,0.00056296,0.0020478,-0.009802,-0.023474,-0.01384,0.00080459,0.00070453,0.10143,0.01047,0.018754,-0.011636,0.0024419,0.0020729,0.098995,0.015363,0.027806,-0.020519,0.0044764,0.0038232,0.089257,0.018255,0.035661,-0.025066,0.84414,746,"0"
-0.0047954,0.20635,0.21136,-0.88789,0.18781,-1.1843,0.33382,-0.041322,3.9538,-0.00065875,3.1103,0.00038887,1.6073,3.5026,0.21002,4.3981,0.0059434,0.89411,4.9258e+16,4.9258e+16,4.9258e+16,4.9258e+16,NA,NA,0.18394,0.13655,0.18394,0.28371,0.31625,0.16461,NA,NA,218,86.697,14382,953590,14.467,212.08,115060,6688,5832,0.90671,0.92837,0.20353,0.16111,0.077596,0.57926,2696.3,1373.7,0.025816,0.0045938,0.029472,0.026067,0.014275,0.0098582,0.020381,0.012859,2.3451,0.45326,2.1517,0.11355,0.43782,0.42319,0.14189,0.44415,0.37654,0.13994,0.46732,0.3519,9.8586,3.3855,32665,114540,113540,0.05929,0.05707,0.046341,0.11709,0.11417,0.048052,0.17391,0.16868,0.049989,0.22918,0.21887,0.051896,0.28787,0.272,0.05479,0.0038035,0.0054646,0.029783,0.0023854,-0.0052276,0.065963,0.013234,0.019383,0.049238,0.014789,0.0080209,0.11425,0.033217,0.049662,0.073188,0.036673,0.034722,0.18723,0.00011649,0.00016951,0.0022843,-0.0060936,-0.013202,0.018852,0.001575,0.0029356,0.014156,-0.0038765,-0.010637,0.099284,0.0085755,0.01583,0.044659,0.0099655,0.0095213,0.18264,0.00042358,0.00051786,0.0059719,-0.0058099,-0.013439,0.012841,0.0023344,0.0029453,0.01623,-0.0034464,-0.013029,0.029347,0.0078168,0.010261,0.032978,0.0046768,-0.0056875,0.059075,0.0032634,0.0047772,0.56462,0.057862,0.072014,0.063879,0.0096222,0.013747,0.53536,0.082707,0.10122,0.085268,0.017819,0.024618,0.48762,0.10122,0.12202,0.097573,0.81291,746,"0"
-0.0015646,0.11172,0.11148,-0.94253,0.10816,-1.1051,0.17249,0.5883,3.6046,0.047176,3.139,7.8202e-05,0.96449,2.8634,0.11315,3.5744,0.0048302,0.9433,4.0159e+16,4.0159e+16,4.0159e+16,4.0159e+16,NA,NA,0.32913,0.21223,0.32913,0.16437,0.35795,0.1131,NA,NA,219,87.945,15794,1142200,14.567,214.39,126350,8600,2928,0.90837,0.93021,0.18261,0.1371,0.097565,0.50866,3801.1,1686.2,0.017936,0.0033095,0.04274,0.031838,0.0049575,0.02605,0.0068418,0.03665,0.61276,1.364,0.81754,0.098431,0.43411,0.45061,0.10351,0.45222,0.42617,0.097129,0.45543,0.43276,8.1462,3.6049,39248,114010,112780,0.061706,0.064183,0.049861,0.12818,0.13057,0.054382,0.20275,0.20367,0.06025,0.28449,0.27997,0.066601,0.3622,0.34913,0.071268,0.0016986,0.0014088,0.013751,-0.0048249,-0.016691,-0.018957,0.0053188,0.0048594,0.020459,-0.0026979,-0.016547,-0.015917,0.013648,0.013666,0.031089,0.0044256,-0.0089246,0.00037655,3.2158e-05,2.7788e-05,0.00065193,-0.0066643,-0.014962,-0.0053114,0.00070893,0.00070397,0.0065873,-0.0069784,-0.017768,-0.00069939,0.0040631,0.0044067,0.021875,-0.0015452,-0.012831,0.01505,0.00023498,0.00018969,0.0034249,-0.0067688,-0.016067,-0.0079174,0.00082601,0.0006949,0.0059369,-0.0080793,-0.019443,-0.011772,0.0023413,0.0020283,0.010212,-0.00786,-0.020058,-0.016108,0.0014315,0.0011913,0.25605,0.024332,0.026183,-0.017261,0.0039226,0.0035861,0.22563,0.031929,0.037766,-0.01291,0.007635,0.0075641,0.216,0.041035,0.051393,-0.0018764,0.83078,746,"1"
-0.002981,0.12738,0.13004,-0.93262,0.11923,-1.2016,0.2884,0.41346,3.2612,0.072559,3.1534,6.1686e-06,1.7258,4.7208,0.13329,6.2635,0.0084642,0.93323,4.4719e+16,4.4719e+16,4.4719e+16,4.4719e+16,NA,NA,0.22381,0.13725,0.22381,0.16071,0.3539,0.10774,NA,NA,193,116.42,9250,643830,9.5071,99.768,74000,45464,13936,0.90695,0.92599,0.23048,0.17903,0.11166,0.58734,4453.2,2067.6,0.022456,0.0037473,0.035914,0.032422,0.0040149,0.019581,0.007503,0.024857,1.5615,1.0851,0.32243,0.10175,0.43972,0.42923,0.10576,0.46938,0.3816,0.10445,0.46927,0.37591,12.988,3.4339,32137,113460,112130,0.072983,0.076295,0.065622,0.14963,0.15561,0.070641,0.21848,0.22474,0.072244,0.28325,0.28666,0.073786,0.35509,0.35775,0.077747,0.00090294,0.00074555,0.0081337,-0.007993,-0.016672,-0.014325,0.0040646,0.0036335,0.017397,-0.0058199,-0.016121,-0.017271,0.012439,0.012013,0.031529,0.0025287,-0.0078889,-0.0089639,6.1082e-05,4.9957e-05,0.0013779,-0.0068713,-0.014147,-0.0059403,0.00081051,0.00079296,0.0083803,-0.0069959,-0.01644,-0.0019313,0.0039062,0.0041115,0.023402,-0.0020614,-0.011878,0.0082545,0.00025695,0.00020469,0.0041674,-0.0070447,-0.015035,-0.0089596,0.0010757,0.00084645,0.0086028,-0.0077358,-0.017856,-0.01716,0.0030244,0.0024515,0.014678,-0.0066406,-0.018121,-0.023627,0.0005849,0.00049091,0.11642,0.0088509,0.019246,-0.010366,0.002259,0.0020617,0.14459,0.017636,0.031377,-0.010256,0.0059777,0.0058412,0.18818,0.032702,0.048405,-0.0040357,0.79896,746,"1"
-0.0061649,0.46399,0.46718,-0.72952,0.44426,-0.56792,-0.22151,1.8665,10.739,0.18933,2.9739,0.0018518,6.7703,9.2312,0.53646,14.727,0.019901,0.7309,5.6966e+16,5.6966e+16,5.6966e+16,5.6966e+16,NA,NA,0.4389,0.26779,0.4389,0.2544,0.50456,0.15052,NA,NA,286,47.444,9693,329110,16.662,280.34,77544,4176,2424,0.91272,0.94167,0.088108,0.057588,0.05349,0.42733,2929.7,1657,0.015969,0.002243,0.04133,0.056313,0.0035522,0.00054894,0.0056812,0.0031194,3.411,2.7471,0.2718,0.099161,0.41852,0.46254,0.098308,0.4187,0.45464,0.099425,0.41736,0.45384,10.088,3.7003,11330,22024,18516,0.064901,0.064906,0.040917,0.13127,0.13147,0.043454,0.20366,0.2062,0.04722,0.28547,0.28969,0.052143,0.37648,0.38351,0.057798,0.00096451,0.00092882,0.0060921,-0.006478,-0.020954,-0.0068804,0.0032172,0.003164,0.0096556,-0.0065255,-0.022363,-0.0050414,0.0078396,0.0077552,0.013933,-0.0046978,-0.018329,-0.0048448,5.2024e-05,5.1802e-05,0.00082288,-0.0057733,-0.017173,-0.00026333,0.0006836,0.00070919,0.004956,-0.0062251,-0.020627,0.0069815,0.0029563,0.003069,0.012418,-0.0038851,-0.017952,0.011505,0.0001505,0.00014659,0.0017116,-0.0063011,-0.018692,-0.0019138,0.00051034,0.00047825,0.0028619,-0.0079596,-0.022908,-0.0073641,0.0012077,0.0011066,0.0041096,-0.0092239,-0.02476,-0.014742,0.00076199,0.00073043,0.10634,0.01032,0.021271,-0.0070033,0.0021643,0.0021056,0.09713,0.01394,0.031781,-0.0064067,0.0039969,0.0038885,0.088225,0.016658,0.041483,-0.0082304,0.74999,746,"0"
-0.0039056,0.075111,0.082139,-0.95799,0.059125,-1.4651,0.52933,-0.17876,3.189,-0.020292,3.1272,2.6938e-05,1.1309,4.0365,0.078294,5.3158,0.0071835,0.9607,3.876e+16,3.876e+16,3.876e+16,3.876e+16,NA,NA,0.29569,0.18097,0.29569,0.2015,0.23742,0.10629,NA,NA,159,181.26,27572,4776200,12.488,156.97,220580,1216,1000,0.90201,0.92101,0.24237,0.19154,0.122,0.53408,4696.4,2264.2,0.029741,0.0041373,0.037624,0.026051,0.00028601,0.012046,0.00084464,0.015444,0.57471,2.1352,1.2253,0.098724,0.44688,0.43854,0.10269,0.46757,0.41301,0.10047,0.47922,0.40783,13.098,3.5083,44209,200730,199280,0.070349,0.076049,0.077854,0.14359,0.15317,0.08344,0.21089,0.21876,0.085832,0.27778,0.28525,0.089064,0.35298,0.36401,0.095125,0.00051582,0.00042167,0.0057191,-0.010466,-0.017684,-0.010457,0.002164,0.0017205,0.011401,-0.011488,-0.01998,-0.02123,0.0064988,0.0052605,0.020275,-0.008921,-0.017553,-0.032929,2.7352e-05,1.7419e-05,0.00075942,-0.0078684,-0.013877,-0.010112,0.00049795,0.00036634,0.0063371,-0.0090756,-0.017066,-0.017266,0.0024877,0.0019984,0.018344,-0.006613,-0.015376,-0.022481,0.00025891,0.00021883,0.0051686,-0.0078317,-0.014629,-0.0064734,0.00087728,0.00071685,0.0086358,-0.0093173,-0.017779,-0.011143,0.0020837,0.0016834,0.012447,-0.0099412,-0.019099,-0.018167,0.00022956,0.00018543,0.056236,0.0019786,0.011101,-0.0086346,0.0010869,0.00089045,0.085623,0.0070082,0.017981,-0.013227,0.0026504,0.0021827,0.1027,0.012611,0.024885,-0.018499,0.90122,746,"1"
-0.0015482,0.069423,0.069584,-0.96453,0.065838,-1.1883,0.23202,-0.64561,3.9534,-0.099615,3.0803,0.00034137,1.0659,4.0323,0.069694,5.1493,0.0069586,0.96509,3.6979e+16,3.6979e+16,3.6979e+16,3.6979e+16,NA,NA,0.29524,0.14932,0.29524,0.32285,0.33116,0.1504,NA,NA,215,68.53,10063,484720,13.88,198.6,80504,14576,3368,0.90855,0.93139,0.18543,0.15002,0.058208,0.54006,4245,1466.3,0.026118,0.0029546,0.053488,0.033733,0.0055739,0.022257,0.0077242,0.032589,1.1233,1.8313,0.26459,0.10597,0.43752,0.43784,0.12126,0.4664,0.3901,0.12405,0.46646,0.38891,13.713,3.5027,79622,265540,264740,0.062141,0.052636,0.040884,0.13355,0.11426,0.046136,0.21028,0.18552,0.050879,0.28815,0.27282,0.054925,0.37115,0.37799,0.059463,0.00041335,0.00026917,0.0027246,-0.0083294,-0.017168,-0.012993,0.0017834,0.0012917,0.0055856,-0.0095624,-0.01947,-0.022018,0.0065935,0.0050947,0.012229,-0.006686,-0.016828,-0.033262,1.4081e-05,1.0346e-05,0.00023242,-0.0060894,-0.013204,-0.0073465,0.00047001,0.00035503,0.003556,-0.007036,-0.016265,-0.014495,0.0030633,0.0024233,0.013428,-0.0037213,-0.014174,-0.022721,4.9594e-05,3.9074e-05,0.00058857,-0.0068533,-0.014488,-0.0029658,0.00030946,0.00025329,0.001811,-0.0086826,-0.017721,-0.006437,0.0013059,0.0010157,0.0046376,-0.009224,-0.01879,-0.014371,0.00034967,0.00021975,0.050926,0.0035523,0.01105,-0.012373,0.0010118,0.00068778,0.047387,0.0047459,0.016413,-0.017047,0.002265,0.0016786,0.052174,0.0075444,0.022082,-0.020024,0.75455,746,"1"
-0.037405,0.72402,0.75289,-0.49608,0.60275,-0.27455,-0.44656,0.41853,3.2101,0.12513,3.1599,3.4745e-06,3.8689,3.8592,1.0023,4.9747,0.0067226,0.49712,5.7091e+16,5.7091e+16,5.7091e+16,5.7091e+16,NA,NA,0.16865,0.11289,0.16865,0.12099,0.15994,0.083065,NA,NA,343,41.376,7443,166690,17.425,315.3,59544,5608,5440,0.91224,0.93943,0.085715,0.057827,0.071431,0.31177,2100.5,1040.3,0.017101,0.0021295,0.059701,0.073068,0.0079182,0.0041347,0.015184,0.0040935,2.1023,1.5405,0.056619,0.10764,0.42362,0.44814,0.13092,0.42811,0.41172,0.1323,0.42556,0.41265,8.3875,3.5851,14335,30160,26861,0.056221,0.055097,0.037585,0.11893,0.11671,0.041747,0.18447,0.18333,0.045352,0.25771,0.25933,0.049914,0.3442,0.34752,0.056034,0.0017488,0.001619,0.011713,-0.0042223,-0.018408,-0.013953,0.0055906,0.0053874,0.017792,-0.0018956,-0.018045,-0.011446,0.013743,0.013631,0.0259,0.0041612,-0.011074,-0.0038658,8.793e-05,9.7556e-05,0.0014748,-0.0057688,-0.016533,0.007596,0.001064,0.0011741,0.0081796,-0.0052042,-0.01906,0.018192,0.0048284,0.0053934,0.021507,0.00039571,-0.014048,0.036162,0.00025404,0.00022836,0.0030635,-0.0060648,-0.01792,-0.010473,0.0014504,0.0013083,0.0086245,-0.0056146,-0.020803,-0.016674,0.0038447,0.0034813,0.013874,-0.0039893,-0.020716,-0.023549,0.0014068,0.001293,0.20819,0.021662,0.029812,-0.013538,0.0034882,0.0032608,0.166,0.02537,0.04041,-0.015059,0.0060987,0.0056753,0.14275,0.028763,0.050457,-0.020489,0.85737,746,"0"
-0.0017309,0.55701,0.55754,-0.66461,0.55289,-0.60387,-0.091389,1.1226,7.6001,0.093112,3.0344,0.0030234,5.4286,6.6352,0.66759,10.048,0.013578,0.66537,6.3257e+16,6.3257e+16,6.3257e+16,6.3257e+16,NA,NA,0.4038,0.31113,0.4038,0.15477,0.30319,0.1057,NA,NA,252,72.837,16284,1051100,15.755,249.48,130270,3456,1176,0.90779,0.93233,0.27869,0.20735,0.17456,0.74178,4933,2276.4,0.015004,0.003018,0.063541,0.059381,0.0055697,0.0010659,0.0082433,0.0018616,0.25475,3.7042,3.5003,0.092442,0.44447,0.44508,0.083901,0.48758,0.40601,0.07519,0.48659,0.41898,25.426,3.5606,35765,97592,96156,0.056834,0.055478,0.044328,0.131,0.13397,0.053648,0.21987,0.23252,0.063066,0.32468,0.34721,0.073368,0.4353,0.46813,0.082677,0.00035355,0.0002604,0.0027626,-0.0092887,-0.01996,-0.017073,0.0013973,0.0010822,0.0051882,-0.011281,-0.02309,-0.024913,0.0036393,0.0028906,0.0080018,-0.012168,-0.022411,-0.034421,1.2747e-05,1.1814e-05,0.00024942,-0.00665,-0.015366,-0.0022526,0.00024174,0.00020905,0.0021681,-0.0084611,-0.019316,-0.0088083,0.0014111,0.0011914,0.0073331,-0.0082597,-0.01886,-0.018728,9.6722e-05,7.3538e-05,0.0013608,-0.0072659,-0.016693,-0.010048,0.00048791,0.00038029,0.003385,-0.0089414,-0.020665,-0.014838,0.0011371,0.00088568,0.0047874,-0.010443,-0.023056,-0.019887,0.00024408,0.00017505,0.042141,0.0019211,0.012272,-0.015652,0.00080494,0.00058702,0.044691,0.0033166,0.018448,-0.021131,0.0014055,0.0010414,0.038382,0.0030976,0.02373,-0.024466,0.7137,746,"0"
-0.0014131,0.099635,0.10135,-0.9479,0.095015,-1.1849,0.25007,-0.5788,3.4609,-0.099845,3.1451,4.8098e-05,1.156,3.588,0.10353,4.513,0.0060986,0.94815,4.1465e+16,4.1465e+16,4.1465e+16,4.1465e+16,NA,NA,0.44926,0.11769,0.44926,0.24215,0.47159,0.14133,NA,NA,262,60.966,6914,203710,13.634,203.93,55312,12328,9984,0.90963,0.93373,0.16904,0.1239,0.095525,0.51968,3572.5,1436.7,0.020203,0.0028347,0.029721,0.02518,0.0075967,0.015618,0.011792,0.022412,1.005,0.79384,0.58398,0.10321,0.44368,0.43192,0.11715,0.46902,0.38332,0.1156,0.4794,0.37639,10.841,3.4554,24553,61591,59575,0.077034,0.080585,0.05469,0.16404,0.17453,0.061151,0.24722,0.26497,0.064546,0.32284,0.34449,0.066404,0.39925,0.42387,0.069023,0.00041571,0.00038963,0.0029568,-0.0086526,-0.019601,-0.0042483,0.0018888,0.0016889,0.0063833,-0.0097204,-0.022215,-0.014135,0.0067237,0.0061688,0.013457,-0.0067462,-0.018623,-0.020037,3.6858e-05,2.9414e-05,0.00065651,-0.0062129,-0.015429,-0.0083662,0.00064037,0.00056314,0.005228,-0.0067558,-0.018843,-0.011944,0.0035372,0.0033931,0.016732,-0.0027204,-0.015537,-0.0076412,0.00021736,0.00020856,0.0027836,-0.0064098,-0.016254,-0.0021233,0.00084685,0.00076207,0.0053478,-0.0075022,-0.019534,-0.0084392,0.0023417,0.0020396,0.0089736,-0.0073553,-0.020425,-0.017384,0.00016149,0.00015165,0.025378,0.00037426,0.012632,-0.0028535,0.00058033,0.00054336,0.029329,0.0012356,0.018238,-0.0041824,0.0011743,0.0010665,0.029189,0.0016361,0.023828,-0.0083704,0.83393,746,"1"
-0.018718,0.64664,0.63984,-0.59942,0.61941,-0.49232,-0.17866,0.55517,4.1215,0.064713,3.1299,0.00019138,2.1858,2.4594,0.7878,2.9408,0.0039741,0.60314,5.9762e+16,5.9762e+16,5.9762e+16,5.9762e+16,NA,NA,0.25029,0.13664,0.25029,0.17222,0.33257,0.10857,NA,NA,375,26.096,945,11324,6.025,42.081,7560,6784,6424,0.91373,0.94064,0.012758,0.0086959,0.0065256,0.16544,1395.6,823.39,0.012645,0.0020216,0.026855,0.026553,0.0053886,0.015013,0.0091546,0.018637,1.5222,0.22349,0.88695,0.10752,0.42635,0.44664,0.1346,0.43647,0.40292,0.13796,0.43117,0.40426,6.9994,3.5731,10386,19637,17189,0.057825,0.057285,0.030382,0.12701,0.12602,0.03504,0.2014,0.19932,0.038914,0.2677,0.26396,0.04075,0.33333,0.3274,0.042647,0.0030902,0.003369,0.016266,-2.4908e-05,-0.015497,0.019978,0.009242,0.0099397,0.023116,0.0048935,-0.013805,0.025708,0.020703,0.022224,0.030664,0.013068,-0.0055376,0.036464,7.9355e-05,0.00010978,0.001046,-0.0051408,-0.016325,0.025052,0.0012677,0.0014136,0.0076591,-0.0040302,-0.018642,0.020468,0.0065187,0.0072305,0.02282,0.0038629,-0.012232,0.034262,0.00056875,0.00048169,0.0053902,-0.0042136,-0.01717,-0.016029,0.0021178,0.0018781,0.0098972,-0.0033419,-0.019741,-0.018854,0.0051441,0.0047854,0.014589,-0.0011251,-0.019029,-0.017345,0.0024421,0.0027775,0.28402,0.03482,0.041923,0.026723,0.00625,0.0070087,0.23376,0.042746,0.053679,0.032379,0.010287,0.011361,0.18923,0.045887,0.062374,0.033884,0.84543,746,"0"
-0.0012411,0.20425,0.20213,-0.89308,0.20202,-0.87209,-0.023512,0.89434,4.7399,0.10528,3.0963,0.00023528,3.0649,6.7379,0.20636,9.6862,0.01309,0.89631,4.7474e+16,4.7474e+16,4.7474e+16,4.7474e+16,NA,NA,0.37844,0.29744,0.37844,0.22235,0.29376,0.14325,NA,NA,230,62.626,11443,569490,14.97,226.04,91544,4168,3136,0.91219,0.93832,0.051896,0.036059,0.025016,0.23834,2146.4,1035.9,0.019552,0.0026962,0.025884,0.027192,0.0040399,0.013554,0.0077294,0.019218,1.8916,1.8363,0.11747,0.10938,0.42976,0.43748,0.13834,0.4467,0.3747,0.14343,0.44149,0.37412,5.6045,3.4998,16343,35644,33380,0.07629,0.085517,0.049153,0.16033,0.177,0.05424,0.25112,0.27304,0.059503,0.33832,0.36093,0.063152,0.42108,0.44308,0.066066,0.00050969,0.000424,0.00329,-0.0079461,-0.020293,-0.016437,0.0024547,0.0021796,0.0075289,-0.0081202,-0.022245,-0.019608,0.0077702,0.0071949,0.014113,-0.0048542,-0.018001,-0.022088,4.2896e-05,4.4126e-05,0.00069339,-0.005883,-0.01623,0.0015219,0.00068146,0.00069136,0.005049,-0.006301,-0.019456,0.0017255,0.0036281,0.0036484,0.015575,-0.0023794,-0.016086,0.0012423,0.00011364,9.3382e-05,0.0013207,-0.0065213,-0.017648,-0.0086149,0.00075994,0.0006592,0.0043552,-0.007374,-0.021014,-0.013657,0.002603,0.0022791,0.0090526,-0.0064634,-0.021453,-0.021545,0.00035315,0.00028649,0.050367,0.0035732,0.017342,-0.015481,0.0012275,0.0010261,0.056298,0.0064551,0.025134,-0.018482,0.0022684,0.00194,0.051171,0.0074828,0.032313,-0.020618,0.912,746,"1"
-0.002069,0.11932,0.12306,-0.93636,0.11096,-1.2299,0.31349,0.48648,3.3684,0.13095,3.123,0.00012826,1.3309,3.8537,0.11896,5.005,0.0067635,0.9402,4.3564e+16,4.3564e+16,4.3564e+16,4.3564e+16,NA,NA,0.20603,0.18012,0.20603,0.28704,0.37334,0.15501,NA,NA,185,119.91,14650,1186600,12.933,172.55,117200,13376,10320,0.90519,0.9268,0.25868,0.20066,0.13355,0.64247,4427.8,2053.6,0.023344,0.0034574,0.031697,0.029308,0.0056828,0.010722,0.006443,0.013892,3.2745,2.9932,0.37106,0.10435,0.44103,0.42792,0.11158,0.46546,0.38422,0.11352,0.46609,0.37645,13.202,3.4234,29184,101220,99924,0.056356,0.052492,0.050499,0.11975,0.11495,0.056341,0.18669,0.1836,0.06152,0.25879,0.2556,0.067185,0.34415,0.34301,0.075096,0.0004558,0.0003831,0.0040918,-0.0096036,-0.018003,-0.010564,0.0026823,0.0022864,0.011441,-0.0090769,-0.0192,-0.020587,0.0095185,0.0088682,0.024044,-0.0026499,-0.012982,-0.016208,4.2387e-05,4.2495e-05,0.0009529,-0.0069685,-0.014271,0.00010222,0.00085263,0.00086776,0.0087856,-0.0068282,-0.016482,0.0017615,0.0046821,0.0051662,0.027954,6.0336e-05,-0.010303,0.018467,6.0904e-05,4.7191e-05,0.00098441,-0.007975,-0.015773,-0.0082585,0.00063195,0.00047317,0.0050369,-0.0091408,-0.019125,-0.01809,0.0023202,0.0017905,0.011222,-0.0083396,-0.019871,-0.026089,0.00035251,0.00029342,0.069921,0.0042176,0.015436,-0.0090524,0.0012737,0.0010035,0.081243,0.0080893,0.02257,-0.018107,0.0028908,0.0021932,0.090692,0.012851,0.03049,-0.02912,0.80411,746,"1"
-0.039004,0.74477,0.72354,-0.52487,0.643,-0.69999,0.33364,-0.179,2.4698,-0.086502,3.1902,0.00034966,2.4949,2.5632,0.94483,3.1221,0.004219,0.52597,6.1882e+16,6.1882e+16,6.1882e+16,6.1882e+16,NA,NA,0.085309,0.083209,0.085309,0.2127,0.25079,0.11423,NA,NA,358,35.148,6217,118220,16.538,293.04,49736,12704,6480,0.91104,0.93659,0.014819,0.010602,0.027629,0.049323,1341.2,870.2,0.015447,0.0022947,0.043343,0.037175,0.0043384,0.028944,0.00657,0.058464,2.2574,2.6553,0.73718,0.11602,0.41675,0.44708,0.152,0.40376,0.41373,0.15487,0.40153,0.41456,5.8127,3.5766,21540,48324,46663,0.059386,0.059203,0.036537,0.11809,0.11582,0.038149,0.18218,0.17725,0.041221,0.24603,0.23774,0.043856,0.30958,0.29994,0.046382,0.0018153,0.0020881,0.01119,-0.0038475,-0.015832,0.020925,0.0058777,0.0067109,0.017215,-0.0012572,-0.01472,0.032189,0.014174,0.015707,0.024584,0.0046182,-0.0077924,0.036572,9.5626e-05,0.00010349,0.0014761,-0.0054923,-0.015471,0.0045322,0.0010552,0.0010995,0.0074654,-0.0050152,-0.017972,0.0050554,0.0044957,0.0048196,0.018429,-0.00037007,-0.013735,0.01514,4.8185e-05,3.5676e-05,0.00053476,-0.0066287,-0.016924,-0.0058865,0.00021479,0.0001643,0.0011754,-0.0086409,-0.020856,-0.011305,0.00073943,0.00060918,0.0024556,-0.010049,-0.022751,-0.014141,0.0016715,0.0019489,0.22765,0.025103,0.036166,0.021765,0.004619,0.0054551,0.2023,0.033327,0.050242,0.034853,0.0089966,0.010319,0.1938,0.042899,0.065015,0.037588,0.96696,746,"0"
-0.00066587,0.16093,0.16139,-0.91564,0.15885,-1.0306,0.12559,-0.52265,4.7967,-0.027866,3.0984,0.00088812,2.6146,6.3697,0.16803,8.6111,0.011637,0.91585,4.6832e+16,4.6832e+16,4.6832e+16,4.6832e+16,NA,NA,0.21367,0.28809,0.28809,0.24022,0.44902,0.15826,NA,NA,241,71.846,7986,380410,11.275,133.7,63888,42064,8384,0.91017,0.9344,0.20268,0.14708,0.13124,0.58122,3653.8,1656,0.0225,0.0031158,0.030207,0.029502,0.0062927,0.020288,0.010679,0.026287,2.0613,3.5237,1.0303,0.10343,0.42923,0.44717,0.11464,0.43917,0.41732,0.11515,0.44101,0.4178,10.689,3.5774,20620,51107,49051,0.070513,0.073566,0.052277,0.14304,0.14845,0.055683,0.21457,0.22309,0.058503,0.28954,0.29757,0.062191,0.37114,0.37922,0.067004,0.00068226,0.00055328,0.0050675,-0.0079674,-0.019491,-0.014728,0.0019533,0.0015693,0.0068939,-0.0098,-0.022569,-0.025708,0.0055541,0.0045948,0.011608,-0.0087778,-0.020439,-0.039032,1.0299e-05,8.7039e-06,0.00019157,-0.0064925,-0.01569,-0.0053635,0.00029528,0.00025229,0.0025174,-0.008065,-0.019379,-0.011321,0.0021432,0.001904,0.010587,-0.0062346,-0.017411,-0.018006,7.2418e-06,5.4802e-06,9.6846e-05,-0.0074699,-0.017104,-0.0080233,0.00014666,0.00011655,0.00096717,-0.0097022,-0.021382,-0.012178,0.0010635,0.00086921,0.0042558,-0.010339,-0.023087,-0.021015,0.00066472,0.00053909,0.10909,0.0094567,0.017647,-0.014386,0.0015808,0.001256,0.083431,0.010032,0.022692,-0.022645,0.0026722,0.002089,0.069363,0.010388,0.027976,-0.030029,0.78824,746,"1"
-0.037351,0.81068,0.7497,-0.49929,0.73995,-0.55624,0.11406,-0.077215,2.8864,-0.0068973,3.1897,6.0254e-05,3.4172,3.4151,0.99859,4.2986,0.0058089,0.49966,6.3948e+16,6.3948e+16,6.3948e+16,6.3948e+16,NA,NA,0.17909,0.15449,0.17909,0.1502,0.19026,0.089236,NA,NA,329,41.96,7605,189140,16.204,278.86,60840,12224,10456,0.91267,0.93719,0.017622,0.012325,0.0071671,0.12056,1327.7,826.73,0.014499,0.0021235,0.038256,0.030005,0.016064,0.00043047,0.024417,0.0019321,1.9606,2.4127,0.6152,0.11447,0.42425,0.44036,0.15334,0.42633,0.3907,0.15669,0.4256,0.3885,5.7247,3.5229,12352,27805,25636,0.067516,0.073336,0.045042,0.13932,0.14798,0.048801,0.21255,0.22208,0.052147,0.2889,0.29853,0.055839,0.36415,0.37422,0.059158,0.0011801,0.0013463,0.0078876,-0.0059942,-0.018974,0.019616,0.0047354,0.0052866,0.015039,-0.0036316,-0.018388,0.027741,0.012912,0.013696,0.024284,0.0028915,-0.011385,0.022594,7.8547e-05,8.3159e-05,0.0013147,-0.0058094,-0.015964,0.003999,0.0010763,0.0011135,0.0082572,-0.0051595,-0.018607,0.0048565,0.0048163,0.0050091,0.021409,0.00036692,-0.014386,0.0097687,6.9862e-05,5.6088e-05,0.0008407,-0.0068184,-0.01779,-0.0097335,0.00058666,0.00051883,0.0034813,-0.0079827,-0.021563,-0.010936,0.0023422,0.0022161,0.0084341,-0.0071235,-0.021787,-0.0089418,0.0010317,0.001207,0.15236,0.015229,0.024237,0.02119,0.0030737,0.0036552,0.14597,0.021902,0.037874,0.033609,0.0058352,0.0065388,0.1363,0.02728,0.049172,0.028016,0.98508,746,"0"
-0.054652,0.89285,0.92441,-0.27266,0.71769,-0.4016,0.47289,0.046995,2.1621,0.046707,3.2121,0.00081053,3.4714,2.8767,1.4522,3.4403,0.0046491,0.27273,6.3483e+16,6.3483e+16,6.3483e+16,6.3483e+16,NA,NA,0.09314,0.084565,0.09314,0.14724,0.19537,0.093002,NA,NA,291,59.278,14836,755440,16.939,288.29,118690,2328,2072,0.91056,0.92965,0.078568,0.059205,0.023891,0.2695,1764.7,874.55,0.01238,0.0020523,0.042332,0.03948,0.0041545,0.0083131,0.0016143,0.0089656,1.4407,3.0697,1.7793,0.12181,0.4185,0.44246,0.15126,0.41981,0.41115,0.16598,0.41133,0.40669,5.8731,3.5397,18261,53728,51063,0.052055,0.052118,0.039895,0.11128,0.11167,0.044781,0.179,0.17823,0.050451,0.25041,0.24661,0.055601,0.32477,0.31634,0.060612,0.0015103,0.0019913,0.011596,-0.0053275,-0.014598,0.038406,0.0055436,0.0065304,0.020225,-0.0021351,-0.012861,0.034767,0.013213,0.014695,0.028547,0.0035954,-0.0062264,0.031634,6.7188e-05,4.8743e-05,0.0012919,-0.0062973,-0.014578,-0.0096397,0.00071702,0.00060644,0.0063191,-0.0067641,-0.017349,-0.013693,0.0034374,0.0032615,0.017553,-0.0030806,-0.013863,-0.0082759,2.8604e-05,2.0864e-05,0.00039543,-0.0075021,-0.01628,-0.0061962,0.00026551,0.00020076,0.00181,-0.0095178,-0.020296,-0.012146,0.00087672,0.00066495,0.0036268,-0.010934,-0.022196,-0.017966,0.0014145,0.0019217,0.23996,0.023369,0.037206,0.041179,0.004562,0.0057239,0.24889,0.036775,0.053192,0.043478,0.0089275,0.010789,0.23955,0.047588,0.067395,0.046152,1.1146,746,"0"
-0.0049104,0.88086,0.87698,-0.34907,0.87311,-0.37223,0.066362,-0.14335,3.1264,0.00034985,3.1725,5.461e-06,4.6201,4.0536,1.2956,5.3263,0.0071977,0.34987,7.209e+16,7.209e+16,7.209e+16,7.209e+16,NA,NA,0.20665,0.15041,0.20665,0.19487,0.22064,0.11296,NA,NA,244,90.119,14537,920670,14.257,212.59,116300,29064,6464,0.91002,0.9343,0.20166,0.14334,0.13622,0.55735,3151.7,1771.3,0.013706,0.0022016,0.072513,0.054292,0.018115,0.0069901,0.025882,0.0050473,0.46221,0.40096,0.13718,0.10444,0.42084,0.45692,0.11425,0.42487,0.44184,0.11496,0.42382,0.44206,12.407,3.6554,14029,39150,35946,0.057192,0.058391,0.052208,0.12393,0.1266,0.059403,0.19453,0.19948,0.065308,0.27069,0.27873,0.071592,0.35389,0.36534,0.078668,0.0016821,0.0017656,0.015384,-0.0051979,-0.017221,0.0074728,0.0049731,0.0051969,0.021611,-0.0036971,-0.017363,0.010271,0.010328,0.010491,0.026577,-0.0012283,-0.013591,0.0050145,2.3819e-05,2.3889e-05,0.00054551,-0.0071444,-0.016031,8.1119e-05,0.00035584,0.00036806,0.0037354,-0.0087473,-0.019702,0.0029436,0.0018996,0.001875,0.011554,-0.0076084,-0.018247,-0.0020774,0.00023633,0.00021709,0.0038915,-0.0072,-0.017084,-0.0054059,0.00092441,0.00084993,0.0075061,-0.008284,-0.020332,-0.0083206,0.0023533,0.0021653,0.011595,-0.0083393,-0.021104,-0.012588,0.001422,0.0015247,0.28734,0.025714,0.031133,0.010317,0.004068,0.0043595,0.26435,0.035413,0.043753,0.01444,0.0069353,0.0072816,0.22166,0.039157,0.052114,0.012365,0.88394,746,"0"
-0.011941,0.94763,0.92911,-0.2639,0.92858,-0.25759,-0.023928,-0.50419,3.5421,-0.13625,3.1159,7.9312e-05,3.9034,3.2158,1.4694,4.1403,0.005595,0.26401,7.0976e+16,7.0976e+16,7.0976e+16,7.0976e+16,NA,NA,0.1156,0.13283,0.13283,0.12614,0.18172,0.081239,NA,NA,257,68.195,14173,781850,15.856,253.26,113380,3912,3136,0.90968,0.93234,0.16746,0.12445,0.081363,0.51916,3327.4,1654.7,0.015441,0.0022797,0.070869,0.054892,0.011501,0.037015,0.019273,0.055154,0.18628,0.26302,0.6515,0.10293,0.42224,0.45676,0.11187,0.42473,0.44354,0.1089,0.42561,0.44681,14.521,3.6541,29190,81369,79473,0.055913,0.054801,0.042088,0.12262,0.12207,0.048464,0.19454,0.1948,0.053854,0.27043,0.27189,0.058976,0.35311,0.3582,0.064726,0.0016951,0.0015909,0.012783,-0.0046646,-0.016425,-0.0076806,0.0052672,0.0048573,0.018874,-0.0027129,-0.016492,-0.015435,0.011147,0.0099625,0.023653,0.00021464,-0.012794,-0.029002,7.7438e-06,6.1917e-06,0.00014624,-0.0065567,-0.015227,-0.0080281,0.00032742,0.0002725,0.0028341,-0.008019,-0.019037,-0.013828,0.0018608,0.0016247,0.0093328,-0.0069879,-0.018169,-0.016188,7.5839e-05,6.3795e-05,0.0010297,-0.0072262,-0.016561,-0.0071526,0.00066395,0.00052537,0.0044454,-0.0082651,-0.019923,-0.01737,0.0020627,0.0016041,0.0083808,-0.008199,-0.021039,-0.027592,0.0016115,0.0015209,0.26852,0.026735,0.03059,-0.0068205,0.004428,0.0041762,0.23727,0.035258,0.042847,-0.0099506,0.0077154,0.0071017,0.20334,0.040043,0.052646,-0.017348,0.79509,746,"0"
-0.0022737,0.10001,0.10336,-0.94684,0.091703,-1.2648,0.33587,0.047023,2.984,0.046328,3.1794,7.8529e-06,1.3518,4.1542,0.10561,5.3703,0.0072571,0.94711,4.2275e+16,4.2275e+16,4.2275e+16,4.2275e+16,NA,NA,0.28355,0.2641,0.28355,0.30566,0.53308,0.14915,NA,NA,202,89.213,8828,494190,10.817,126.73,70624,36056,10704,0.90861,0.92956,0.21965,0.17337,0.090764,0.60041,5160.1,1801.8,0.025267,0.0034788,0.035956,0.030926,0.0047179,0.019747,0.0041476,0.028078,3.5061,4.7777,1.0281,0.10553,0.43651,0.43688,0.1206,0.4463,0.40055,0.11652,0.45682,0.39983,11.989,3.495,42860,142810,141710,0.072932,0.077085,0.054443,0.15008,0.15389,0.058826,0.21959,0.22259,0.060284,0.29162,0.29804,0.06307,0.3805,0.40723,0.069167,0.00056526,0.00039938,0.0042274,-0.0083828,-0.017649,-0.017098,0.0024897,0.0018175,0.0088472,-0.00868,-0.019333,-0.02969,0.0078246,0.00595,0.016466,-0.0051458,-0.015993,-0.044879,8.4258e-05,6.0706e-05,0.001578,-0.006123,-0.013686,-0.010056,0.00090528,0.00070163,0.0077711,-0.00604,-0.016144,-0.017653,0.0041288,0.0032616,0.020536,-0.0013206,-0.012996,-0.030309,0.00016121,0.00010626,0.0021707,-0.0068225,-0.014991,-0.01049,0.00055845,0.00035827,0.0037081,-0.0085371,-0.018449,-0.017383,0.0015774,0.0010628,0.006356,-0.009238,-0.019849,-0.027136,0.00031979,0.00023241,0.052844,0.0032485,0.012143,-0.011932,0.0011387,0.00082501,0.06051,0.0061783,0.018862,-0.019149,0.002492,0.0018705,0.065131,0.0093728,0.025388,-0.024323,0.75857,746,"1"
-0.023101,1.0098,0.9888,0.099374,0.95622,0.11741,0.18151,-0.040386,2.5592,-0.052474,3.188,0.00029862,4.7123,3.1776,2.1933,3.8142,0.0051543,-0.099501,7.1662e+16,7.1662e+16,7.1662e+16,7.1662e+16,NA,NA,0.090466,0.11083,0.11083,0.12237,0.15221,0.082322,NA,NA,331,38.444,3182,57327,9.9563,112.72,25456,15960,14736,0.91004,0.93487,0.056853,0.041491,0.0070978,0.24629,1845.7,899.56,0.016478,0.0024461,0.044365,0.042705,0.0046067,0.045032,0.0079086,0.084426,0.86808,0.2389,0.54192,0.10925,0.42709,0.44223,0.13448,0.43092,0.40122,0.13272,0.43416,0.40034,7.9849,3.5378,16900,39092,37475,0.054237,0.054565,0.034078,0.1108,0.11298,0.036552,0.17428,0.1744,0.04027,0.24962,0.24978,0.045439,0.33751,0.33916,0.051639,0.0015204,0.0013867,0.0095704,-0.0047829,-0.016985,-0.010932,0.0054212,0.0050185,0.016215,-0.0021704,-0.016304,-0.015088,0.013629,0.012868,0.02414,0.0038632,-0.0098214,-0.017451,1.7697e-05,1.5101e-05,0.00027896,-0.0059307,-0.015297,-0.0064714,0.00061247,0.00057258,0.0044252,-0.0064338,-0.018234,-0.0071628,0.0039008,0.0038591,0.01633,-0.0017283,-0.014285,-0.0020822,0.0001273,0.00010765,0.0014428,-0.0063836,-0.016459,-0.0078062,0.00081188,0.00075274,0.0045374,-0.0071427,-0.019716,-0.0060189,0.0023058,0.0021067,0.00782,-0.0069837,-0.020529,-0.011111,0.0013754,0.0012639,0.19129,0.020465,0.027336,-0.0095199,0.004189,0.0038266,0.18736,0.030222,0.041064,-0.014713,0.0078603,0.0072214,0.17291,0.037286,0.053021,-0.017926,0.87731,746,"0"
-0.0016525,0.15741,0.1563,-0.91841,0.15423,-0.81266,-0.11515,0.58376,3.1481,0.066651,3.1178,1.3884e-07,4.7758,11.936,0.15967,18.646,0.025197,0.91993,4.195e+16,4.195e+16,4.195e+16,4.195e+16,NA,NA,0.32712,0.32937,0.32937,0.34146,0.63774,0.19999,NA,NA,203,85.956,14637,1056600,14.055,199.33,117100,4856,4568,0.91283,0.93708,0.059515,0.041368,0.051056,0.22578,1458.2,894.93,0.016668,0.0024958,0.024922,0.025315,0.0084791,0.0070449,0.01486,0.010938,0.21621,1.3191,1.5427,0.11076,0.43219,0.43124,0.13885,0.44898,0.36819,0.14235,0.44609,0.36383,3.5536,3.4499,28516,68435,66191,0.067708,0.067664,0.049816,0.14148,0.14259,0.054655,0.21137,0.21445,0.057191,0.2791,0.28215,0.059493,0.34561,0.34904,0.061921,0.0015024,0.0014901,0.011074,-0.0052437,-0.018256,-0.0011361,0.004722,0.0048022,0.016539,-0.0038466,-0.018453,0.0039317,0.012384,0.012903,0.025686,0.0021936,-0.011837,0.015469,7.6649e-05,7.3209e-05,0.0014148,-0.0061178,-0.016109,-0.0023155,0.00087786,0.00088395,0.0074273,-0.006087,-0.018902,0.00091501,0.0044706,0.0046726,0.021916,-0.00046745,-0.014229,0.011097,0.00063778,0.00070767,0.0084642,-0.0047037,-0.01605,0.010747,0.0021731,0.0023543,0.014221,-0.0038077,-0.018176,0.012954,0.0053491,0.0058663,0.021243,-0.00088546,-0.0168,0.022998,0.00078795,0.00070924,0.12833,0.011633,0.021468,-0.010019,0.0021765,0.0020737,0.11399,0.015193,0.031266,-0.0071188,0.0038869,0.0037466,0.10013,0.017389,0.039449,-0.0067952,1.0673,746,"1"
-0.0028309,0.11626,0.12011,-0.93794,0.10525,-1.2678,0.35168,-0.088209,2.8401,-0.033433,3.1634,4.1852e-05,1.3945,3.959,0.12374,5.0805,0.0068655,0.93804,4.3172e+16,4.3172e+16,4.3172e+16,4.3172e+16,NA,NA,0.20656,0.14578,0.20656,0.28135,0.45769,0.14786,NA,NA,212,76.524,9714,459250,13.678,194.15,77712,12072,6384,0.90853,0.93217,0.16136,0.1245,0.062985,0.50112,4069.7,1632.8,0.020142,0.0037045,0.042688,0.02871,0.0071403,0.011113,0.007512,0.019212,0.82761,0.76661,0.49596,0.098399,0.43249,0.45154,0.10279,0.45357,0.42424,0.094443,0.44945,0.44113,6.869,3.6123,49373,143530,142410,0.071837,0.064845,0.04955,0.14405,0.12677,0.052168,0.21203,0.18402,0.053785,0.27835,0.2383,0.055625,0.34248,0.28997,0.057525,0.00028594,0.00021569,0.001976,-0.0089377,-0.018104,-0.010547,0.0018613,0.0016125,0.0061118,-0.009635,-0.01946,-0.015244,0.0078432,0.0077667,0.015251,-0.0049131,-0.013616,-0.0020019,7.9408e-05,6.7192e-05,0.0013741,-0.0059051,-0.014121,-0.0051469,0.00092809,0.00090069,0.0073614,-0.0057274,-0.016454,-0.0025288,0.0044249,0.0047909,0.020336,-0.00056118,-0.011325,0.012966,9.7376e-05,6.7656e-05,0.0012115,-0.0068208,-0.015467,-0.0083487,0.00056885,0.00043293,0.0034901,-0.0081699,-0.018676,-0.014552,0.002085,0.001683,0.0077626,-0.0077934,-0.019281,-0.019841,0.00010916,8.0847e-05,0.016667,-0.00054059,0.013107,-0.0055552,0.00038173,0.00028921,0.018743,-0.00045983,0.019734,-0.011675,0.0014162,0.0013443,0.034202,0.0029689,0.028319,-0.004316,0.77251,746,"1"
-0.0015718,0.11681,0.11828,-0.93891,0.11179,-1.1589,0.23427,-0.3894,3.226,-0.10212,3.1606,2.0621e-05,2.1286,6.1632,0.11897,8.3857,0.011332,0.94035,4.4196e+16,4.4196e+16,4.4196e+16,4.4196e+16,NA,NA,0.29678,0.23483,0.29678,0.2733,0.35894,0.14061,NA,NA,238,52.189,7064,217910,14.331,214.57,56512,7768,6784,0.91211,0.93596,0.10477,0.077159,0.044852,0.38136,2924.7,1165.4,0.021585,0.0028657,0.033167,0.027015,0.00092086,0.010718,0.0018617,0.021963,1.2151,2.2945,0.87275,0.10739,0.43081,0.44096,0.13327,0.44034,0.39328,0.132,0.43908,0.39908,9.3163,3.5277,32556,72703,71045,0.062171,0.055636,0.035637,0.1335,0.12396,0.040179,0.21549,0.21219,0.045426,0.30813,0.31794,0.051173,0.39861,0.42165,0.05564,0.0019417,0.0017764,0.011151,-0.0033465,-0.016364,-0.0099578,0.005509,0.0050401,0.015033,-0.0019061,-0.016988,-0.01519,0.012992,0.011773,0.020993,0.0027878,-0.012018,-0.025652,3.6781e-05,3.393e-05,0.00052895,-0.0055711,-0.015169,-0.003017,0.00069916,0.00064184,0.0046087,-0.0058846,-0.018299,-0.0079084,0.0039908,0.0036336,0.015242,-0.0014536,-0.01535,-0.015514,0.00052897,0.00054465,0.0054694,-0.0045566,-0.015221,0.0019821,0.0017763,0.0018,0.0090571,-0.0043617,-0.017579,0.0013646,0.004085,0.0040298,0.012639,-0.0032238,-0.017522,-0.0020177,0.0013759,0.0011978,0.17459,0.019539,0.02517,-0.012857,0.0033823,0.002932,0.13801,0.022643,0.033271,-0.017611,0.0056837,0.0048709,0.11407,0.024476,0.04155,-0.023951,0.77471,746,"1"
-0.013333,0.44393,0.46431,-0.73148,0.3886,-0.43609,-0.40382,0.20972,3.5113,0.03123,3.1385,0.00011613,2.6577,3.6837,0.51913,4.6613,0.006299,0.73783,5.6284e+16,5.6284e+16,5.6284e+16,5.6284e+16,NA,NA,0.129,0.13865,0.13865,0.17736,0.19955,0.10666,NA,NA,259,73.166,15686,950940,15.911,255.08,125490,5432,3552,0.91175,0.93772,0.14051,0.095343,0.12055,0.40945,2189.7,1203,0.017854,0.0027759,0.031537,0.029303,0.003849,0.017097,0.00057893,0.03646,0.9757,0.0615,1.0447,0.10497,0.43042,0.44257,0.12303,0.44919,0.39385,0.12325,0.45001,0.39351,6.3863,3.5406,11365,27062,22812,0.064423,0.06308,0.052167,0.13359,0.13101,0.056799,0.20118,0.19797,0.05991,0.27491,0.27109,0.064493,0.34939,0.34456,0.068894,0.0016828,0.0016359,0.013652,-0.0048849,-0.018068,-0.0051625,0.0053374,0.0052355,0.020574,-0.0026591,-0.017792,-0.0057806,0.013127,0.013004,0.029964,0.0035531,-0.011029,-0.0043229,4.1958e-05,4.2829e-05,0.00085239,-0.0066177,-0.016671,0.0013928,0.00068264,0.00068994,0.0063565,-0.0070784,-0.019958,0.0015582,0.0034102,0.0034417,0.018399,-0.0032391,-0.016441,0.0024143,0.00017767,0.00016929,0.0025951,-0.0070382,-0.018072,-0.0031775,0.0010215,0.0009905,0.0073576,-0.0074946,-0.021294,-0.0045361,0.0035572,0.0035149,0.015548,-0.0050636,-0.02071,-0.0029902,0.0014632,0.0014238,0.26227,0.024957,0.032777,-0.0046079,0.0038608,0.0037747,0.22254,0.0314,0.044779,-0.005442,0.0069113,0.0067921,0.19594,0.036677,0.055848,-0.0053977,0.92891,746,"1"
-0.0015047,0.062149,0.064382,-0.96723,0.056171,-1.3127,0.35713,-0.50392,2.7976,-0.026274,3.0324,3.1825e-05,1.0163,4.2029,0.058328,6.6096,0.0089319,0.9707,3.2959e+16,3.2959e+16,3.2959e+16,3.2959e+16,NA,NA,0.59676,0.33192,0.59676,0.47973,0.57171,0.13939,NA,NA,203,110.03,17677,1543500,14.007,198.41,141420,7600,6496,0.90769,0.92358,0.23962,0.19073,0.10696,0.60834,8570.5,2871.2,0.023366,0.0033812,0.039013,0.030707,0.0017139,0.0094048,0.0021993,0.013475,0.59779,1.0188,0.88834,0.10878,0.416,0.39961,0.10977,0.42262,0.3754,0.1126,0.42809,0.35658,14.788,3.1969,37717,143050,141910,0.078785,0.083915,0.065451,0.15592,0.15944,0.067706,0.23218,0.23082,0.070331,0.30191,0.29623,0.071806,0.3651,0.35397,0.072775,0.027901,0.04077,0.27765,0.095852,0.11806,0.1744,0.056771,0.078964,0.26783,0.12619,0.14963,0.20113,0.09197,0.12295,0.25718,0.15265,0.17534,0.21901,0.006324,0.0087898,0.15762,0.031854,0.038361,0.07033,0.013929,0.018225,0.15868,0.044486,0.05046,0.077512,0.023958,0.030167,0.15854,0.056619,0.062217,0.083536,0.0202,0.030753,0.3617,0.094138,0.11832,0.16782,0.041305,0.060278,0.36424,0.12811,0.15524,0.1996,0.066717,0.094217,0.3568,0.15705,0.18474,0.22448,0.0013769,0.0012264,0.30452,0.026386,0.0256,-0.01005,0.004079,0.0036526,0.28816,0.037454,0.036869,-0.014845,0.008234,0.0074124,0.28657,0.050261,0.049102,-0.019201,0.80261,746,"1"
-0.00030627,0.048957,0.048733,-0.9753,0.048638,-0.93223,-0.044153,0.44,2.1308,0.21032,3.0536,0.0011793,1.7704,8.4977,0.043298,13.8,0.018648,0.97827,2.7661e+16,2.7661e+16,2.7661e+16,2.7661e+16,NA,NA,0.3459,0.27522,0.3459,0.20645,0.2378,0.093071,NA,NA,242,82.417,17467,1261000,15.402,238.79,139740,6536,1864,0.91056,0.92864,0.10202,0.077101,0.056412,0.32664,2990,1309.4,0.025984,0.0035117,0.028793,0.025437,0.001762,0.011913,0.00020958,0.016239,3.1466,4.7712,2.4162,0.11496,0.42289,0.39054,0.13026,0.44144,0.33889,0.13374,0.44165,0.32554,3.4779,3.1243,19249,59816,58591,0.075552,0.073576,0.058597,0.1508,0.14584,0.061135,0.21931,0.21068,0.062023,0.28677,0.27391,0.063676,0.34724,0.33405,0.064618,0.023018,0.027404,0.21384,0.074504,0.079931,0.074513,0.047238,0.056095,0.20806,0.098949,0.10748,0.10001,0.077663,0.091749,0.20275,0.12162,0.13252,0.12289,0.0062664,0.0072608,0.14582,0.030406,0.031101,0.032363,0.013701,0.015807,0.14572,0.042089,0.042795,0.043917,0.023753,0.026962,0.14675,0.054087,0.054476,0.049401,0.015762,0.019111,0.26348,0.069213,0.073886,0.068513,0.032442,0.039174,0.26709,0.094902,0.1019,0.0907,0.052913,0.063917,0.26419,0.11754,0.12638,0.11432,0.00098957,0.0010322,0.20432,0.017575,0.025671,0.0038834,0.0028447,0.0029461,0.18762,0.024028,0.036431,0.0047543,0.0055607,0.0055721,0.18068,0.031048,0.047319,0.00037081,1.2278,746,"1"
-0.00027674,0.034877,0.035022,-0.98231,0.034154,-1.1369,0.1574,1.4331,3.7621,0.37878,2.4598,0.00080901,1.9782,13.853,0.020337,29.171,0.03942,0.98974,2.9207e+16,2.9207e+16,2.9207e+16,2.9207e+16,NA,NA,0.62352,0.61294,0.62352,0.3329,0.41454,0.1744,NA,NA,238,58.702,7822,287980,13.226,186.92,62576,20984,5424,0.91357,0.93653,0.016094,0.011744,0.0037778,0.079818,1566.8,921.98,0.017997,0.0031582,0.035543,0.031075,0.0026139,0.002907,0.0069925,0.0077734,0.85681,3.7735,2.8694,0.10246,0.42393,0.39515,0.10072,0.45223,0.33358,0.10172,0.45549,0.31747,6.6469,3.1612,25786,58670,57502,0.08037,0.077203,0.045534,0.15051,0.13992,0.044571,0.20822,0.18956,0.043014,0.25772,0.23119,0.041801,0.29708,0.26417,0.040383,0.003444,0.0027271,0.023372,0.0019246,0.01645,-0.030855,0.0062875,0.0049499,0.020229,0.00064292,0.021997,-0.041316,0.010269,0.0080621,0.019582,0.00029421,0.028016,-0.053037,0.0023661,0.0019228,0.040218,0.0062296,0.010427,-0.02264,0.0038832,0.0031219,0.03017,0.004501,0.011777,-0.029206,0.0056658,0.0045318,0.025569,0.0033259,0.013637,-0.036021,0.0010775,0.00080403,0.013157,-0.0020616,0.011552,-0.022986,0.002761,0.0021112,0.016604,-0.0012002,0.017583,-0.031849,0.005276,0.0040816,0.019242,1.5075e-05,0.023525,-0.040574,4.0837e-07,3.0625e-07,6.1593e-05,-0.0022045,0.0066871,-0.0042049,2.5973e-05,1.9015e-05,0.0012513,-0.0031197,0.011189,-0.0065481,0.00021369,0.00015827,0.0050719,-0.0033165,0.016993,-0.01204,0.87859,746,"1"
-0.00020178,0.041038,0.040848,-0.97933,0.040848,-0.97787,-0.0014958,-0.19414,1.5775,-0.24619,2.9867,0.0040867,1.2518,6.2651,0.039816,10.045,0.013574,0.98005,2.615e+16,2.615e+16,2.615e+16,2.615e+16,NA,NA,0.41774,0.21018,0.41774,0.19482,0.86459,0.15749,NA,NA,205,108.57,20100,1969000,14.191,202.58,160800,4312,2320,0.90961,0.92692,0.12339,0.093935,0.05527,0.36871,3029.7,1316.9,0.027885,0.0035356,0.031203,0.025562,0.0021849,0.0035532,0.003714,0.0052372,2.6281,2.393,0.52949,0.11551,0.42099,0.38892,0.13149,0.43208,0.34596,0.13535,0.43145,0.33131,3.2925,3.1113,25988,86620,85560,0.069518,0.068412,0.058007,0.14701,0.14356,0.06412,0.22333,0.21702,0.067951,0.2936,0.28415,0.070135,0.35322,0.34158,0.070717,0.020643,0.023758,0.20633,0.068253,0.072203,0.054942,0.044071,0.052039,0.20883,0.094854,0.10319,0.091639,0.074151,0.087841,0.20826,0.11971,0.13102,0.11956,0.0062645,0.0068449,0.15683,0.03156,0.030187,0.01878,0.014479,0.016657,0.16567,0.046728,0.046039,0.043611,0.025668,0.029984,0.1706,0.06167,0.061833,0.062797,0.013411,0.016084,0.24118,0.059956,0.065232,0.058252,0.028789,0.035113,0.25499,0.086225,0.09525,0.089079,0.048416,0.058676,0.26007,0.11053,0.12076,0.10903,0.0009681,0.00082891,0.21505,0.017794,0.022318,-0.012126,0.0024778,0.0021375,0.17582,0.021205,0.030809,-0.016272,0.0045554,0.0040521,0.15924,0.025416,0.040097,-0.017374,1.3111,746,"1"
-0.00051295,0.065535,0.065633,-0.96658,0.06461,-1.0873,0.12486,0.453,2.4101,0.17193,3.0916,0.00029715,2.2264,9.2862,0.057329,15.632,0.021124,0.97116,3.4506e+16,3.4506e+16,3.4506e+16,3.4506e+16,NA,NA,0.55153,0.50068,0.55153,0.56564,0.65964,0.22428,NA,NA,216,63.19,8079,332510,12.866,175.37,64632,20624,4336,0.91279,0.93392,0.047464,0.037366,0.010876,0.20292,2473.4,1178,0.02104,0.0038002,0.056047,0.032747,0.0062819,0.011552,0.0083176,0.013873,2.3646,4.7312,2.6847,0.10297,0.4271,0.39878,0.10504,0.44587,0.3595,0.097653,0.45941,0.35138,6.6215,3.1903,68526,192610,191790,0.06814,0.059205,0.037314,0.12951,0.10681,0.037071,0.18389,0.14881,0.036718,0.23504,0.18918,0.036848,0.28128,0.22465,0.036958,0.003949,0.0026932,0.025903,0.0034515,0.016528,-0.037674,0.0074317,0.0050544,0.023111,0.0029281,0.021173,-0.049608,0.011872,0.0081284,0.021882,0.0027034,0.025956,-0.060783,0.0016087,0.0011207,0.02643,0.0023695,0.0071099,-0.023471,0.0034448,0.0023691,0.025869,0.0030481,0.0089666,-0.034191,0.0064236,0.004464,0.028019,0.0050283,0.012188,-0.044364,0.0023403,0.0015725,0.027622,0.0031302,0.014576,-0.029623,0.0040553,0.002725,0.023572,0.0023355,0.019461,-0.036379,0.0055775,0.003741,0.019662,0.00063728,0.023263,-0.04204,0,0,0,-0.0021736,0.0059028,0,1.6806e-07,9.6287e-08,7.8259e-06,-0.0032782,0.0084586,-0.0053436,1.3151e-05,7.5895e-06,0.00030169,-0.0043562,0.011156,-0.0071288,0.82856,746,"1"
-0.0010232,0.076414,0.077137,-0.9606,0.073788,-1.1608,0.20836,1.1239,3.7431,0.25492,2.9217,0.00028315,1.9207,7.6326,0.063157,11.985,0.016197,0.96813,3.6389e+16,3.6389e+16,3.6389e+16,3.6389e+16,NA,NA,0.52945,0.51845,0.52945,0.5319,0.57019,0.20065,NA,NA,219,81.932,13585,849100,14.452,212,108680,10504,3128,0.91165,0.93239,0.13447,0.10261,0.034516,0.43224,2447.5,1179.7,0.031886,0.0061087,0.037513,0.026351,0.0044516,0.0052368,0.0062657,0.0056375,2.1505,0.046789,1.9671,0.10925,0.40746,0.39017,0.11979,0.41328,0.34199,0.11792,0.39379,0.33212,6.3223,3.1213,35695,104200,102820,0.077027,0.06111,0.0528,0.13781,0.10802,0.049376,0.19144,0.14963,0.04785,0.23361,0.1818,0.045845,0.26352,0.20415,0.043342,0.005386,0.0040608,0.044223,0.0088494,0.02247,-0.042036,0.011251,0.0087607,0.043795,0.01188,0.030114,-0.051802,0.019723,0.015913,0.045507,0.016293,0.038012,-0.058971,0.0010609,0.00082069,0.021818,-0.00038697,0.0056621,-0.017768,0.0028439,0.0023523,0.026733,0.0013038,0.0086896,-0.02146,0.0063675,0.0056661,0.034767,0.0054932,0.013859,-0.019848,0.0042424,0.0031858,0.062677,0.012221,0.022842,-0.037422,0.0082827,0.0063238,0.060267,0.015497,0.030489,-0.046562,0.013221,0.01015,0.058342,0.018414,0.036593,-0.056674,8.2715e-05,5.4282e-05,0.015094,-0.00085511,0.0091731,-0.0073748,0.00021252,0.00014298,0.012388,-0.0017183,0.012348,-0.011325,0.00037056,0.00025247,0.010641,-0.0026931,0.015565,-0.013031,0.85815,746,"0"
-0.00080391,0.072675,0.07239,-0.96307,0.071636,-1.0614,0.10212,0.35294,2.0952,0.22225,3.1151,0.00092487,2.0426,7.8804,0.067005,12.89,0.017418,0.96634,3.4819e+16,3.4819e+16,3.4819e+16,3.4819e+16,NA,NA,0.5606,0.44984,0.5606,0.41388,0.76382,0.17535,NA,NA,246,65.297,10445,465450,14.522,219.41,83560,18752,4816,0.91259,0.9349,0.050098,0.037149,0.0011156,0.21311,1884.6,1000.6,0.022826,0.0037274,0.039495,0.028319,0.010476,0.00729,0.016977,0.013529,0.26428,2.2917,2.5832,0.10297,0.42245,0.39182,0.10523,0.44052,0.33323,0.10248,0.44311,0.31464,6.305,3.1346,39160,99642,98444,0.092759,0.084548,0.058736,0.17675,0.15887,0.058501,0.24228,0.21435,0.055939,0.29584,0.2587,0.053629,0.3355,0.29025,0.050973,0.0067401,0.0052875,0.051122,0.013001,0.024391,-0.042806,0.013183,0.010352,0.047405,0.015584,0.032371,-0.056394,0.020824,0.016339,0.044383,0.01743,0.038984,-0.069774,0.0012835,0.00095824,0.024384,0.00081661,0.0060905,-0.021761,0.0025017,0.00189,0.021723,9.565e-05,0.0072021,-0.02819,0.0045222,0.0034345,0.022809,0.0006604,0.010073,-0.037315,0.0054533,0.0043271,0.074425,0.017061,0.025304,-0.0369,0.010679,0.0084608,0.07178,0.021892,0.03484,-0.048877,0.016326,0.012922,0.06655,0.024588,0.041368,-0.059091,3.2693e-06,2.1073e-06,0.00055112,-0.0022808,0.0080238,-0.0052363,3.1319e-05,2.0311e-05,0.0016864,-0.0032545,0.011581,-0.0060859,0.00014079,9.4816e-05,0.0037348,-0.0039397,0.014713,-0.010856,0.91418,746,"1"
-0.00092061,0.049291,0.048296,-0.97552,0.048288,-0.98796,0.012756,0.29674,1.873,0.23421,3.1101,0.0019928,1.3111,6.3321,0.042757,9.1356,0.012345,0.97853,2.8698e+16,2.8698e+16,2.8698e+16,2.8698e+16,NA,NA,0.52866,0.49303,0.52866,0.2255,0.38003,0.15151,NA,NA,313,55.112,7994,237620,14.458,228.33,63952,20888,15128,0.91661,0.94327,0.13286,0.087141,0.11019,0.44578,1762,1177.5,0.020489,0.0036131,0.021171,0.02129,0.00083492,0.0046897,0.0020622,0.0051686,5.3797,8.0381,3.1981,0.11222,0.40512,0.4179,0.12937,0.39415,0.39257,0.13458,0.3907,0.38722,5.4736,3.3432,7649.4,16575,11691,0.081178,0.081893,0.05704,0.16033,0.16261,0.058884,0.24023,0.24473,0.061549,0.31089,0.31616,0.062539,0.37136,0.37542,0.062609,0.0092249,0.009219,0.077642,0.022429,0.033728,-0.00029702,0.019405,0.019573,0.077432,0.03062,0.047075,0.0054375,0.031532,0.03187,0.074577,0.0367,0.058824,0.0083824,0.0034567,0.0033745,0.072871,0.013092,0.013981,-0.0067861,0.0074154,0.0074125,0.071453,0.017612,0.01977,-0.00015367,0.012739,0.012916,0.071302,0.022368,0.026544,0.0068816,0.0055629,0.0056535,0.084246,0.0185,0.030083,0.0059572,0.012156,0.01231,0.090667,0.027641,0.043799,0.0062625,0.019672,0.019754,0.088983,0.033777,0.054131,0.0025496,0.00020525,0.00019106,0.038395,0.0015085,0.012441,-0.0053006,0.00052961,0.0004789,0.031645,0.001221,0.017729,-0.01008,0.00099819,0.00089113,0.029383,0.0011714,0.023867,-0.015305,0.95847,746,"0"
-0.00050477,0.047232,0.047541,-0.97591,0.045921,-1.156,0.18457,-0.65696,2.7931,-0.31529,3.0347,0.00022223,1.2007,5.5121,0.047325,8.1962,0.011076,0.9763,3.0171e+16,3.0171e+16,3.0171e+16,3.0171e+16,NA,NA,0.40766,0.36259,0.40766,0.26401,0.56613,0.16768,NA,NA,202,99.287,17944,1591400,14.092,199.73,143550,1904,1888,0.91396,0.93731,0.11643,0.080703,0.091863,0.39547,2279,1295.9,0.019517,0.0029518,0.024059,0.025702,0.0020948,0.0096587,0.0035274,0.019503,2.5951,3.1877,1.2492,0.10937,0.41968,0.40511,0.12038,0.43991,0.35983,0.12327,0.43955,0.35288,3.72,3.2409,10645,26443,23542,0.083771,0.084289,0.064302,0.17183,0.17581,0.068939,0.25553,0.26082,0.07152,0.32703,0.33179,0.071865,0.39275,0.39621,0.072333,0.016641,0.01968,0.153,0.050694,0.061774,0.084734,0.034003,0.039804,0.14822,0.066853,0.08257,0.10748,0.055795,0.063971,0.14416,0.081828,0.10015,0.11666,0.006389,0.0083298,0.14713,0.030967,0.03518,0.087555,0.013359,0.017305,0.14062,0.040592,0.046463,0.11567,0.022548,0.028193,0.13786,0.050471,0.056574,0.12514,0.0097661,0.010913,0.16157,0.039756,0.047691,0.041417,0.019996,0.022059,0.16293,0.054226,0.065384,0.049357,0.032251,0.035103,0.15937,0.066217,0.079091,0.052464,0.00048546,0.00043692,0.099204,0.0072605,0.020785,-0.0095311,0.001819,0.0016754,0.11873,0.013877,0.031784,-0.012612,0.0042741,0.0040733,0.13744,0.022517,0.044563,-0.010631,1.103,746,"1"
-0.00062796,0.04798,0.047721,-0.97581,0.047287,-1.0689,0.095424,-0.50512,2.5201,0.023547,3.0171,0.00043235,1.213,6.1353,0.039001,8.8849,0.012007,0.9804,2.8029e+16,2.8029e+16,2.8029e+16,2.8029e+16,NA,NA,0.22167,0.16051,0.22167,0.27554,0.32769,0.1228,NA,NA,234,92.611,18490,1468900,15.029,228.4,147920,12648,3320,0.91263,0.93407,0.095568,0.067907,0.062638,0.32532,1825.5,1079.4,0.0175,0.0028593,0.022652,0.019331,0.010158,0.016244,0.017783,0.027914,3.6277,4.7531,1.9146,0.1075,0.41781,0.41011,0.11397,0.43384,0.38184,0.11357,0.43479,0.38532,2.6817,3.2809,11381,31377,29436,0.1009,0.10601,0.083541,0.19245,0.20046,0.083285,0.27218,0.28115,0.08217,0.34116,0.34842,0.080867,0.39798,0.40256,0.079062,0.0058652,0.0052541,0.058167,0.011578,0.023662,-0.025361,0.012494,0.011383,0.058744,0.01617,0.033661,-0.030297,0.021895,0.020426,0.061018,0.021991,0.044216,-0.029552,0.0026327,0.0026004,0.065398,0.0091974,0.012042,-0.0021019,0.0065503,0.00644,0.074372,0.015806,0.018914,-0.0042246,0.012269,0.012313,0.080917,0.022985,0.027371,0.0011713,0.0032066,0.0026346,0.057221,0.0082375,0.019073,-0.031532,0.0062647,0.0051925,0.055058,0.0103,0.026735,-0.040396,0.010308,0.0086487,0.054943,0.012857,0.033934,-0.047976,2.5849e-05,1.9155e-05,0.0056976,-0.002141,0.0095403,-0.0096683,0.00020959,0.00015798,0.014756,-0.0019229,0.014688,-0.013479,0.00056567,0.00042751,0.01962,-0.0016487,0.018738,-0.017844,1.2769,746,"1"
-0.0006739,0.051982,0.052131,-0.97355,0.050778,-1.1304,0.16108,0.7168,2.7023,0.17146,2.9228,0.00034366,2.4184,11.709,0.042549,21.213,0.028666,0.9786,3.1133e+16,3.1133e+16,3.1133e+16,3.1133e+16,NA,NA,0.38375,0.42179,0.42179,0.42595,0.6216,0.19055,NA,NA,256,65.676,8161,328970,12.271,163.63,65288,31240,13624,0.91478,0.93615,0.042503,0.030401,0.023693,0.16557,1639.5,926.64,0.014605,0.0023647,0.032995,0.033884,0.0035739,0.0077979,0.0070715,0.012875,0.52099,0.81324,0.89004,0.10439,0.42695,0.40403,0.10614,0.45598,0.36326,0.10279,0.46473,0.35763,5.1588,3.2322,17455,42813,41112,0.089553,0.086254,0.060602,0.17045,0.16367,0.060293,0.24329,0.23188,0.060033,0.30576,0.28793,0.059237,0.35819,0.33439,0.058159,0.0037811,0.0030841,0.03065,0.0032677,0.017085,-0.033319,0.0081291,0.00677,0.03124,0.0048218,0.025014,-0.04179,0.014115,0.011782,0.032152,0.0067765,0.03223,-0.053237,0.0016614,0.0013696,0.033732,0.0029308,0.0070845,-0.020498,0.0033861,0.0027904,0.031424,0.0031908,0.010101,-0.027987,0.0058137,0.0047511,0.031338,0.0040241,0.013451,-0.037823,0.0021187,0.0017137,0.030901,0.002479,0.015222,-0.026432,0.0047984,0.0040326,0.034468,0.0048508,0.022727,-0.03088,0.0084238,0.0071545,0.036697,0.0072579,0.028752,-0.03722,1.061e-06,8.004e-07,0.00019114,-0.0024016,0.0063704,-0.005613,4.729e-05,3.5621e-05,0.0027213,-0.0032207,0.011081,-0.0083779,0.00023056,0.00017471,0.0065364,-0.0035287,0.016415,-0.011826,1.047,746,"1"
-0.001102,0.097616,0.097472,-0.94995,0.095583,-1.0822,0.13921,0.16,4.1276,-0.064641,3.0362,0.00069399,2.4605,8.1342,0.091274,12.469,0.016849,0.95412,3.7602e+16,3.7602e+16,3.7602e+16,3.7602e+16,NA,NA,0.27313,0.30194,0.30194,0.55069,0.62171,0.21924,NA,NA,223,85.233,15546,1085700,14.726,218.86,124370,7016,2976,0.91065,0.93126,0.12088,0.091671,0.052903,0.39711,3255.5,1505.5,0.029904,0.0048373,0.032267,0.031548,0.0001339,0.0068319,0.00080586,0.011801,3.6802,5.1886,1.689,0.098441,0.41519,0.4081,0.091145,0.42213,0.38085,0.084547,0.42705,0.37609,8.9268,3.2648,34305,100730,99582,0.10405,0.10564,0.074764,0.19416,0.19135,0.07292,0.26941,0.26289,0.070584,0.33071,0.31996,0.068028,0.38205,0.366,0.065866,0.0040142,0.0030295,0.034549,0.004197,0.018132,-0.037435,0.0082949,0.0064428,0.033847,0.0053546,0.024061,-0.045866,0.0136,0.010591,0.032892,0.0060958,0.029613,-0.056971,0.0013127,0.00092017,0.028299,0.0010374,0.0065884,-0.024891,0.0023108,0.0016246,0.022769,-0.00058603,0.0071117,-0.031466,0.0037664,0.0026569,0.021557,-0.0013119,0.0087842,-0.040029,0.0026705,0.00209,0.041356,0.0051451,0.017356,-0.027896,0.006047,0.0048621,0.046121,0.0088979,0.025164,-0.034619,0.0099266,0.0079981,0.045916,0.011049,0.031184,-0.042479,3.1028e-05,1.9333e-05,0.0059352,-0.0018894,0.0049438,-0.0052097,5.8169e-05,3.6336e-05,0.0035542,-0.0032184,0.008144,-0.0063304,8.4962e-05,5.3268e-05,0.0025575,-0.0045539,0.01177,-0.0072637,0.84598,746,"1"
-0.00023571,0.049683,0.049876,-0.97471,0.048924,-0.84004,-0.13816,-0.84249,2.966,-0.43438,2.8874,0.00024785,1.3355,6.2646,0.045326,9.6497,0.01304,0.97725,2.8686e+16,2.8686e+16,2.8686e+16,2.8686e+16,NA,NA,0.23722,0.28858,0.28858,0.33862,0.39409,0.21053,NA,NA,300,45.123,7497,192860,16.343,276.71,59976,7744,5360,0.91674,0.94189,0.024566,0.01648,0.024266,0.12261,1731,1040,0.019263,0.0028177,0.024605,0.027392,0.0023321,0.0027604,0.0094587,0.0026388,4.9217,6.0449,1.7902,0.10414,0.41965,0.4056,0.10431,0.43822,0.3561,0.10444,0.43863,0.34859,5.24,3.2448,10627,22027,19351,0.097458,0.095879,0.058687,0.17772,0.17309,0.055938,0.24487,0.23541,0.053766,0.30176,0.28745,0.052022,0.35171,0.33306,0.050817,0.0041907,0.0037865,0.030228,0.0044066,0.020607,-0.026345,0.010703,0.0096555,0.0366,0.009964,0.032037,-0.038731,0.019884,0.017987,0.040303,0.015503,0.042931,-0.049625,0.00082745,0.00071805,0.014949,-0.0015763,0.0038365,-0.016019,0.0021815,0.0019126,0.018015,-0.00096106,0.0068964,-0.022228,0.0045505,0.0040777,0.021827,0.0007125,0.01157,-0.026357,0.0033262,0.0030399,0.04317,0.0075108,0.021632,-0.02093,0.0082924,0.0075592,0.053006,0.01453,0.033675,-0.030483,0.014717,0.013404,0.057053,0.020478,0.043578,-0.039488,3.7121e-05,2.8562e-05,0.005951,-0.0016168,0.010226,-0.012454,0.00032305,0.0002559,0.016543,-0.00065424,0.017187,-0.017669,0.0010267,0.00083633,0.025901,0.0012462,0.024617,-0.023674,0.94036,746,"1"
-0.00054353,0.07612,0.075791,-0.96131,0.075567,-1.0135,0.054346,2.4398,9.0047,0.32187,2.4375,0.010496,2.5445,12.067,0.04435,22.751,0.030745,0.97746,3.5536e+16,3.5536e+16,3.5536e+16,3.5536e+16,NA,NA,0.64479,0.67876,0.67876,0.35204,0.35901,0.17029,NA,NA,229,65.057,6673,263810,10.895,130.46,53384,29152,11240,0.91618,0.94072,0.084439,0.056909,0.073242,0.24403,1633.6,1066.3,0.020874,0.0033724,0.026527,0.030763,0.002583,0.0035676,0.0053266,0.010816,0.45132,2.9583,2.6487,0.10774,0.41627,0.39477,0.12171,0.43143,0.31489,0.12453,0.42904,0.30526,6.3722,3.1582,14550,29610,27152,0.079864,0.077957,0.048505,0.15386,0.15002,0.048845,0.22109,0.21395,0.048963,0.28174,0.27021,0.048987,0.3282,0.31246,0.047828,0.0072939,0.0067672,0.053062,0.014531,0.029163,-0.025152,0.015836,0.014773,0.054618,0.020868,0.040254,-0.032064,0.026544,0.024968,0.054265,0.026145,0.050595,-0.03566,0.0036842,0.0034116,0.067132,0.01334,0.015399,-0.017647,0.0073437,0.0068346,0.061164,0.016109,0.019806,-0.022244,0.012192,0.011445,0.05898,0.01942,0.025462,-0.024724,0.00359,0.0033405,0.046994,0.0086794,0.023328,-0.017591,0.0085101,0.0079573,0.054864,0.015216,0.033813,-0.022887,0.014664,0.013801,0.057333,0.020451,0.042863,-0.026184,1.9604e-05,1.5117e-05,0.0031698,-0.0019388,0.010586,-0.0060453,8.9609e-05,6.9071e-05,0.004628,-0.0026807,0.015712,-0.0088515,0.000237,0.0001863,0.00603,-0.0033016,0.020492,-0.013083,0.87511,746,"1"
-0.00048027,0.087132,0.086555,-0.95568,0.086548,-0.96447,0.0091948,-0.209,1.5709,-0.21694,2.9856,0.0040533,1.8887,6.4829,0.084649,10.048,0.013578,0.95754,3.3492e+16,3.3492e+16,3.3492e+16,3.3492e+16,NA,NA,0.37422,0.3801,0.3801,0.38412,0.40363,0.17544,NA,NA,232,89.918,18470,1468400,15.116,229.66,147760,2176,1768,0.91156,0.92985,0.1156,0.086044,0.066693,0.36988,2825.2,1330,0.027204,0.003542,0.025156,0.02482,0.001159,0.0084605,0.00092559,0.013286,3.5972,3.3158,0.34426,0.11281,0.41949,0.39449,0.12668,0.43304,0.34973,0.13006,0.43309,0.3341,3.1313,3.1559,14517,43695,42210,0.07839,0.07696,0.062517,0.158,0.15559,0.065862,0.23567,0.2333,0.068533,0.30786,0.30698,0.070289,0.37109,0.3694,0.071009,0.023102,0.027137,0.22069,0.075891,0.080932,0.072405,0.046597,0.054086,0.21104,0.098816,0.10602,0.089933,0.074988,0.085901,0.2013,0.11849,0.12758,0.1023,0.0075192,0.0088797,0.17991,0.03837,0.038068,0.042489,0.015327,0.018186,0.16762,0.048881,0.049343,0.058932,0.025553,0.030033,0.16233,0.059931,0.061103,0.070479,0.014484,0.017303,0.24896,0.063892,0.069284,0.063547,0.02957,0.034639,0.25032,0.086821,0.09342,0.075698,0.047707,0.05494,0.24493,0.1062,0.11332,0.083542,0.0010989,0.00095464,0.23331,0.020089,0.026419,-0.01316,0.003061,0.0026086,0.20759,0.026531,0.035615,-0.021578,0.0056185,0.0048585,0.18771,0.031877,0.04471,-0.025495,1.2236,746,"1"
-0.00015615,0.045726,0.045678,-0.97686,0.045414,-1.0511,0.075989,0.98446,3.3681,0.21727,2.9086,0.00028211,1.3769,7.7253,0.031681,12.36,0.016702,0.98402,3.0634e+16,3.0634e+16,3.0634e+16,3.0634e+16,NA,NA,0.61714,0.54918,0.61714,0.27494,0.302,0.15716,NA,NA,299,37.849,6843,161600,16.291,274.98,54744,6768,6712,0.91453,0.93863,0.010829,0.0078071,0.0038932,0.032428,1700.5,959.13,0.017191,0.0024487,0.03165,0.029966,0.00015342,0.0036809,0.0024018,0.0071836,1.5732,0.59102,1.8592,0.10603,0.41932,0.397,0.11356,0.4327,0.3305,0.11131,0.4317,0.31567,4.9414,3.176,31676,68262,67358,0.076985,0.070358,0.040279,0.13896,0.12387,0.038003,0.19772,0.17421,0.037719,0.24607,0.21455,0.036858,0.28844,0.24914,0.03621,0.0083121,0.007082,0.052092,0.016541,0.029886,-0.035038,0.017283,0.014711,0.051351,0.022178,0.041003,-0.049552,0.029927,0.025642,0.052704,0.029208,0.052245,-0.061138,0.0048865,0.0043202,0.076703,0.018184,0.016983,-0.021266,0.010502,0.00928,0.075352,0.024614,0.023271,-0.030273,0.018051,0.016099,0.075229,0.031292,0.031211,-0.035504,0.0032071,0.002597,0.036165,0.0065161,0.021941,-0.027155,0.0063608,0.0051335,0.035326,0.0083997,0.030178,-0.038528,0.01146,0.0093214,0.0386,0.012491,0.037759,-0.049435,0.00021847,0.00016481,0.030431,0.001518,0.014923,-0.011013,0.00064751,0.00049164,0.028809,0.0019975,0.021513,-0.016082,0.0014036,0.0010712,0.030766,0.0031743,0.028445,-0.022418,0.88663,746,"1"
-0.00091818,0.031633,0.033254,-0.98321,0.028007,-1.3738,0.39721,-1.613,6.5344,-0.28356,2.9416,0.0020036,0.89161,5.2193,0.029108,6.9992,0.0094583,0.9854,3.048e+16,3.048e+16,3.048e+16,3.048e+16,NA,NA,0.57056,0.48724,0.57056,0.33727,0.54501,0.1829,NA,NA,170,159.43,20947,2599800,12.707,164.15,167580,15128,5888,0.90803,0.92539,0.27014,0.2076,0.14904,0.62574,5834.3,2557,0.030723,0.0044202,0.028435,0.025677,0.0022358,0.00020938,0.0031063,0.00083797,3.8257,6.8787,2.8656,0.10427,0.43513,0.40545,0.10799,0.46407,0.37202,0.10517,0.47278,0.37404,13.696,3.2436,25721,95379,93789,0.08528,0.086477,0.08288,0.17036,0.17185,0.086541,0.24777,0.24776,0.087804,0.31677,0.31588,0.088136,0.37592,0.37398,0.08766,0.015961,0.018849,0.1858,0.054425,0.062619,0.056339,0.033317,0.038901,0.18388,0.073648,0.084449,0.071521,0.055803,0.064296,0.18255,0.092415,0.10486,0.082666,0.006007,0.0082953,0.17515,0.03243,0.039431,0.072106,0.012469,0.016887,0.16619,0.042093,0.050569,0.091265,0.020813,0.027812,0.16112,0.051589,0.062165,0.10923,0.0087643,0.0093015,0.18358,0.039404,0.043527,0.014041,0.018214,0.019394,0.1879,0.054744,0.061199,0.02026,0.030717,0.032375,0.19218,0.070515,0.077064,0.021475,0.0011893,0.0012518,0.3077,0.024314,0.028233,0.004868,0.0032741,0.0033961,0.27058,0.031728,0.038147,0.0050807,0.0062434,0.0063493,0.2542,0.039886,0.048395,0.0030499,0.84051,746,"1"
-0.00057352,0.040211,0.039891,-0.97982,0.039553,-1.0701,0.092141,-0.061766,2.5158,-0.037861,3.1133,3.9666e-05,1.8229,9.1279,0.039776,14.757,0.019942,0.98008,2.7485e+16,2.7485e+16,2.7485e+16,2.7485e+16,NA,NA,0.19535,0.24157,0.24157,0.57498,0.766,0.28758,NA,NA,239,66.276,7038,248900,12.091,162.83,56304,19320,14896,0.91464,0.93606,0.023791,0.017114,0.010128,0.085201,1941.5,1113.9,0.020791,0.0030903,0.033344,0.028358,0.0023557,0.016864,0.0041127,0.02547,2.0828,2.4777,0.6075,0.10429,0.41477,0.40274,0.10951,0.42181,0.34844,0.10705,0.42252,0.34233,4.9131,3.222,25768,60335,58437,0.089587,0.083527,0.056754,0.16467,0.15216,0.054526,0.22224,0.20191,0.051336,0.26792,0.2413,0.048592,0.30227,0.27117,0.045946,0.0070963,0.0060086,0.053849,0.01419,0.025709,-0.035891,0.014326,0.012231,0.051539,0.018059,0.035943,-0.046542,0.024092,0.020639,0.051372,0.022735,0.046106,-0.058116,0.0020628,0.001744,0.039206,0.0049759,0.0081737,-0.020941,0.0053978,0.0047241,0.046894,0.0098844,0.014098,-0.025334,0.01063,0.0093153,0.05364,0.015937,0.021617,-0.033886,0.0048347,0.0041161,0.066013,0.014343,0.024425,-0.028575,0.0094064,0.0079493,0.063254,0.018171,0.033979,-0.039381,0.014803,0.012505,0.060368,0.021206,0.041683,-0.048465,0.00019879,0.00014849,0.033526,0.0013119,0.01179,-0.010718,0.00038424,0.00028924,0.020699,-0.00012951,0.016608,-0.012207,0.00052628,0.00040744,0.013967,-0.0016694,0.021372,-0.012736,0.95623,746,"1"
-0.019582,0.39084,0.37475,-0.79041,0.37441,-0.76659,-0.030134,-0.87771,3.3523,-0.21173,3.0431,1.3824e-05,2.5423,4.0139,0.4001,5.1403,0.0069463,0.79782,5.0665e+16,5.0665e+16,5.0665e+16,5.0665e+16,NA,NA,0.62733,0.53671,0.62733,0.55009,0.62444,0.17962,NA,NA,245,70.939,11817,574740,15.243,236.34,94536,6528,6176,0.91473,0.93932,0.22943,0.15884,0.16816,0.66597,3713.8,1778.4,0.020747,0.0032341,0.031521,0.035129,0.0031812,0.00039444,0.0082704,0.0061355,0.25924,2.718,2.3253,0.10729,0.40974,0.43355,0.11445,0.41102,0.44436,0.11676,0.41204,0.44475,13.711,3.4684,19018,42557,40052,0.055375,0.050945,0.038307,0.119,0.1109,0.043029,0.19054,0.18103,0.048063,0.26795,0.2602,0.053068,0.3429,0.33879,0.056915,0.0040621,0.0034796,0.03366,0.0042827,0.018395,-0.035577,0.0096011,0.0083425,0.037718,0.0082054,0.027859,-0.046163,0.017143,0.015092,0.039917,0.01199,0.03702,-0.054864,0.0011428,0.00099584,0.023719,6.867e-05,0.0045889,-0.018123,0.0032949,0.0029288,0.031257,0.0029045,0.0081962,-0.023608,0.0067542,0.0061656,0.037218,0.0065306,0.013623,-0.025531,0.0028964,0.0024672,0.043185,0.0060854,0.017571,-0.030278,0.0062114,0.0053429,0.045611,0.0092304,0.025878,-0.038762,0.010124,0.0087261,0.045085,0.011296,0.032213,-0.047615,2.288e-05,1.6511e-05,0.0042138,-0.0020095,0.012384,-0.0097779,0.00015497,0.0001137,0.0091164,-0.0022597,0.018412,-0.013377,0.00039737,0.00029775,0.011516,-0.0025405,0.024428,-0.018919,0.77881,746,"0"
-0.00060405,0.085715,0.085984,-0.95598,0.083868,-0.80602,-0.15686,-0.78926,3.6583,-0.0087614,3.0121,0.00018623,2.3142,8.2818,0.077887,12.416,0.016778,0.96083,3.2417e+16,3.2417e+16,3.2417e+16,3.2417e+16,NA,NA,0.41793,0.4143,0.41793,0.21976,0.32715,0.1098,NA,NA,284,51.926,8063,257260,14.369,221.72,64504,20064,11800,0.91831,0.94338,0.090796,0.059207,0.069121,0.37532,2217.7,1259.1,0.017967,0.0028237,0.023871,0.024868,0.00078814,0.0010052,0.00082106,0.0047609,4.5696,6.538,2.6599,0.10976,0.41352,0.4089,0.12293,0.42975,0.35207,0.12349,0.42813,0.34945,6.7439,3.2712,9335.5,18926,15269,0.086666,0.088225,0.054297,0.17247,0.17667,0.056479,0.24906,0.25504,0.056898,0.31604,0.32312,0.056687,0.37245,0.37927,0.055989,0.012596,0.013333,0.09453,0.032307,0.042699,0.031931,0.025465,0.027332,0.090603,0.041904,0.058431,0.053773,0.041937,0.045351,0.088438,0.051396,0.073519,0.075916,0.0037599,0.003793,0.070673,0.013955,0.016112,0.0026753,0.0083377,0.0083726,0.071634,0.019709,0.02277,0.0017674,0.014207,0.014193,0.070898,0.024744,0.029881,-0.00051573,0.0086391,0.0093505,0.11666,0.030901,0.040095,0.037404,0.017897,0.01982,0.11902,0.042766,0.057071,0.066019,0.029743,0.033278,0.11996,0.054125,0.071777,0.092725,0.00019739,0.00018972,0.032923,0.001279,0.012823,-0.0034157,0.00056112,0.00051784,0.029895,0.001429,0.019865,-0.0083958,0.00087782,0.00080119,0.02304,0.00039945,0.026538,-0.011477,0.85521,746,"1"
-0.0034171,0.18439,0.18401,-0.90319,0.179,-0.75425,-0.1649,0.14006,2.3621,0.068925,3.1843,0.00059924,3.9047,8.9774,0.18868,13.951,0.018853,0.90532,3.9955e+16,3.9955e+16,3.9955e+16,3.9955e+16,NA,NA,0.23488,0.29533,0.29533,0.23427,0.55371,0.16069,NA,NA,288,58.833,12963,586040,16.684,281.42,103700,7344,4072,0.9156,0.94128,0.13867,0.092927,0.10932,0.45908,2108.2,1251,0.020136,0.002813,0.023604,0.023614,0.0060749,0.0069474,0.011003,0.016103,1.4995,0.84186,0.10522,0.10787,0.41917,0.41059,0.11653,0.43761,0.37554,0.11678,0.43922,0.37358,5.1669,3.2847,12141,26839,23541,0.083977,0.083272,0.058777,0.16081,0.15887,0.05883,0.2358,0.23208,0.060179,0.30607,0.30042,0.06133,0.3683,0.3604,0.06185,0.015854,0.017069,0.13292,0.045599,0.050284,0.039711,0.032225,0.034888,0.12808,0.059722,0.068606,0.058783,0.054483,0.059186,0.12836,0.07581,0.087777,0.078945,0.0059062,0.0064078,0.12402,0.026824,0.02475,0.026736,0.012024,0.013275,0.11541,0.03397,0.032557,0.044571,0.020467,0.02301,0.11411,0.042663,0.042538,0.068331,0.009469,0.010153,0.14284,0.036542,0.042111,0.029094,0.019934,0.021406,0.1481,0.051532,0.060668,0.041133,0.033918,0.036258,0.15282,0.06705,0.077876,0.049208,0.00047909,0.00050838,0.08927,0.0068018,0.016559,0.0063332,0.0015913,0.0016397,0.094711,0.011114,0.025438,0.0051604,0.0035104,0.0035938,0.10293,0.016743,0.035887,0.0056236,0.98051,746,"1"
-0.0039532,0.26053,0.25777,-0.86133,0.25719,-0.8207,-0.047164,-1.0008,3.7147,-0.19483,2.9841,0.00041719,3.8477,7.5755,0.25729,11.087,0.014983,0.8699,4.8695e+16,4.8695e+16,4.8695e+16,4.8695e+16,NA,NA,0.65601,0.57323,0.65601,0.33101,0.36021,0.16295,NA,NA,287,44.296,3622,85610,9.6126,101.88,28976,18752,17800,0.9184,0.94575,0.14705,0.094752,0.12217,0.53499,2392.6,1468,0.014956,0.0023511,0.029678,0.035359,0.0012107,0.0027622,0.0035446,0.0038885,1.4254,4.3164,2.9168,0.10221,0.41777,0.42195,0.10419,0.44984,0.39254,0.10433,0.4556,0.38961,11.899,3.3756,12214,22919,17833,0.08432,0.086015,0.046813,0.17102,0.17452,0.04963,0.25577,0.26069,0.051776,0.33172,0.33749,0.052724,0.4018,0.40838,0.053523,0.0092449,0.009506,0.06148,0.019949,0.032753,0.014332,0.01848,0.018808,0.058264,0.025277,0.044487,0.01199,0.029486,0.030036,0.055101,0.029436,0.055266,0.01564,0.00091711,0.00085058,0.015276,-0.0010649,0.0042518,-0.012835,0.0027893,0.0026766,0.021236,0.00099831,0.0078022,-0.011526,0.0060819,0.0060495,0.026896,0.0042643,0.013317,-0.0021165,0.0076064,0.0079707,0.091016,0.024805,0.033875,0.022137,0.015113,0.015618,0.089061,0.032593,0.046592,0.020235,0.022928,0.023579,0.081944,0.036717,0.056358,0.020659,0.00072143,0.00068472,0.10663,0.010206,0.024709,-0.0074945,0.0017239,0.001654,0.081387,0.010971,0.031695,-0.0085352,0.0031033,0.0029678,0.072177,0.012632,0.039115,-0.011921,0.74517,746,"1"
-0.00044838,0.12754,0.12788,-0.93378,0.12629,-1.038,0.11161,-0.20484,2.4421,-0.070661,3.154,0.00022271,2.1329,6.0466,0.12409,9.4759,0.012805,0.93762,4.0671e+16,4.0671e+16,4.0671e+16,4.0671e+16,NA,NA,0.37743,0.35132,0.37743,0.64117,0.81987,0.23879,NA,NA,220,87.395,16538,1243700,14.667,216.72,132300,6560,1904,0.91523,0.93697,0.10552,0.073343,0.076088,0.35203,1805.2,1048.7,0.01985,0.0029434,0.025704,0.025064,0.0023203,0.0076631,0.0047922,0.0090244,2.5554,1.4463,0.8426,0.10861,0.41359,0.40419,0.12185,0.42191,0.35296,0.1238,0.41534,0.35057,3.5381,3.2335,10877,26656,24461,0.087897,0.09018,0.065293,0.17209,0.17705,0.066817,0.25406,0.26032,0.068814,0.32259,0.32697,0.068603,0.38193,0.3846,0.068073,0.013013,0.014174,0.11579,0.036757,0.045252,0.037228,0.028992,0.031545,0.1223,0.05399,0.065758,0.051304,0.049129,0.053414,0.12284,0.068734,0.084449,0.064466,0.0032533,0.0033089,0.072503,0.012293,0.014712,0.0035901,0.0077211,0.008059,0.078653,0.019243,0.022475,0.013191,0.014018,0.014798,0.082943,0.026484,0.031455,0.021847,0.0095329,0.010678,0.15262,0.03798,0.044954,0.042665,0.02074,0.023042,0.16353,0.055689,0.06553,0.054056,0.03422,0.037882,0.16364,0.069863,0.082312,0.065026,0.00022729,0.00018712,0.044948,0.0019916,0.011439,-0.011948,0.00091018,0.00081808,0.057494,0.0049132,0.019303,-0.01132,0.0021509,0.0019895,0.066936,0.0085731,0.028432,-0.012091,1.095,746,"1"
-0.01084,0.2607,0.25938,-0.86039,0.24028,-0.62692,-0.27135,0.1892,2.0582,0.1681,3.1319,0.0018468,3.7407,7.1087,0.27617,11.211,0.015151,0.86155,3.9236e+16,3.9236e+16,3.9236e+16,3.9236e+16,NA,NA,0.059775,0.12901,0.12901,0.17159,0.21148,0.09293,NA,NA,293,35.655,7482,192530,16.716,283.66,59856,5144,2688,0.91723,0.94199,0.074795,0.051586,0.040463,0.36671,2114.6,1010.5,0.017104,0.0025203,0.039114,0.034156,0.0033989,0.028084,0.0040026,0.049564,1.8034,2.3392,1.3815,0.10993,0.41889,0.40451,0.1281,0.43811,0.34341,0.13141,0.43566,0.32986,6.1003,3.2361,27224,51378,49792,0.085597,0.093837,0.040683,0.17135,0.18334,0.042567,0.25751,0.27008,0.044628,0.33673,0.3474,0.045818,0.41248,0.42098,0.047039,0.031575,0.040423,0.17976,0.082611,0.08725,0.15743,0.061839,0.079589,0.16691,0.10433,0.11482,0.21594,0.097307,0.12373,0.15567,0.12224,0.13726,0.25471,0.0068688,0.0073373,0.097945,0.026458,0.026203,0.017628,0.0142,0.015745,0.092554,0.034238,0.03506,0.038576,0.024566,0.028036,0.093004,0.043877,0.046177,0.064852,0.023741,0.032175,0.2432,0.084224,0.08783,0.17385,0.047293,0.064424,0.2386,0.11144,0.11982,0.23587,0.072858,0.09804,0.22292,0.12985,0.14144,0.27501,0.00096483,0.00091106,0.12208,0.013294,0.024739,-0.0060935,0.0035117,0.0033347,0.14193,0.023816,0.039301,-0.0099312,0.0083736,0.0082442,0.16673,0.038491,0.056671,-0.004335,0.85643,746,"1"
-0.00063832,0.066376,0.066061,-0.96636,0.065385,-0.86863,-0.10113,0.53093,2.4816,0.13086,3.0949,0.00040151,1.824,7.0894,0.066022,10.871,0.01469,0.96693,2.9303e+16,2.9303e+16,2.9303e+16,2.9303e+16,NA,NA,0.099584,0.10044,0.10044,0.4266,0.70749,0.21298,NA,NA,240,74.333,16170,1088000,15.382,237.74,129360,2344,1264,0.91605,0.94046,0.019778,0.013377,0.016719,0.068716,1839.1,1012.8,0.017816,0.0028826,0.022804,0.025187,0.00097797,0.016518,0.0052657,0.034678,3.0088,3.6012,1.2382,0.10749,0.41879,0.40613,0.1206,0.43216,0.36479,0.1219,0.43233,0.35775,4.4186,3.2491,23460,53150,51061,0.0921,0.090891,0.064257,0.17433,0.17244,0.063576,0.2459,0.24185,0.062556,0.30694,0.29973,0.061308,0.35962,0.34868,0.060201,0.0092486,0.0086141,0.077292,0.022432,0.033271,-0.024132,0.019593,0.018717,0.077629,0.030934,0.046941,-0.021814,0.033378,0.032295,0.078384,0.039712,0.06016,-0.020169,0.0029372,0.0027864,0.061483,0.010132,0.013153,-0.010027,0.0061651,0.005911,0.058986,0.013109,0.018057,-0.011275,0.011135,0.01069,0.061885,0.018072,0.024758,-0.01439,0.006087,0.0056144,0.091532,0.020855,0.029684,-0.022237,0.013015,0.012452,0.096391,0.030182,0.042845,-0.017135,0.021869,0.021414,0.098221,0.038787,0.054503,-0.010371,0.00022438,0.00021323,0.041676,0.0018724,0.014451,-0.0033114,0.00073161,0.00068077,0.043406,0.0030963,0.021963,-0.0068092,0.0014022,0.0012585,0.040985,0.0036678,0.028547,-0.01298,1.0578,746,"1"
-0.0028717,0.24938,0.25439,-0.86329,0.23816,-1.0813,0.25257,-0.16678,2.2258,-0.10678,3.186,0.0007377,2.4514,4.7046,0.27079,6.9802,0.0094327,0.86427,5.1431e+16,5.1431e+16,5.1431e+16,5.1431e+16,NA,NA,0.60963,0.17705,0.60963,0.60763,0.97711,0.2678,NA,NA,237,56.755,8977,352970,14.447,215.81,71816,14752,1600,0.91648,0.94023,0.022332,0.015292,0.0059325,0.10708,1691.2,957.62,0.021356,0.0030064,0.033477,0.034096,0.00020385,0.0017992,0.0010264,0.0018663,2.2101,3.7096,1.7681,0.1104,0.41027,0.41154,0.12583,0.41787,0.37233,0.12941,0.41307,0.35936,6.5684,3.2923,16948,33487,30780,0.072344,0.071243,0.03985,0.14852,0.1433,0.042761,0.22372,0.2148,0.044934,0.29393,0.28117,0.046352,0.35366,0.33677,0.046742,0.017905,0.018575,0.11814,0.046702,0.051218,0.017792,0.036122,0.037989,0.11299,0.060689,0.06988,0.033351,0.059225,0.06335,0.10981,0.074237,0.088409,0.056769,0.0039584,0.0037426,0.065418,0.014055,0.015606,-0.012002,0.007781,0.0074893,0.058777,0.016704,0.020648,-0.010994,0.012776,0.012338,0.056056,0.019838,0.02629,-0.012675,0.013423,0.014356,0.15936,0.048528,0.049981,0.028544,0.027029,0.029339,0.15804,0.06493,0.069489,0.047397,0.04434,0.049151,0.15723,0.080919,0.088983,0.075803,0.00052347,0.00047612,0.076763,0.0067774,0.020304,-0.0089604,0.0018181,0.0016461,0.08516,0.011704,0.029566,-0.014536,0.0036905,0.0033783,0.085164,0.015803,0.039237,-0.017226,0.8773,746,"0"
-0.011116,0.47929,0.47112,-0.7268,0.47033,-0.75669,0.041121,-0.35647,3.2741,-0.12898,3.1265,4.1488e-05,3.6644,5.006,0.53438,6.4529,0.0087202,0.73093,5.8436e+16,5.8436e+16,5.8436e+16,5.8436e+16,NA,NA,0.5069,0.44072,0.5069,0.35124,0.35844,0.17873,NA,NA,180,108.59,15783,1419000,12.796,168.11,126260,21664,1056,0.91402,0.93567,0.27707,0.1993,0.18866,0.73362,3714.7,1915.7,0.015167,0.0028236,0.033895,0.034438,0.0028888,0.0086272,0.0050482,0.013177,0.80154,1.0831,1.8808,0.10003,0.41935,0.4329,0.093238,0.43681,0.44335,0.091573,0.44322,0.44286,19.976,3.4632,21424,52417,49212,0.064019,0.059787,0.046694,0.13181,0.12485,0.050252,0.20542,0.19724,0.054631,0.28262,0.27626,0.059014,0.35564,0.35506,0.062239,0.0038331,0.0032144,0.033488,0.0035816,0.016769,-0.032795,0.0081553,0.0069946,0.03378,0.0050715,0.024427,-0.04065,0.014197,0.012302,0.034854,0.0071832,0.032178,-0.048917,0.0008113,0.00059719,0.017753,-0.0018313,0.0036008,-0.023734,0.0017213,0.0012939,0.017216,-0.0027321,0.0047695,-0.033173,0.0033882,0.0026196,0.019685,-0.0023385,0.0075924,-0.041305,0.0029916,0.0025936,0.047029,0.0067028,0.016506,-0.024009,0.0061855,0.0055036,0.047889,0.0094023,0.024604,-0.027016,0.010126,0.009107,0.047547,0.011612,0.031394,-0.030648,3.0195e-05,2.3601e-05,0.0058631,-0.0019203,0.01125,-0.011005,0.00028034,0.00021965,0.017388,-0.0011283,0.017507,-0.015101,0.00090172,0.00073327,0.027553,0.00058311,0.02406,-0.019654,0.73585,746,"0"
-0.0059425,0.26781,0.26722,-0.85582,0.25675,-0.6864,-0.19796,-0.41735,3.9308,-0.083159,3.1175,0.00013895,4.2495,7.9724,0.28336,13.203,0.017842,0.85781,4.707e+16,4.707e+16,4.707e+16,4.707e+16,NA,NA,0.58786,0.4947,0.58786,0.31722,0.50357,0.20203,NA,NA,325,38.022,4751,102700,12.017,159.91,38008,20424,16240,0.91745,0.9444,0.11474,0.075195,0.096009,0.43114,2067.1,1132.4,0.012863,0.0021701,0.027827,0.029319,0.0024282,0.0013438,0.00099805,0.0052433,3.5069,6.5711,3.085,0.10507,0.41647,0.41803,0.11014,0.44177,0.37997,0.10831,0.44268,0.38051,6.2044,3.3442,10888,20820,17332,0.083454,0.085688,0.04658,0.17182,0.1771,0.050126,0.25348,0.26093,0.051587,0.32555,0.33376,0.052021,0.38971,0.39648,0.05219,0.012981,0.013615,0.086786,0.031659,0.041412,0.025548,0.026271,0.027954,0.083271,0.041135,0.057408,0.045309,0.043483,0.046024,0.081693,0.050802,0.071315,0.052324,0.002893,0.0030861,0.048445,0.0088186,0.014543,0.017105,0.0071543,0.0076415,0.05476,0.01483,0.021024,0.025719,0.013565,0.014307,0.06031,0.021822,0.028264,0.027485,0.0096477,0.010096,0.11606,0.03329,0.038706,0.021118,0.019344,0.02054,0.11461,0.04429,0.055316,0.037108,0.030613,0.032404,0.11,0.052845,0.06766,0.043304,0.00044017,0.00043256,0.065406,0.0053883,0.016927,-0.0018113,0.0012817,0.001359,0.060833,0.0073296,0.026359,0.0099757,0.0027136,0.0029263,0.063452,0.010515,0.036128,0.018004,0.89045,746,"1"
-0.00093073,0.056284,0.057836,-0.97061,0.052577,-1.2633,0.30156,-0.63038,3.0531,-0.15354,3.116,2.3455e-06,0.95409,4.134,0.05313,5.4728,0.0073957,0.97333,3.5306e+16,3.5306e+16,3.5306e+16,3.5306e+16,NA,NA,0.45881,0.31542,0.45881,0.32389,0.67411,0.16296,NA,NA,205,99.849,16401,1316000,14.079,200.4,131210,8184,5080,0.91036,0.93027,0.29473,0.2326,0.14836,0.73209,4789.9,2086.8,0.028997,0.0041566,0.03882,0.028171,0.0036399,0.015078,0.0046291,0.018956,0.25326,1.2877,1.0482,0.10621,0.41515,0.42683,0.10264,0.42594,0.42974,0.10768,0.42073,0.43975,13.909,3.4146,59194,193890,192610,0.069109,0.060079,0.052806,0.14734,0.13204,0.058847,0.23652,0.22324,0.065898,0.32888,0.33116,0.071942,0.41949,0.44099,0.076908,0.0041328,0.0028954,0.037826,0.0047656,0.01644,-0.040845,0.0095533,0.0069853,0.041454,0.0085202,0.024156,-0.052059,0.016986,0.013089,0.043686,0.012337,0.032124,-0.057354,0.0020438,0.0014126,0.046852,0.0053653,0.0082286,-0.029572,0.0046602,0.003552,0.048831,0.0081354,0.011867,-0.031846,0.0083871,0.0070417,0.051047,0.011368,0.016954,-0.028283,0.0020888,0.0014826,0.034399,0.0024936,0.013676,-0.028309,0.0049513,0.0034677,0.040159,0.0056546,0.020434,-0.041909,0.0087048,0.0061145,0.042818,0.0084116,0.026004,-0.052602,3.0075e-07,1.9204e-07,6.1179e-05,-0.0025713,0.0053214,-0.004082,4.478e-05,2.9059e-05,0.0029096,-0.0034521,0.0092903,-0.0095718,0.00020515,0.00013239,0.006567,-0.0039201,0.014163,-0.011269,0.77189,746,"1"
-0.00094229,0.058095,0.05817,-0.97044,0.056034,-1.1564,0.1916,-0.53807,2.7298,-0.078257,3.094,0.00012196,1.1684,5.0643,0.053092,6.8584,0.0092681,0.97334,3.4147e+16,3.4147e+16,3.4147e+16,3.4147e+16,NA,NA,0.46892,0.27729,0.46892,0.40637,0.65017,0.19932,NA,NA,222,74.748,10415,503880,14.031,204.04,83320,10672,10408,0.91359,0.93355,0.13873,0.10723,0.046903,0.43272,3298,1465,0.028072,0.0043106,0.041717,0.02872,0.0023791,0.0097262,0.0014336,0.015436,0.45313,1.4538,1.5408,0.10925,0.42029,0.41596,0.11311,0.431,0.40783,0.11974,0.43874,0.40277,12.126,3.3277,75286,216710,215470,0.078137,0.066319,0.050565,0.16103,0.14065,0.054467,0.24785,0.22405,0.058484,0.34072,0.32474,0.063123,0.43374,0.43904,0.067347,0.0094998,0.0077935,0.073637,0.02243,0.02797,-0.033893,0.019586,0.016395,0.071979,0.029754,0.039143,-0.041976,0.032447,0.027602,0.070675,0.036688,0.049035,-0.048321,0.0043761,0.0036995,0.084963,0.017513,0.01546,-0.020091,0.0094587,0.0082152,0.083939,0.023867,0.021517,-0.023529,0.015945,0.014231,0.082189,0.02955,0.02792,-0.024246,0.0051237,0.004094,0.071463,0.015784,0.022153,-0.027653,0.010491,0.0084184,0.072065,0.021579,0.032314,-0.036936,0.01721,0.013849,0.071696,0.026849,0.039979,-0.045495,0,0,0,-0.0023671,0.0086974,0,0,0,0,-0.0035711,0.012022,0,5.9742e-06,3.7959e-06,0.00016196,-0.0047864,0.01584,-0.0058013,0.76322,746,"1"
-0.0025762,0.14667,0.14433,-0.92492,0.1436,-0.85949,-0.070742,-0.19285,2.872,-0.0070654,3.1568,9.3026e-05,2.4029,6.3116,0.14456,9.1836,0.01241,0.92744,3.9706e+16,3.9706e+16,3.9706e+16,3.9706e+16,NA,NA,0.29968,0.32664,0.32664,0.34392,0.57776,0.23398,NA,NA,243,89.535,19876,1623600,15.483,240.81,159010,2384,1000,0.91454,0.9396,0.16775,0.11385,0.14037,0.47157,2601.8,1605.3,0.018454,0.0030934,0.020987,0.023627,0.0027671,0.012408,0.0031594,0.016374,1.113,0.87326,0.42424,0.10671,0.41104,0.41891,0.11504,0.41599,0.39613,0.11719,0.41225,0.39464,5.2986,3.3513,9892.1,24794,21693,0.076661,0.075661,0.063799,0.15619,0.15444,0.067945,0.23401,0.23356,0.071013,0.30792,0.3111,0.073365,0.37571,0.38256,0.075022,0.0093089,0.0090199,0.092797,0.024789,0.03574,-0.011981,0.019587,0.019095,0.092573,0.033853,0.049389,-0.013357,0.033155,0.032646,0.092877,0.043061,0.062709,-0.010392,0.0035903,0.0036364,0.089646,0.015101,0.017511,0.0030485,0.007694,0.0079316,0.08781,0.020294,0.023794,0.01031,0.013816,0.014427,0.091588,0.027495,0.032114,0.01937,0.0054513,0.0051536,0.097781,0.019615,0.02971,-0.016411,0.011899,0.011212,0.10511,0.029285,0.042892,-0.02378,0.0198,0.018684,0.10608,0.037173,0.053779,-0.029061,0.00026721,0.00022991,0.059202,0.0029551,0.012976,-0.010585,0.00081468,0.00069187,0.057655,0.0042359,0.01975,-0.016938,0.0015559,0.0013356,0.054247,0.0050572,0.026017,-0.020596,1.0251,746,"1"
-0.019774,0.73441,0.7251,-0.52338,0.69992,-0.62091,0.18635,0.15397,2.6585,-0.0061618,3.1803,0.00017334,3.0757,3.1529,0.94913,4.092,0.0055297,0.52413,6.5587e+16,6.5587e+16,6.5587e+16,6.5587e+16,NA,NA,0.20825,0.28256,0.28256,0.3261,0.38444,0.15276,NA,NA,210,70.21,11832,668650,14.246,205.2,94656,6640,3552,0.91434,0.9383,0.21195,0.15216,0.13226,0.67666,3477.7,1663.5,0.015479,0.0024907,0.034255,0.037494,0.0010096,0.0021495,0.0055404,0.0069827,2.4719,1.9234,0.34703,0.099687,0.41394,0.44072,0.094755,0.42133,0.45905,0.089864,0.42199,0.46777,16.607,3.5258,32717,70287,67639,0.060511,0.054666,0.034897,0.13729,0.1298,0.041385,0.22131,0.21522,0.046537,0.30221,0.29876,0.049896,0.38027,0.38307,0.052619,0.0052336,0.0042046,0.036153,0.0076179,0.023561,-0.043594,0.011692,0.0095065,0.038291,0.011785,0.034608,-0.057938,0.020546,0.016982,0.039883,0.016188,0.045205,-0.070078,0.0012402,0.00099445,0.021458,0.00055794,0.0068681,-0.020613,0.0027354,0.0022156,0.021633,0.00084404,0.0094548,-0.028518,0.0053572,0.0043948,0.02461,0.0026202,0.013764,-0.037634,0.0037915,0.0030562,0.047127,0.009297,0.021649,-0.036985,0.0086147,0.0070846,0.052736,0.015112,0.033167,-0.047188,0.014814,0.012435,0.054999,0.020237,0.042563,-0.054396,0.00020186,0.00015393,0.030992,0.0013043,0.016026,-0.014052,0.00089076,0.0006937,0.043684,0.0041528,0.02501,-0.021105,0.0019491,0.0015373,0.047091,0.0063986,0.033847,-0.027303,0.7127,746,"0"
-0.00086725,0.069617,0.06986,-0.96439,0.067568,-1.1391,0.18115,-0.16728,2.9862,0.027088,3.1826,6.3773e-05,1.1193,4.2843,0.068081,5.8018,0.0078403,0.96587,3.5315e+16,3.5315e+16,3.5315e+16,3.5315e+16,NA,NA,0.25041,0.082674,0.25041,0.40392,0.97549,0.20423,NA,NA,219,92.082,12524,752430,13.597,194.1,100190,16728,11696,0.91068,0.93219,0.2203,0.1668,0.11915,0.62017,4540.8,2096.5,0.028181,0.0048065,0.028915,0.028015,0.00067345,0.013454,0.00077017,0.016454,2.0374,1.8392,0.5452,0.10659,0.4262,0.41009,0.11206,0.44384,0.38647,0.11346,0.45403,0.38014,11.755,3.2808,30175,89919,87622,0.091343,0.095682,0.069118,0.18525,0.19841,0.073269,0.2806,0.29625,0.077421,0.3586,0.373,0.077683,0.42355,0.43697,0.076899,0.010708,0.0098892,0.097055,0.028702,0.035572,-0.01915,0.022689,0.021296,0.097496,0.039577,0.049459,-0.021346,0.039381,0.037583,0.1003,0.052067,0.064435,-0.02064,0.0050495,0.0046379,0.11463,0.022909,0.02053,-0.014075,0.010943,0.010524,0.11355,0.031353,0.029098,-0.0091844,0.019021,0.018975,0.11465,0.040443,0.039129,-0.00075416,0.0054056,0.0050669,0.088159,0.018457,0.026786,-0.011061,0.011282,0.01044,0.090619,0.025911,0.037688,-0.018153,0.019758,0.018149,0.096242,0.035295,0.048515,-0.02596,0.00025298,0.00018441,0.050962,0.0025276,0.013874,-0.013293,0.00096106,0.00075105,0.06184,0.0054535,0.020837,-0.016884,0.0020097,0.0016291,0.063705,0.0077432,0.027704,-0.019235,0.781,746,"1"
-0.012498,0.87855,0.88712,-0.3342,0.84007,-0.41117,0.23031,0.61243,3.3248,0.06885,3.1288,3.4635e-06,4.8086,4.1726,1.3245,5.5098,0.0074457,0.33509,7.0903e+16,7.0903e+16,7.0903e+16,7.0903e+16,NA,NA,0.25311,0.26173,0.26173,0.31644,0.35209,0.17472,NA,NA,182,98.429,13159,965130,13.01,173.13,105270,11376,7528,0.9112,0.93379,0.26976,0.20479,0.15028,0.75219,5257.3,1860.6,0.016031,0.0029187,0.047991,0.035909,0.0015885,0.0023301,0.0019134,0.00065679,0.30625,1.1394,0.69387,0.10288,0.41133,0.43446,0.10627,0.41322,0.43929,0.1011,0.416,0.44558,23.293,3.4757,44538,119490,117590,0.051698,0.043509,0.034657,0.115,0.10112,0.040298,0.18444,0.1705,0.045086,0.25562,0.24263,0.04906,0.32411,0.3133,0.052133,0.0085709,0.007876,0.068825,0.019656,0.029212,-0.018657,0.017112,0.015568,0.065147,0.024789,0.040559,-0.027838,0.027707,0.025162,0.062521,0.029441,0.050071,-0.035494,0.0020424,0.0015807,0.041079,0.0050105,0.0072299,-0.024384,0.0036897,0.0028183,0.033921,0.0042317,0.0093719,-0.033402,0.0061678,0.0046996,0.032935,0.0049164,0.012088,-0.043306,0.0060972,0.0059983,0.088096,0.02048,0.028381,-0.0031742,0.012659,0.012251,0.090084,0.028498,0.03992,-0.0085837,0.020709,0.019939,0.08937,0.035349,0.049219,-0.012358,0.00043134,0.00029699,0.076981,0.0057494,0.017868,-0.020936,0.0013217,0.00090783,0.075347,0.0084134,0.027424,-0.026943,0.0021051,0.0014544,0.059122,0.0078561,0.034923,-0.032386,0.75482,746,"0"
-0.0020145,0.082546,0.085561,-0.9562,0.075194,-1.289,0.34809,0.44719,2.6309,0.11585,3.158,0.00013883,1.3875,4.8666,0.081063,6.4642,0.0087354,0.95928,3.8314e+16,3.8314e+16,3.8314e+16,3.8314e+16,NA,NA,0.15035,0.084523,0.15035,0.47927,0.50262,0.16967,NA,NA,171,164.82,25108,3682500,12.94,168.62,200860,4688,3088,0.90846,0.92548,0.33635,0.25852,0.21031,0.72091,5099.6,2648.5,0.025177,0.004607,0.037392,0.032844,0.0030522,0.0028995,0.004437,0.0068412,3.6917,4.0658,0.35539,0.10344,0.42905,0.41724,0.10461,0.44874,0.4049,0.10276,0.45373,0.40789,15.903,3.3379,29592,108530,106500,0.077219,0.079344,0.077947,0.16264,0.16928,0.085811,0.2464,0.25676,0.090692,0.32187,0.33644,0.093016,0.39153,0.4114,0.09483,0.010136,0.010314,0.12256,0.030882,0.03853,0.0046008,0.021602,0.022193,0.12383,0.042934,0.053951,0.0098544,0.036244,0.037173,0.12315,0.053935,0.067981,0.011686,0.0021115,0.0017493,0.063946,0.0066527,0.0094598,-0.020374,0.0047185,0.0040332,0.065316,0.0096414,0.012932,-0.024563,0.008522,0.007302,0.068522,0.013551,0.01746,-0.031632,0.0073927,0.0079843,0.16084,0.032519,0.038597,0.017772,0.015282,0.016728,0.16374,0.044927,0.054534,0.028401,0.024965,0.027365,0.16223,0.055658,0.068143,0.036014,0.00063192,0.00058065,0.16982,0.011781,0.018969,-0.0063819,0.0022623,0.0022285,0.19419,0.020969,0.031512,-0.0018738,0.0047757,0.0048859,0.20196,0.02969,0.043981,0.0038932,0.79561,746,"1"
-0.00038336,0.29207,0.29203,-0.84117,0.29145,-0.8789,0.044847,-0.062617,2.9576,-0.045077,3.1551,5.5035e-06,3.014,5.4635,0.30352,7.7486,0.010471,0.84699,5.2437e+16,5.2437e+16,5.2437e+16,5.2437e+16,NA,NA,0.40524,0.21194,0.40524,0.40665,0.44741,0.17639,NA,NA,224,78.536,15412,1058700,14.851,221.7,123300,1368,1256,0.91548,0.94005,0.17757,0.12146,0.14087,0.54144,2657.4,1587.1,0.025006,0.0037803,0.034429,0.03037,0.0048765,0.016277,0.0089916,0.027369,3.4919,4.6821,1.6683,0.10496,0.41063,0.41739,0.10528,0.4205,0.39027,0.10419,0.42051,0.38428,7.9096,3.3391,20850,45672,42865,0.06071,0.056055,0.041004,0.12571,0.11605,0.044381,0.19291,0.17877,0.04751,0.2537,0.23546,0.049056,0.31377,0.29149,0.050848,0.015591,0.01635,0.12614,0.043867,0.050971,0.02407,0.034067,0.035769,0.13067,0.062753,0.071489,0.034215,0.05741,0.060369,0.13052,0.079339,0.090154,0.04502,0.0044957,0.0050311,0.091099,0.01856,0.021468,0.032181,0.010624,0.011631,0.098401,0.028464,0.030785,0.036164,0.018529,0.020027,0.099684,0.036882,0.0398,0.039396,0.010824,0.011094,0.15756,0.042039,0.046404,0.010345,0.024266,0.025298,0.17397,0.063697,0.068993,0.024482,0.040876,0.042823,0.17773,0.081834,0.08752,0.03465,0.00027181,0.00022495,0.048875,0.0027422,0.013715,-0.012772,0.00087614,0.00074911,0.050321,0.0043681,0.020653,-0.016785,0.0018973,0.0016459,0.053686,0.0066214,0.028725,-0.021605,0.82532,746,"1"
-0.0025276,0.56138,0.55959,-0.66307,0.55956,-0.65778,-0.0079736,1.5864,7.1754,0.11715,2.9245,0.0045809,4.7023,5.757,0.66539,9.4789,0.012809,0.66559,6.2935e+16,6.2935e+16,6.2935e+16,6.2935e+16,NA,NA,0.18485,0.26959,0.26959,0.24048,0.39509,0.13417,NA,NA,188,127.85,20822,2308500,13.531,184.7,166580,8328,4416,0.9101,0.9321,0.35067,0.25875,0.23312,0.82239,4891.6,2441.7,0.014358,0.0032771,0.038539,0.035017,0.00077915,0.00050754,0.0018424,0.00041181,1.5554,0.64094,0.53653,0.09713,0.42281,0.43019,0.086833,0.44525,0.43222,0.083336,0.44877,0.43928,25.506,3.4415,27413,78250,76032,0.086395,0.088287,0.075592,0.17575,0.18152,0.080377,0.26298,0.27348,0.083898,0.34898,0.36564,0.087415,0.42807,0.45002,0.089867,0.0027026,0.0021652,0.028324,-0.00050682,0.012532,-0.033453,0.0063193,0.0051396,0.031399,0.00088443,0.02035,-0.045111,0.011575,0.0096115,0.034089,0.0028686,0.027993,-0.053937,0.00073866,0.00055451,0.01939,-0.0024683,0.0031273,-0.021996,0.0017485,0.0013396,0.020979,-0.0028913,0.0047519,-0.029989,0.0032277,0.0024689,0.022495,-0.0030416,0.006652,-0.039294,0.0018003,0.0014919,0.03395,0.0011763,0.011351,-0.023437,0.0042044,0.0035301,0.039048,0.0034839,0.019233,-0.031521,0.0078515,0.006784,0.044224,0.006779,0.027406,-0.035721,0.00016359,0.00011878,0.038106,0.00078483,0.011021,-0.012379,0.00041645,0.00030218,0.030985,0.00018384,0.015917,-0.016576,0.00065991,0.00047495,0.024189,-0.001041,0.019723,-0.020597,0.71472,746,"0"
-0.0042303,0.59106,0.58715,-0.64192,0.58682,-0.65714,0.023698,0.72868,4.6489,0.10633,3.0398,0.0014101,4.0913,4.8656,0.70515,7.2467,0.0097928,0.64517,6.472e+16,6.472e+16,6.472e+16,6.472e+16,NA,NA,0.40121,0.38781,0.40121,0.28091,0.32542,0.16468,NA,NA,178,154.55,26436,3921900,13.227,175.97,211490,1264,864,0.90829,0.92567,0.3934,0.30252,0.25323,0.82565,6721.9,3155.4,0.016506,0.0031953,0.037764,0.036023,0.00026069,3.2872e-05,0.0004622,0.0004222,0.36613,2.1618,1.7135,0.09618,0.41978,0.44554,0.088496,0.42382,0.47077,0.085854,0.43632,0.4658,27.877,3.5643,31463,109180,106410,0.062004,0.057042,0.061562,0.13643,0.12898,0.070806,0.21318,0.20536,0.077177,0.29736,0.29042,0.084523,0.38461,0.38444,0.091624,0.006983,0.0054095,0.083047,0.017402,0.022505,-0.051543,0.0144,0.011145,0.081193,0.022952,0.031563,-0.070248,0.02325,0.018073,0.077699,0.026921,0.039766,-0.085525,0.0020256,0.0015345,0.060338,0.0060184,0.0064306,-0.030778,0.0046824,0.0035763,0.063754,0.0094059,0.0098364,-0.042376,0.0082553,0.0064503,0.065289,0.012595,0.014063,-0.050327,0.0040297,0.0031173,0.086232,0.013609,0.019165,-0.038509,0.0078695,0.0060643,0.082938,0.017227,0.026531,-0.052132,0.012457,0.009587,0.079621,0.020142,0.032553,-0.064157,0.00092774,0.00075782,0.24522,0.01853,0.022083,-0.017919,0.0026736,0.0021346,0.22573,0.025381,0.031683,-0.027796,0.0045663,0.0035742,0.18993,0.027882,0.039246,-0.036985,0.76301,746,"0"
-0.024497,0.51827,0.51552,-0.69555,0.46166,-0.47073,-0.32323,-0.019722,2.5825,0.016338,3.1919,0.00048875,3.1963,4.1174,0.601,5.45,0.0073649,0.69803,4.9997e+16,4.9997e+16,4.9997e+16,4.9997e+16,NA,NA,0.10306,0.090329,0.10306,0.11161,0.3217,0.084498,NA,NA,281,57.537,9732,358030,15.281,244.77,77856,18624,5688,0.91576,0.94085,0.228,0.15544,0.17534,0.67159,2962.2,1790.9,0.012445,0.0020644,0.027782,0.032936,0.00069173,0.0074374,0.0021742,0.02239,2.6791,2.694,0.80245,0.10293,0.41675,0.43219,0.10212,0.43865,0.42941,0.10176,0.44185,0.43002,11.029,3.4575,15603,33245,30261,0.045444,0.042388,0.030015,0.098607,0.095361,0.034042,0.16518,0.16286,0.03978,0.24017,0.24004,0.045413,0.31586,0.31912,0.050056,0.0086217,0.0083837,0.06821,0.01968,0.032027,-0.010214,0.016878,0.01633,0.063306,0.024084,0.042819,-0.016151,0.027448,0.026192,0.061021,0.028786,0.052837,-0.028409,0.0021537,0.0020743,0.042677,0.0055786,0.0099857,-0.0067917,0.0046467,0.0044994,0.042088,0.0075041,0.01338,-0.008469,0.0086162,0.0082651,0.045331,0.011136,0.018186,-0.014337,0.005664,0.0056005,0.08063,0.018378,0.02812,-0.0033368,0.010691,0.01048,0.074957,0.022404,0.037174,-0.0077303,0.016779,0.016139,0.071344,0.026153,0.044509,-0.018313,0.00080397,0.00070887,0.14137,0.012703,0.025012,-0.014462,0.0019728,0.0017261,0.1108,0.01424,0.03517,-0.02165,0.0034747,0.0030486,0.096143,0.01604,0.045067,-0.027013,0.80765,746,"0"
-0.0015159,0.11113,0.11062,-0.94299,0.10722,-1.1082,0.17523,1.1019,4.0862,0.2141,2.9737,0.00066512,1.4015,4.2753,0.10718,5.5146,0.0074522,0.94617,4.0833e+16,4.0833e+16,4.0833e+16,4.0833e+16,NA,NA,0.34699,0.30289,0.34699,0.29002,0.34878,0.14516,NA,NA,206,84.248,14034,958450,14.123,201.55,112270,8120,1624,0.91287,0.93504,0.25976,0.19275,0.1548,0.7269,3590.6,1758.2,0.024138,0.0036908,0.027817,0.026083,0.00051411,0.010705,0.00039525,0.0206,3.3332,2.7692,0.7908,0.1116,0.42145,0.41583,0.12579,0.44257,0.39592,0.12956,0.44756,0.39541,12.49,3.3266,21821,54405,52276,0.056513,0.05094,0.037509,0.12568,0.11974,0.043601,0.21228,0.21388,0.051374,0.30764,0.32415,0.058457,0.40158,0.43537,0.063952,0.006391,0.0056386,0.05081,0.012128,0.026512,-0.026819,0.015373,0.015273,0.057945,0.020812,0.041066,-0.002152,0.027918,0.030101,0.06237,0.029639,0.055832,0.033686,0.0021412,0.0023546,0.042638,0.0055247,0.012057,0.013687,0.0063238,0.0081921,0.057559,0.013327,0.023675,0.064679,0.013406,0.018627,0.070877,0.023432,0.037749,0.11801,0.0037193,0.0028983,0.053206,0.0096641,0.021952,-0.037516,0.0080472,0.0062653,0.056695,0.014536,0.031014,-0.051863,0.013333,0.01037,0.056969,0.018367,0.038214,-0.06458,0.00053044,0.00038576,0.093726,0.0075852,0.013192,-0.01812,0.0012208,0.00096764,0.0689,0.0074549,0.018689,-0.018546,0.0018343,0.0015593,0.051004,0.0061825,0.0236,-0.015792,0.7418,746,"1"
-0.0015955,0.088339,0.089576,-0.9541,0.084202,-1.1878,0.24494,-0.035005,2.7249,0.026021,3.1945,0.00012044,1.3226,4.3697,0.091365,5.8267,0.0078739,0.95425,3.8973e+16,3.8973e+16,3.8973e+16,3.8973e+16,NA,NA,0.26584,0.27651,0.27651,0.29189,0.36643,0.12817,NA,NA,202,106.88,9127,494860,11.003,136.52,73016,24048,15368,0.90987,0.92862,0.23338,0.18057,0.11278,0.60053,5149.6,2211.9,0.024627,0.0042743,0.031795,0.029267,0.005228,0.0071986,0.0053424,0.0098185,5.7628,7.6426,1.8171,0.11328,0.43332,0.39095,0.12487,0.46343,0.34652,0.13197,0.47418,0.32704,11.678,3.1276,20006,66516,64915,0.081692,0.08072,0.065006,0.15659,0.15027,0.065131,0.21946,0.20816,0.063678,0.27296,0.2562,0.062184,0.32137,0.29917,0.061359,0.014399,0.01565,0.13724,0.043256,0.049814,0.024563,0.030774,0.034046,0.13907,0.060258,0.070628,0.04179,0.052347,0.057925,0.14021,0.077071,0.090152,0.053639,0.0058823,0.0059878,0.14043,0.028505,0.025349,0.0032241,0.012693,0.013271,0.13851,0.038821,0.035444,0.011366,0.021533,0.023126,0.13649,0.048562,0.046745,0.023413,0.0068494,0.0067688,0.11747,0.026079,0.032362,-0.002321,0.015528,0.015856,0.13116,0.040553,0.049651,0.0058993,0.027556,0.028896,0.14116,0.055708,0.066954,0.01769,0.0016668,0.0028938,0.35311,0.031797,0.05263,0.075781,0.0043248,0.0069835,0.29265,0.03908,0.063798,0.09084,0.007877,0.01176,0.26259,0.046796,0.073711,0.094544,0.79037,746,"1"
-0.0023096,0.10085,0.10433,-0.94632,0.092287,-1.2679,0.33979,-0.53821,4.0422,-0.086191,3.0836,0.00076636,1.7036,5.495,0.095857,7.6445,0.01033,0.95174,4.0884e+16,4.0884e+16,4.0884e+16,4.0884e+16,NA,NA,0.41057,0.45641,0.45641,0.25979,0.28634,0.14593,NA,NA,217,81.903,11926,668120,14.113,204.47,95408,11376,7544,0.91196,0.93307,0.26121,0.19844,0.14391,0.71625,3887.2,1849.9,0.018839,0.0035152,0.03414,0.02731,0.0013941,0.014816,0.0017721,0.021617,2.0103,4.446,2.339,0.10036,0.41927,0.42517,0.098086,0.43461,0.41942,0.091686,0.43127,0.43746,13.595,3.4014,21902,59208,57750,0.11284,0.12903,0.076657,0.22076,0.24949,0.07839,0.30955,0.34165,0.076678,0.3864,0.41574,0.075149,0.45221,0.47533,0.07371,0.0069238,0.0054566,0.05634,0.014111,0.025289,-0.044618,0.014711,0.011479,0.056751,0.019578,0.034339,-0.062883,0.023796,0.018485,0.054413,0.023066,0.041918,-0.078654,0.0007439,0.00051331,0.015162,-0.0021388,0.0036591,-0.024889,0.0023188,0.0016605,0.021602,-0.00054137,0.0061257,-0.034372,0.0047103,0.0034672,0.025488,0.001172,0.0098792,-0.04271,0.0060847,0.0048736,0.089089,0.020563,0.027262,-0.038539,0.012131,0.0096234,0.087477,0.027091,0.036638,-0.052968,0.018663,0.014666,0.081618,0.030876,0.043122,-0.065966,9.5235e-05,6.9646e-05,0.017223,-0.00061276,0.013171,-0.0095509,0.00043694,0.00031653,0.025241,0.00034947,0.019262,-0.01504,0.0010397,0.00078171,0.029589,0.0014047,0.02491,-0.019379,0.71043,746,"1"
-0.0049189,0.17226,0.17315,-0.90918,0.1581,-1.1773,0.29486,-0.89749,6.0267,-0.084614,3.0987,0.00084629,1.8958,4.4968,0.17727,5.8102,0.0078516,0.91107,4.684e+16,4.684e+16,4.684e+16,4.684e+16,NA,NA,0.20946,0.15957,0.20946,0.51794,0.56296,0.18281,NA,NA,231,64.723,11963,621330,14.955,226.01,95704,5136,5128,0.91561,0.93766,0.12273,0.088881,0.059024,0.46592,2339.1,1206.2,0.025411,0.0042242,0.023034,0.024938,0.0011835,0.0051923,0.00094148,0.0032786,6.4066,8.0111,1.4389,0.11381,0.41978,0.39702,0.13779,0.44057,0.33047,0.14401,0.4541,0.30851,9.5323,3.1762,31465,73506,70476,0.088687,0.087702,0.05262,0.1748,0.17425,0.054212,0.2508,0.25072,0.05426,0.31328,0.31152,0.053215,0.36556,0.36192,0.052042,0.023875,0.031994,0.16968,0.067717,0.080148,0.14569,0.048784,0.066521,0.16438,0.089503,0.10974,0.21146,0.079162,0.1087,0.1581,0.10838,0.13515,0.2736,0.01292,0.021343,0.22999,0.060854,0.074923,0.20295,0.026314,0.044249,0.21411,0.077925,0.099011,0.28774,0.04372,0.07293,0.20663,0.095457,0.12152,0.35775,0.010381,0.010008,0.13275,0.037464,0.040183,-0.010172,0.021903,0.021745,0.13795,0.052933,0.058634,-0.0027816,0.035567,0.036362,0.13585,0.065174,0.074019,0.010712,0.00057441,0.00064396,0.090732,0.0079445,0.016819,0.0093115,0.0018765,0.002183,0.094677,0.012656,0.026131,0.019488,0.0037168,0.0041422,0.092385,0.016563,0.033881,0.017962,0.78109,746,"0"
-0.016665,0.8243,0.80744,-0.43758,0.80605,-0.45569,0.041382,0.26832,4.9101,0.01419,3.1245,0.00054771,5.8737,5.553,1.1158,7.6152,0.010291,0.43924,6.7972e+16,6.7972e+16,6.7972e+16,6.7972e+16,NA,NA,0.27893,0.28765,0.28765,0.34037,0.56631,0.1658,NA,NA,211,88.445,14455,995610,14.222,205.06,115640,7704,5912,0.912,0.93222,0.30999,0.23477,0.18222,0.78233,4363.3,1996.8,0.015446,0.0030754,0.047207,0.039443,0.00020869,0.0049645,0.00088036,0.0042582,0.27177,0.92339,0.89508,0.10502,0.41746,0.42927,0.11127,0.42681,0.42225,0.10926,0.43693,0.42231,21.243,3.4342,34625,94950,92668,0.063035,0.058747,0.045519,0.13366,0.12734,0.05045,0.20743,0.2034,0.054618,0.28487,0.28711,0.058893,0.3624,0.37421,0.062792,0.0059247,0.0049545,0.051247,0.011005,0.02166,-0.034312,0.011968,0.0099233,0.049079,0.013859,0.029383,-0.047566,0.019273,0.015935,0.046846,0.015953,0.03618,-0.060202,0.001762,0.0013785,0.038174,0.0036041,0.0066139,-0.024346,0.0035377,0.0027528,0.035033,0.0038466,0.0085952,-0.033805,0.0062404,0.0048221,0.035895,0.0053017,0.011799,-0.045546,0.0039838,0.0034532,0.062003,0.011335,0.020745,-0.022949,0.0081143,0.0069552,0.062198,0.015389,0.02894,-0.032619,0.012762,0.010944,0.059326,0.017821,0.034985,-0.039914,0.00017892,0.00012276,0.034397,0.0010124,0.010179,-0.012902,0.00047941,0.00032959,0.029439,0.00076288,0.015833,-0.01804,0.00095773,0.0006554,0.028973,0.00093294,0.021852,-0.02489,0.76351,746,"0"
-0.0027324,0.13016,0.13501,-0.92995,0.11852,-1.255,0.34951,-0.083555,3.3637,0.013932,3.1442,3.8351e-05,2.1736,5.8058,0.13979,7.9844,0.01079,0.93001,4.431e+16,4.431e+16,4.431e+16,4.431e+16,NA,NA,0.16771,0.23876,0.23876,0.37934,0.41821,0.20502,NA,NA,197,117,14143,1108700,12.341,162.04,113140,31552,15600,0.91053,0.9277,0.19807,0.15205,0.087621,0.51786,5383,2212.7,0.032799,0.0052967,0.03481,0.031307,0.0027628,0.0040281,0.0029544,0.0041068,4.6708,6.0327,1.6386,0.10993,0.42604,0.40011,0.11647,0.45088,0.36358,0.12043,0.45252,0.35624,12.319,3.2009,26786,90813,89102,0.092968,0.096186,0.077984,0.18357,0.19149,0.080486,0.26488,0.27844,0.081018,0.33145,0.34867,0.079596,0.38485,0.39976,0.077458,0.014131,0.012656,0.14199,0.043419,0.042337,-0.030062,0.030773,0.029459,0.14659,0.061916,0.063022,-0.017066,0.052506,0.052379,0.14825,0.079485,0.083191,-0.0012396,0.0045984,0.0038577,0.11573,0.021375,0.017791,-0.026041,0.0095139,0.0083811,0.10944,0.027478,0.023895,-0.025858,0.015863,0.014314,0.10599,0.033517,0.030535,-0.026887,0.0082482,0.0075656,0.14912,0.033898,0.034873,-0.018209,0.018633,0.018438,0.16591,0.052153,0.055275,-0.0032524,0.032924,0.034168,0.17779,0.071033,0.075895,0.015282,0.0012848,0.0012323,0.2869,0.024563,0.026854,-0.0037576,0.0032293,0.0032165,0.23035,0.028951,0.035769,-0.00051037,0.0056712,0.005745,0.19929,0.033076,0.044078,0.0021455,0.81496,746,"1"
-0.0002566,0.2184,0.21788,-0.88421,0.21782,-0.86952,-0.016609,0.59377,3.291,0.15357,3.0963,9.5493e-05,3.295,7.0626,0.21708,10.256,0.013859,0.89054,4.8831e+16,4.8831e+16,4.8831e+16,4.8831e+16,NA,NA,0.47798,0.42902,0.47798,0.26863,0.30289,0.1403,NA,NA,290,52.5,8623,273800,15.418,249.71,68984,17632,3864,0.91709,0.94374,0.099508,0.065039,0.083484,0.36294,2350.7,1334.6,0.019577,0.0029545,0.033627,0.037595,0.0013444,0.0045187,0.0044045,0.0066164,2.6685,4.6842,2.2551,0.10637,0.41508,0.41466,0.11459,0.43241,0.3763,0.11453,0.43081,0.37408,6.5184,3.3173,11294,23527,19345,0.092527,0.094506,0.060212,0.18048,0.18321,0.061391,0.26215,0.26452,0.062205,0.33926,0.34087,0.063204,0.40719,0.40708,0.063579,0.013952,0.014449,0.10876,0.037512,0.046239,0.020311,0.029693,0.030983,0.10973,0.051987,0.064586,0.034118,0.049461,0.051868,0.10834,0.064775,0.081385,0.04821,0.0043474,0.0047989,0.084878,0.017408,0.020079,0.031805,0.0084969,0.0091438,0.075826,0.02064,0.024596,0.031366,0.014198,0.015006,0.073595,0.025205,0.030575,0.029644,0.0084218,0.0085901,0.11812,0.030535,0.038417,0.0089385,0.018608,0.019473,0.12854,0.045714,0.057142,0.028839,0.031613,0.033496,0.13244,0.059405,0.07334,0.04689,0.0011831,0.00106,0.20496,0.019669,0.025735,-0.019502,0.0033193,0.0030304,0.18368,0.026223,0.036574,-0.023075,0.0056928,0.0052662,0.1552,0.029167,0.046933,-0.024559,0.90584,746,"1"
-0.0195,0.5779,0.56777,-0.65686,0.54011,-0.51189,-0.2207,-1.2683,9.251,-0.08551,3.0911,0.0009232,10.759,13.017,0.68143,24.038,0.032484,0.65816,5.801e+16,5.801e+16,5.801e+16,5.801e+16,NA,NA,0.43815,0.40802,0.43815,0.26664,0.36728,0.14417,NA,NA,263,53.859,9545,352270,15.614,249.52,76360,8992,4904,0.91514,0.93717,0.11547,0.082378,0.064856,0.4195,2027.7,1068.6,0.028021,0.003647,0.031581,0.030566,0.0030132,0.0037688,0.0047296,0.0093531,0.46108,2.2862,1.6618,0.11263,0.41243,0.40513,0.13244,0.41661,0.36133,0.13833,0.41283,0.34893,6.5968,3.241,12642,27945,24753,0.076876,0.078989,0.045922,0.15537,0.15743,0.048512,0.2391,0.24077,0.05208,0.31347,0.31517,0.053608,0.377,0.37803,0.054034,0.018589,0.020497,0.13301,0.050882,0.057557,0.043481,0.039013,0.04382,0.13234,0.069318,0.081239,0.071516,0.065518,0.074344,0.13173,0.087279,0.10372,0.10025,0.0050353,0.0055285,0.090241,0.020225,0.021871,0.021606,0.011927,0.013598,0.097701,0.031008,0.033524,0.045474,0.022703,0.025981,0.10803,0.044772,0.047193,0.062633,0.012734,0.013972,0.16395,0.047635,0.051812,0.034014,0.026231,0.029102,0.16633,0.065398,0.073525,0.051287,0.042278,0.047849,0.16258,0.079883,0.092443,0.077212,0.00081972,0.00099662,0.13036,0.012348,0.026099,0.022306,0.0026185,0.0030761,0.13301,0.019079,0.038356,0.027602,0.0057828,0.0064477,0.14471,0.028434,0.052087,0.026033,0.90357,746,"1"
-0.0037328,0.52255,0.52316,-0.69002,0.51121,-0.58572,-0.15116,-0.7265,5.2347,-0.087622,3.006,0.0023682,4.0459,5.148,0.616,7.4262,0.010035,0.69111,6.078e+16,6.078e+16,6.078e+16,6.078e+16,NA,NA,0.31207,0.30487,0.31207,0.20827,0.21126,0.13651,NA,NA,298,39.789,9068,276210,17.053,293.16,72544,3384,2312,0.91745,0.94494,0.20572,0.13308,0.18395,2.4239,2866.1,1757,0.015865,0.002306,0.028917,0.038606,0.0010487,0.0026044,0.006422,0.0091762,0.40536,1.1062,1.24,0.10049,0.41298,0.43062,0.093212,0.42409,0.43165,0.092724,0.42666,0.42752,12.432,3.445,13411,23218,19443,0.049589,0.04866,0.025509,0.11073,0.1093,0.029773,0.18655,0.18595,0.034992,0.26462,0.26382,0.038971,0.33631,0.33517,0.04151,0.010639,0.011114,0.065558,0.023361,0.036302,0.029012,0.027113,0.02894,0.079206,0.0411,0.057322,0.063288,0.049409,0.053141,0.085552,0.057378,0.076633,0.093136,0.0024252,0.0024302,0.037429,0.0062145,0.010524,0.00058648,0.0050224,0.0050926,0.03543,0.0077472,0.013957,0.005424,0.0085088,0.0086006,0.034865,0.0095606,0.018396,0.0053457,0.0050677,0.0050681,0.056186,0.013819,0.027169,3.9519e-05,0.012729,0.013074,0.069506,0.025083,0.043082,0.017144,0.022857,0.023896,0.075691,0.035175,0.056588,0.037352,0.0031465,0.0036161,0.43091,0.049897,0.050751,0.056664,0.0096454,0.011072,0.42193,0.073649,0.075403,0.084341,0.019131,0.021864,0.41229,0.097068,0.10012,0.10938,0.72012,746,"0"
-0.00044999,0.094326,0.094188,-0.95168,0.09343,-1.037,0.08971,0.089872,2.5339,0.02175,3.1887,0.00021617,1.8465,6.103,0.0913,8.5801,0.011595,0.95417,3.7375e+16,3.7375e+16,3.7375e+16,3.7375e+16,NA,NA,0.27061,0.23113,0.27061,0.22725,0.32854,0.15487,NA,NA,263,49.072,7788,239910,15.124,237.72,62304,12128,3520,0.91435,0.93736,0.099796,0.071758,0.045269,0.36665,2706.4,1297.1,0.017191,0.0031724,0.037201,0.033443,0.0030298,0.020454,0.0079262,0.032734,2.8359,4.6605,2.1962,0.10197,0.4252,0.41361,0.098862,0.45031,0.38694,0.0962,0.45943,0.38664,7.6975,3.3088,32671,69814,67777,0.10446,0.11276,0.058156,0.19718,0.2076,0.057377,0.27479,0.2838,0.05578,0.33732,0.34337,0.053762,0.38733,0.38942,0.051738,0.0059371,0.0050886,0.039591,0.0096734,0.022673,-0.031632,0.013332,0.011694,0.042148,0.014893,0.034025,-0.038355,0.02357,0.020898,0.044167,0.020492,0.044661,-0.046005,0.0015155,0.00123,0.025313,0.0019238,0.0074183,-0.021583,0.0035062,0.0028897,0.026768,0.0032681,0.010663,-0.028362,0.0065483,0.005521,0.029039,0.0053629,0.014754,-0.033717,0.0044214,0.0038585,0.053052,0.011726,0.02164,-0.024071,0.0098225,0.0088021,0.058046,0.01815,0.033359,-0.027643,0.017007,0.015366,0.060951,0.024442,0.043288,-0.032931,1.3213e-07,9.5091e-08,1.9584e-05,-0.0021899,0.0092628,-0.0050918,1.1517e-05,8.4035e-06,0.00054522,-0.0032117,0.014062,-0.0056985,8.8374e-05,6.6552e-05,0.0020611,-0.003978,0.019814,-0.008196,0.8002,746,"1"
-0.025082,0.69878,0.6785,-0.56621,0.6556,-0.46219,-0.18371,0.65608,4.1591,0.080339,3.1328,2.7604e-05,4.1,4.4039,0.86444,5.9232,0.0080043,0.56677,5.8268e+16,5.8268e+16,5.8268e+16,5.8268e+16,NA,NA,0.09581,0.13413,0.13413,0.21611,0.27722,0.11285,NA,NA,256,53.605,9070,342870,14.556,221.39,72560,19424,1792,0.91571,0.93915,0.16206,0.11416,0.10165,0.57686,2828.6,1506.7,0.016495,0.0026149,0.027645,0.0264,0.0028739,0.0034064,0.0035826,0.0069674,3.2447,3.5365,0.99372,0.10412,0.41256,0.42646,0.10802,0.42499,0.41351,0.10537,0.42379,0.41276,7.4255,3.4117,12609,26813,24821,0.068728,0.071003,0.03988,0.1421,0.14437,0.0431,0.21222,0.21329,0.044903,0.28324,0.28359,0.047052,0.35542,0.3563,0.049485,0.014119,0.014919,0.098134,0.03591,0.046517,0.022318,0.028913,0.031148,0.095277,0.047422,0.063885,0.041467,0.048066,0.05216,0.09388,0.058928,0.080723,0.057955,0.0031884,0.0032047,0.055507,0.010503,0.014669,0.00097772,0.0071651,0.0071967,0.057016,0.015162,0.020018,0.0011684,0.012113,0.01225,0.055986,0.018786,0.026393,0.0037782,0.010393,0.011271,0.12997,0.037089,0.044712,0.028682,0.02118,0.023811,0.13046,0.050312,0.063485,0.056535,0.034339,0.03881,0.12827,0.061821,0.078828,0.074034,0.00053786,0.00044255,0.083089,0.0072132,0.019604,-0.015507,0.0020892,0.0018891,0.10309,0.014314,0.031792,-0.015772,0.0056637,0.0057056,0.13768,0.027344,0.048438,0.001828,0.81177,746,"0"
-0.0028915,0.15389,0.15659,-0.91826,0.14273,-1.1915,0.29758,0.16986,2.6056,0.052766,3.1952,0.0001746,1.5043,3.782,0.1578,4.9835,0.0067344,0.92079,4.6487e+16,4.6487e+16,4.6487e+16,4.6487e+16,NA,NA,0.10107,0.15986,0.15986,0.22802,0.23637,0.12946,NA,NA,228,76.899,12752,725080,14.563,216.68,102020,13880,4192,0.91236,0.93374,0.26183,0.1975,0.15148,0.73061,4292.5,1918.5,0.018193,0.0039938,0.029952,0.029366,0.0018139,0.0082121,0.0031496,0.013328,0.7017,1.7469,0.62034,0.10269,0.42067,0.42513,0.10411,0.44604,0.41417,0.098343,0.44159,0.4311,11.426,3.4011,31242,83957,82654,0.097672,0.10853,0.066161,0.18815,0.20381,0.066615,0.26816,0.28437,0.066234,0.33925,0.35389,0.065788,0.4031,0.41565,0.065515,0.0033885,0.002578,0.027494,0.0019175,0.014789,-0.037384,0.0080209,0.0061739,0.030854,0.0045822,0.02182,-0.050308,0.014133,0.01103,0.032225,0.00681,0.028493,-0.062272,0.0018668,0.0014981,0.037938,0.0040667,0.0079983,-0.022777,0.0045522,0.0036518,0.042286,0.0072707,0.011577,-0.032996,0.0084336,0.0068212,0.045504,0.010807,0.015991,-0.041999,0.0014827,0.0010535,0.021646,-0.00041423,0.01124,-0.030151,0.0033442,0.0024302,0.024045,0.00045069,0.01681,-0.037549,0.0053959,0.0039814,0.023529,0.00029244,0.020983,-0.045187,3.9043e-05,2.6366e-05,0.0070406,-0.0016806,0.0071757,-0.0082226,0.00020686,0.00014295,0.011916,-0.0017597,0.012507,-0.01215,0.00054997,0.00038219,0.015607,-0.001583,0.018135,-0.018389,0.71852,746,"1"
-0.0034114,0.25058,0.24758,-0.86723,0.24721,-0.90108,0.039037,-0.47137,3.3421,0.0096029,3.1416,6.3555e-07,3.0485,5.9544,0.26141,8.7319,0.0118,0.86887,5.0256e+16,5.0256e+16,5.0256e+16,5.0256e+16,NA,NA,0.11974,0.15731,0.15731,0.30865,0.46334,0.19432,NA,NA,320,46.544,11534,415670,17.719,315.93,92272,4000,1688,0.9164,0.94245,0.077606,0.051369,0.070449,0.24998,1832.3,1069.5,0.016261,0.0026458,0.022706,0.024914,3.5411e-05,0.0069888,0.0014251,0.008189,1.5335,1.8449,0.18508,0.10756,0.41408,0.41164,0.11947,0.42441,0.37041,0.12073,0.42099,0.36831,5.3135,3.2932,10565,21660,18480,0.087658,0.089774,0.055624,0.17794,0.18101,0.059018,0.2658,0.26799,0.061501,0.34259,0.34299,0.062236,0.41038,0.40887,0.062481,0.016476,0.018866,0.12523,0.045435,0.054585,0.079287,0.032699,0.036987,0.11783,0.057825,0.071267,0.095871,0.052392,0.058583,0.1119,0.068699,0.085672,0.10797,0.0037435,0.0037723,0.071268,0.013959,0.016392,0.001961,0.0074547,0.007768,0.06487,0.01685,0.021374,0.014667,0.013332,0.014056,0.067384,0.022713,0.028396,0.025135,0.012423,0.014797,0.16991,0.047757,0.054534,0.090948,0.024921,0.028879,0.16786,0.063612,0.07289,0.10068,0.039093,0.044528,0.15969,0.075292,0.086916,0.10822,0.00030937,0.00029611,0.052262,0.0033468,0.017188,-0.0039109,0.0010568,0.0010593,0.057025,0.0058317,0.025183,0.00033395,0.0018974,0.0018797,0.050438,0.0064135,0.031001,-0.0015866,0.95065,746,"1"
-0.040686,0.62219,0.70568,-0.54164,0.44047,-0.87369,0.61304,0.22746,2.2072,0.094224,3.1752,0.00099291,2.5179,2.6326,0.91232,3.1564,0.0042655,0.54251,5.9862e+16,5.9862e+16,5.9862e+16,5.9862e+16,NA,NA,0.18358,0.097155,0.18358,0.24111,0.35756,0.12939,NA,NA,260,61.965,14083,761460,16.016,257.68,112660,1120,1104,0.91424,0.93393,0.12446,0.0923,0.06862,0.44479,1772.4,1005.1,0.012065,0.0021286,0.033415,0.029834,9.108e-05,0.0076905,0.0021466,0.010031,1.0647,1.579,0.65299,0.13005,0.40378,0.39951,0.17051,0.39902,0.35573,0.1871,0.39148,0.34036,6.006,3.1961,21707,55491,54098,0.050402,0.048529,0.032557,0.11316,0.10954,0.038208,0.18401,0.17845,0.043341,0.25264,0.24227,0.046721,0.30933,0.29432,0.047943,0.0047704,0.0038258,0.036911,0.0065159,0.022439,-0.038022,0.011279,0.0092895,0.041373,0.011585,0.032125,-0.048089,0.019714,0.016485,0.042864,0.015791,0.040399,-0.056594,0.0014346,0.001126,0.027802,0.0016392,0.0075331,-0.022963,0.0035165,0.0027791,0.03115,0.0035611,0.010373,-0.03208,0.0063052,0.0050201,0.032442,0.0051716,0.013452,-0.039796,0.0021485,0.0016728,0.029912,0.0025535,0.017199,-0.027515,0.0044146,0.0034347,0.03027,0.0036028,0.023702,-0.036103,0.0066302,0.0051289,0.02757,0.0030581,0.028017,-0.043738,0.0011873,0.001027,0.20418,0.019674,0.026139,-0.014843,0.0038533,0.0035219,0.21166,0.030902,0.040189,-0.014372,0.0077044,0.007127,0.20849,0.041025,0.052953,-0.016407,1.0033,746,"0"
-0.038788,0.61443,0.6716,-0.57228,0.45368,-0.89826,0.56963,-0.025451,2.3553,-0.10725,3.1975,0.00058868,2.8522,3.0843,0.85288,3.8089,0.0051471,0.57268,6.1086e+16,6.1086e+16,6.1086e+16,6.1086e+16,NA,NA,0.15352,0.077295,0.15352,0.22539,0.27092,0.094187,NA,NA,270,42.556,9516,334780,16.3,267.13,76128,1584,1456,0.915,0.94013,0.082285,0.058569,0.044579,0.36092,1514,892.23,0.014128,0.002097,0.029658,0.033511,0.0033622,0.0097078,0.0052846,0.018322,0.70074,0.48879,0.13124,0.12336,0.40964,0.39896,0.17003,0.42055,0.33088,0.1795,0.41112,0.31699,5.436,3.1917,16507,32878,31507,0.066727,0.066459,0.033495,0.14081,0.14038,0.036946,0.21483,0.21243,0.039322,0.28728,0.28315,0.041285,0.35083,0.34504,0.042255,0.0058615,0.0052271,0.035243,0.0089538,0.024085,-0.024709,0.013512,0.012225,0.038518,0.014476,0.03535,-0.031577,0.024384,0.022335,0.0412,0.020614,0.046583,-0.036081,0.0017166,0.0015373,0.025852,0.0027782,0.0078897,-0.013097,0.0039155,0.0035672,0.026954,0.0043291,0.011312,-0.015585,0.0071892,0.0065068,0.028745,0.0065111,0.016064,-0.022152,0.0032699,0.0028095,0.035377,0.0066257,0.019683,-0.022455,0.0058953,0.0049379,0.031412,0.0070149,0.026475,-0.033991,0.0093092,0.0076686,0.030082,0.007981,0.032174,-0.045221,0.00087493,0.00088034,0.11692,0.012202,0.023618,0.00073389,0.0037484,0.0037574,0.16,0.026348,0.040397,0.0004571,0.0083156,0.0084937,0.17487,0.039274,0.057149,0.0054835,0.92302,746,"0"
-0.011906,0.883,0.87534,-0.3514,0.86196,-0.39484,0.12362,-0.16247,3.2129,0.002437,3.1596,1.0368e-06,3.9885,3.5006,1.2947,4.4354,0.0059937,0.35154,6.8813e+16,6.8813e+16,6.8813e+16,6.8813e+16,NA,NA,0.22346,0.18992,0.22346,0.20508,0.39363,0.13314,NA,NA,217,54.751,5121,178580,10.164,111.56,40968,26200,11640,0.91509,0.93871,0.20543,0.15299,0.097332,0.69677,3008,1431.1,0.01492,0.0023649,0.039995,0.02981,0.00097573,0.01213,0.0016456,0.017971,1.048,0.47805,0.50402,0.10507,0.41165,0.43105,0.1115,0.42387,0.42634,0.1031,0.42363,0.44278,10.309,3.4484,41369,89705,87974,0.06131,0.05203,0.030029,0.13449,0.11963,0.03443,0.20789,0.19093,0.037128,0.27635,0.25997,0.03875,0.34172,0.32871,0.040158,0.013625,0.01149,0.079933,0.031499,0.037318,-0.044482,0.025477,0.02132,0.070862,0.036981,0.047985,-0.0603,0.039408,0.032876,0.064968,0.041734,0.058184,-0.07512,0.0034026,0.0027278,0.049999,0.010637,0.013352,-0.02851,0.0067802,0.0054158,0.04554,0.012767,0.015711,-0.038246,0.010902,0.0088026,0.042534,0.014576,0.019119,-0.045482,0.0098717,0.0085036,0.10421,0.032012,0.03441,-0.033248,0.017976,0.015358,0.093459,0.037928,0.045399,-0.044738,0.027212,0.023117,0.085801,0.04281,0.0548,-0.056091,0.00035032,0.00025859,0.045678,0.0035931,0.01636,-0.012683,0.001032,0.00077784,0.042982,0.0049184,0.023626,-0.02021,0.0022249,0.0016937,0.045652,0.0073133,0.03186,-0.026618,0.76761,746,"0"
-0.02462,0.60387,0.61738,-0.61789,0.51941,-0.86403,0.39835,0.5266,2.9521,0.13262,3.1359,4.9728e-06,3.3961,3.8858,0.76179,4.9133,0.0066396,0.61833,6.1213e+16,6.1213e+16,6.1213e+16,6.1213e+16,NA,NA,0.10897,0.20736,0.20736,0.24264,0.27993,0.14507,NA,NA,287,33.533,7329,186860,16.769,283.12,58632,1552,1440,0.91771,0.94168,0.068566,0.047636,0.035601,0.35241,1335.8,811.45,0.013023,0.002049,0.026419,0.028715,0.002205,0.0062736,0.005667,0.014919,2.3111,3.4473,1.4497,0.12041,0.41286,0.39869,0.16728,0.42542,0.32424,0.17117,0.42494,0.31051,4.7797,3.1895,12465,23096,20220,0.065591,0.063333,0.029919,0.13463,0.12942,0.032098,0.21162,0.20446,0.035198,0.28029,0.27261,0.036602,0.34149,0.33306,0.037375,0.010161,0.0091104,0.055517,0.020631,0.035294,-0.033574,0.021099,0.019583,0.054654,0.027663,0.048027,-0.031568,0.034521,0.032477,0.053002,0.033546,0.059566,-0.03248,0.0036061,0.0032309,0.049351,0.011178,0.014689,-0.01969,0.0070821,0.0065057,0.044301,0.013177,0.018852,-0.020409,0.011398,0.010464,0.041412,0.015107,0.023576,-0.025411,0.0046425,0.0038785,0.045642,0.011417,0.02611,-0.03601,0.0098347,0.0083595,0.047619,0.016431,0.03621,-0.044597,0.015957,0.013869,0.046858,0.020112,0.044444,-0.04795,0.0019122,0.002001,0.23221,0.027748,0.03526,0.0074449,0.0052789,0.0056369,0.20476,0.036562,0.04812,0.015319,0.0096402,0.010229,0.18422,0.044009,0.060045,0.017895,0.91491,746,"0"
-0.014211,0.77834,0.76696,-0.48168,0.75075,-0.5517,0.14536,-0.10622,2.9437,0.0081266,3.1836,3.6756e-05,3.1041,3.0546,1.03,3.8307,0.0051766,0.48297,6.7294e+16,6.7294e+16,6.7294e+16,6.7294e+16,NA,NA,0.081611,0.12261,0.12261,0.18106,0.19633,0.10471,NA,NA,290,43.1,8005,232250,15.764,258.31,64040,14816,2392,0.91563,0.93947,0.12776,0.090649,0.086254,0.50769,1520,881.49,0.014394,0.0024403,0.028675,0.027944,0.0087559,0.010378,0.016304,0.01228,1.8807,2.6039,0.99003,0.12279,0.40806,0.40006,0.16693,0.41849,0.33087,0.17383,0.41344,0.3161,5.4508,3.2005,17678,36209,34282,0.059244,0.057579,0.031716,0.13427,0.13283,0.037572,0.2177,0.21646,0.042497,0.29384,0.29,0.045035,0.35588,0.34842,0.045714,0.0090599,0.008408,0.058098,0.019018,0.029423,-0.02052,0.019445,0.018163,0.059117,0.026729,0.041423,-0.026061,0.032914,0.030737,0.059311,0.033998,0.052833,-0.033229,0.003647,0.0035277,0.058576,0.012326,0.01331,-0.0059287,0.0082992,0.0082092,0.060929,0.018069,0.019532,-0.0028125,0.014687,0.01454,0.062632,0.023939,0.02643,-0.0033426,0.003756,0.0033428,0.043339,0.0088079,0.020609,-0.020205,0.0079093,0.006903,0.044946,0.012656,0.028893,-0.031584,0.012854,0.011093,0.0443,0.015483,0.035504,-0.042131,0.001657,0.0015375,0.23615,0.025798,0.030581,-0.0096332,0.0042835,0.0040107,0.19501,0.031576,0.041238,-0.011887,0.0076331,0.0071879,0.17119,0.036892,0.052411,-0.01419,0.89459,746,"0"
-0.035451,0.82672,0.80195,-0.44381,0.78987,-0.4983,0.12278,0.35324,3.0583,0.072596,3.1695,4.9039e-06,2.9452,2.7912,1.1103,3.3142,0.0044786,0.44393,6.6489e+16,6.6489e+16,6.6489e+16,6.6489e+16,NA,NA,0.28413,0.1854,0.28413,0.26321,0.35528,0.12914,NA,NA,315,32.514,6083,119340,17.08,298.89,48664,4672,2840,0.91748,0.94094,0.093382,0.06553,0.052744,0.42758,1527.3,942.51,0.017825,0.0026516,0.026941,0.029934,0.0039984,0.0019442,0.0080671,0.001756,0.20826,0.96557,0.98748,0.12027,0.40945,0.40067,0.1628,0.41275,0.33458,0.16728,0.41198,0.32364,5.5945,3.2054,15929,30614,28491,0.061296,0.0587,0.029429,0.13428,0.12962,0.033698,0.20937,0.20339,0.036654,0.27287,0.26525,0.037506,0.33084,0.31928,0.038112,0.0085946,0.0079971,0.049428,0.016648,0.030071,-0.019418,0.018661,0.017885,0.05088,0.023817,0.04406,-0.016113,0.031656,0.030429,0.051158,0.030394,0.056786,-0.019135,0.0027484,0.0023437,0.039589,0.0074977,0.01102,-0.022677,0.0062117,0.0053704,0.040898,0.01097,0.015941,-0.030775,0.012055,0.010809,0.046103,0.016932,0.02404,-0.031891,0.0041365,0.0038373,0.042805,0.0097872,0.023509,-0.013672,0.0082767,0.0076899,0.042181,0.012906,0.033367,-0.017731,0.012636,0.011764,0.039055,0.014227,0.040365,-0.02078,0.0017097,0.0018161,0.21853,0.02525,0.029919,0.0087003,0.0045201,0.0051281,0.18454,0.031692,0.044021,0.026042,0.0079298,0.0087256,0.1595,0.036423,0.055044,0.024747,0.83723,746,"0"
-0.031908,0.89017,0.87692,-0.34914,0.83071,-0.42929,0.22956,-0.098688,3.1016,-0.029752,3.1448,1.9008e-06,3.6283,3.1801,1.2982,3.9621,0.0053542,0.34945,6.6912e+16,6.6912e+16,6.6912e+16,6.6912e+16,NA,NA,0.1044,0.11573,0.11573,0.13968,0.16825,0.094525,NA,NA,318,31.972,6520,138490,16.791,291.14,52160,10232,2264,0.917,0.94071,0.086296,0.060903,0.039883,0.40061,1274.8,801.36,0.011668,0.0017981,0.029305,0.031565,0.0092594,0.031273,0.020824,0.060253,1.275,1.8118,0.67015,0.12112,0.40559,0.40294,0.16837,0.41306,0.32871,0.17605,0.40274,0.31602,4.7447,3.2235,15185,30042,27714,0.058747,0.057037,0.028207,0.12557,0.12209,0.031514,0.20644,0.20134,0.036143,0.28236,0.27515,0.038813,0.34891,0.33718,0.040197,0.0074999,0.0069903,0.043134,0.013487,0.027458,-0.01798,0.016127,0.015221,0.043972,0.01906,0.039665,-0.020203,0.027176,0.025645,0.043921,0.024086,0.050326,-0.025848,0.0023249,0.0020204,0.033491,0.0055351,0.008686,-0.019324,0.0048933,0.0043719,0.03222,0.0071017,0.012312,-0.020836,0.0078844,0.0071124,0.030155,0.0078752,0.016008,-0.023702,0.0035707,0.0032321,0.036953,0.0076267,0.020991,-0.016574,0.0070328,0.006254,0.035845,0.009748,0.02966,-0.025816,0.01145,0.010113,0.03539,0.011936,0.036508,-0.03415,0.0016043,0.0017378,0.20507,0.023568,0.034046,0.011706,0.0044537,0.0047986,0.18185,0.031183,0.047873,0.014969,0.0083268,0.0088035,0.16749,0.038455,0.060251,0.014702,0.91661,746,"0"
-0.015103,0.83378,0.8186,-0.42462,0.80429,-0.48075,0.13218,-0.025393,3.1669,-0.018484,3.1499,3.0069e-05,3.8053,3.5516,1.1449,4.5388,0.0061335,0.42554,6.7549e+16,6.7549e+16,6.7549e+16,6.7549e+16,NA,NA,0.26261,0.16718,0.26261,0.24329,0.24498,0.12261,NA,NA,305,29.666,7032,161890,17.302,301.22,56256,1888,1344,0.91716,0.94217,0.053358,0.037077,0.018731,0.28728,1293.3,820.29,0.014459,0.0021537,0.027154,0.030781,0.0012979,0.012563,0.0043003,0.024964,1.8114,2.8518,1.3645,0.12429,0.40783,0.39864,0.18372,0.41532,0.3148,0.19513,0.41129,0.29856,4.8185,3.1891,15826,28624,26122,0.065172,0.060642,0.028632,0.13521,0.1278,0.031049,0.20969,0.20003,0.033591,0.27605,0.26315,0.03472,0.33178,0.31633,0.034973,0.010589,0.0095297,0.055721,0.021422,0.033427,-0.03173,0.02117,0.019534,0.052815,0.027267,0.046476,-0.03263,0.033255,0.031082,0.049176,0.031208,0.05774,-0.033876,0.0035189,0.0033168,0.046381,0.01058,0.013289,-0.010649,0.0073273,0.0069103,0.044144,0.013615,0.018091,-0.014066,0.011216,0.010521,0.039249,0.014444,0.02202,-0.018199,0.0056348,0.0047581,0.053354,0.014824,0.026143,-0.034641,0.0097684,0.0081805,0.045553,0.015959,0.034726,-0.044992,0.014451,0.012148,0.040871,0.016951,0.042078,-0.053654,0.001435,0.0014547,0.16784,0.019945,0.029637,0.0019319,0.0047274,0.0049879,0.17661,0.031817,0.04611,0.011848,0.0091782,0.0097327,0.16892,0.04092,0.061268,0.016699,0.8737,746,"0"
-0.0033947,0.12474,0.12724,-0.93413,0.11572,-0.65313,-0.30081,0.90121,2.3562,0.46391,2.7515,0.00064935,2.8013,7.8042,0.1285,12.98,0.017541,0.93557,3.3764e+16,3.3764e+16,3.3764e+16,3.3764e+16,NA,NA,0.30996,0.14987,0.30996,0.20515,0.40338,0.13601,NA,NA,265,62.117,12565,601730,15.88,255.99,100520,11360,2240,0.91284,0.93662,0.11337,0.079892,0.078787,0.34562,1861.8,1059.4,0.024412,0.0028933,0.025424,0.021676,0.014785,0.021175,0.030683,0.042714,2.7306,3.0551,1.1993,0.097726,0.45385,0.41083,0.11768,0.48767,0.33758,0.12361,0.48728,0.32959,5.1298,3.2866,19566,44976,43133,0.10788,0.11074,0.079999,0.21473,0.21923,0.083673,0.31662,0.32671,0.086409,0.42036,0.44262,0.090356,0.50728,0.5355,0.091634,0.02003,0.02396,0.15699,0.058166,0.071879,0.086018,0.039962,0.048318,0.14856,0.074675,0.092919,0.12345,0.062693,0.075224,0.13827,0.086792,0.10846,0.14479,0.011648,0.015995,0.22851,0.057002,0.070428,0.12451,0.023468,0.032668,0.21033,0.072011,0.087896,0.17559,0.03654,0.050477,0.1907,0.082132,0.098809,0.20702,0.0077638,0.0074217,0.10951,0.027684,0.031762,-0.012079,0.016263,0.01558,0.11319,0.038909,0.044382,-0.015672,0.026406,0.025311,0.11136,0.047798,0.05583,-0.019237,0.00061863,0.00054267,0.10814,0.0091919,0.021656,-0.011653,0.0021719,0.0019321,0.12032,0.015893,0.031971,-0.016315,0.0044548,0.0039846,0.1227,0.02183,0.041247,-0.020626,1.0086,746,"1"
-0.00013463,0.047723,0.047663,-0.97584,0.047562,-0.93085,-0.04611,-1.6041,4.5824,-0.41548,2.5322,0.0015575,2.1179,9.7256,0.047296,16.916,0.022859,0.97631,2.8619e+16,2.8619e+16,2.8619e+16,2.8619e+16,NA,NA,0.28792,0.18472,0.28792,0.3559,0.42536,0.18023,NA,NA,264,36.356,6159,144330,15.88,255.98,49272,2832,2368,0.91508,0.93984,0.024686,0.017449,0.04361,0.084701,1698.9,875.09,0.020125,0.0029896,0.03673,0.034168,0.0021825,0.018064,0.0018536,0.029046,3.7498,3.306,0.21888,0.092187,0.44183,0.43461,0.10585,0.45993,0.39077,0.10325,0.46499,0.3932,6.7157,3.4769,37696,71024,69620,0.11639,0.11252,0.057767,0.21245,0.20034,0.05541,0.28147,0.26011,0.051416,0.33832,0.30884,0.048676,0.37914,0.3431,0.045841,0.0085874,0.0073403,0.045049,0.015844,0.031056,-0.036951,0.016948,0.014555,0.04217,0.019627,0.040143,-0.046374,0.025001,0.021421,0.036908,0.020039,0.045802,-0.055445,0.0052004,0.0044354,0.068286,0.017965,0.028242,-0.029547,0.010656,0.0092152,0.063926,0.022853,0.033822,-0.035275,0.016123,0.013948,0.056321,0.024589,0.036489,-0.042021,0.003242,0.0027954,0.030608,0.0060651,0.01438,-0.021111,0.0064363,0.0055132,0.029984,0.0078539,0.020647,-0.028948,0.0096803,0.0082707,0.027326,0.0081089,0.025484,-0.034886,0.00014502,0.00010957,0.016969,0.00026769,0.014163,-0.010179,0.00041443,0.00031471,0.015366,8.9059e-05,0.019585,-0.012575,0.00068751,0.00052195,0.012674,-0.00059323,0.02447,-0.015621,0.75536,746,"1"
-0.00026385,0.10681,0.10676,-0.94504,0.10646,-0.89438,-0.053601,0.35902,2.5784,0.24003,3.1289,0.00038578,1.9508,5.8842,0.10962,9.3627,0.012652,0.94511,3.817e+16,3.817e+16,3.817e+16,3.817e+16,NA,NA,0.38019,0.25906,0.38019,0.33279,0.40542,0.15287,NA,NA,257,52.444,10403,421860,15.8,252.04,83224,3976,3808,0.91166,0.93407,0.15609,0.12152,0.043379,0.53688,4735,1199.8,0.027284,0.0036939,0.060519,0.03836,0.0040882,0.019641,0.0045871,0.028672,3.3941,2.9906,0.13168,0.087322,0.44273,0.44178,0.097889,0.45576,0.41249,0.087537,0.46054,0.42656,8.8703,3.5342,45504,128680,127580,0.13743,0.13274,0.086642,0.24628,0.22451,0.081591,0.31637,0.2773,0.073407,0.35867,0.30665,0.065548,0.38345,0.32358,0.05889,0.0075872,0.0052606,0.050558,0.014779,0.02658,-0.056689,0.013553,0.0093292,0.042836,0.015296,0.032289,-0.072235,0.019853,0.013649,0.037229,0.014812,0.036567,-0.086158,0.004245,0.0029846,0.070804,0.01552,0.021424,-0.039426,0.0068076,0.0047314,0.051874,0.013652,0.022859,-0.049296,0.0096332,0.0066804,0.042743,0.012566,0.023368,-0.058114,0.0032606,0.0022289,0.039103,0.0069266,0.014981,-0.040763,0.006792,0.0046365,0.040191,0.0098449,0.020805,-0.052765,0.010535,0.0072045,0.037774,0.010937,0.025957,-0.063864,8.1545e-05,4.7044e-05,0.01212,-0.00079115,0.010423,-0.0093457,0.00019173,0.00011222,0.00903,-0.0017404,0.014951,-0.011675,0.00033522,0.00020287,0.0078498,-0.0026117,0.019061,-0.014851,0.74755,746,"1"
-0.0013944,0.17897,0.17974,-0.90555,0.1753,-0.76323,-0.15716,-0.35665,2.2273,-0.12742,3.1701,0.00076338,2.8494,6.6634,0.18238,11.197,0.015131,0.90841,4.2865e+16,4.2865e+16,4.2865e+16,4.2865e+16,NA,NA,0.42515,0.3003,0.42515,0.43016,0.76231,0.21583,NA,NA,265,73.328,16993,1089300,16.147,262.13,135940,4600,2336,0.9116,0.93427,0.11919,0.084525,0.079154,0.3607,1298.4,799.52,0.026502,0.0031412,0.021838,0.021873,0.0024986,0.014666,0.003001,0.023961,0.53011,0.27172,0.03559,0.097326,0.44742,0.42569,0.11796,0.4763,0.3728,0.12092,0.47767,0.36848,3.4411,3.4055,10913,28076,24211,0.12119,0.12418,0.10295,0.22816,0.23225,0.10185,0.30948,0.31282,0.096754,0.37546,0.37622,0.092454,0.42594,0.42256,0.088141,0.0099178,0.010348,0.089047,0.025668,0.040622,0.013905,0.019243,0.020408,0.081949,0.031228,0.051827,0.025642,0.030251,0.032341,0.076432,0.035649,0.060823,0.036045,0.0078892,0.0086362,0.1773,0.039263,0.045778,0.027138,0.015343,0.01715,0.15753,0.047304,0.055198,0.044373,0.023676,0.026928,0.14155,0.052955,0.062132,0.062875,0.0020251,0.0017088,0.032722,0.0021371,0.013519,-0.022388,0.0039552,0.0033284,0.031535,0.0024063,0.018846,-0.030368,0.0067223,0.0056187,0.032477,0.0034897,0.023594,-0.040561,3.5533e-06,2.8069e-06,0.00071159,-0.0024861,0.010139,-0.0059737,0.00010201,7.9576e-05,0.0064734,-0.0028911,0.016048,-0.010005,0.00035007,0.00027942,0.011045,-0.0029466,0.022362,-0.012669,1.2217,746,"1"
-0.00014894,0.091339,0.091276,-0.95321,0.091073,-0.90825,-0.04716,-0.0052853,2.5046,0.00675,3.1966,0.00025875,2.1026,7.0316,0.089175,10.986,0.014847,0.95526,3.5833e+16,3.5833e+16,3.5833e+16,3.5833e+16,NA,NA,0.1821,0.11592,0.1821,0.29793,0.39528,0.12158,NA,NA,236,71.453,11524,582540,14.461,216.19,92192,17128,6856,0.90966,0.93381,0.10646,0.079786,0.075956,0.35316,2569.1,1056.2,0.037337,0.004436,0.048752,0.03211,0.00081642,0.0038585,0.0046018,0.0075273,1.8188,0.70455,0.65993,0.093682,0.45062,0.42384,0.10231,0.48155,0.37499,0.10623,0.4864,0.37093,7.3839,3.3907,53765,147490,146240,0.11586,0.1064,0.086466,0.21087,0.18806,0.082695,0.28009,0.24471,0.076928,0.32813,0.28314,0.070983,0.35833,0.30606,0.065143,0.0091462,0.0080316,0.072144,0.021402,0.034063,-0.025899,0.016903,0.014719,0.063241,0.024063,0.041709,-0.035349,0.025063,0.021822,0.055632,0.024771,0.047148,-0.042085,0.0015412,0.001158,0.03043,0.0022053,0.015386,-0.022588,0.0032388,0.0024677,0.029214,0.0025912,0.017824,-0.028906,0.0052621,0.0040265,0.027638,0.0025338,0.019381,-0.03525,0.0074856,0.0067838,0.10626,0.026527,0.028937,-0.017805,0.013306,0.011986,0.0932,0.030199,0.035899,-0.023844,0.01928,0.017411,0.081831,0.031777,0.041331,-0.027494,0.0001194,8.9727e-05,0.021006,-0.00015157,0.014306,-0.0093575,0.00053094,0.00039692,0.029601,0.0011595,0.021179,-0.013609,0.00090864,0.00067541,0.025187,0.00059817,0.026409,-0.015541,0.83609,746,"0"
-0.0068423,0.20946,0.21733,-0.88452,0.18524,-1.2244,0.38425,2.7983,19.257,0.1238,2.9417,0.0045268,5.6698,11.803,0.23014,31.122,0.042057,0.88475,5.1145e+16,5.1145e+16,5.1145e+16,5.1145e+16,NA,NA,0.5257,0.62157,0.62157,0.32484,0.44966,0.14644,NA,NA,169,116.42,15183,1392000,12.454,158.97,121460,19128,1936,0.90855,0.92954,0.19508,0.14992,0.08266,0.56311,3022.1,1351.4,0.033793,0.0066355,0.064946,0.042312,0.0049517,0.021159,0.00536,0.025604,1.9969,3.6341,1.8473,0.094614,0.43313,0.42752,0.10123,0.43167,0.39275,0.11081,0.43506,0.37641,12.768,3.4201,38691,121610,120160,0.10385,0.10266,0.084606,0.2002,0.19334,0.085704,0.28261,0.27063,0.084735,0.35611,0.33849,0.084097,0.41862,0.39605,0.083078,0.012221,0.010933,0.10523,0.033304,0.038771,-0.028022,0.025174,0.022662,0.10281,0.044244,0.050771,-0.036055,0.040852,0.036343,0.098989,0.05325,0.060155,-0.049582,0.002251,0.0019594,0.048516,0.0063452,0.015872,-0.015173,0.0052221,0.0045581,0.05142,0.0098528,0.018324,-0.021021,0.0087126,0.0074516,0.049954,0.011866,0.01954,-0.029426,0.0096958,0.0087611,0.15025,0.038128,0.034999,-0.023381,0.02114,0.019303,0.16164,0.05607,0.051622,-0.0288,0.034673,0.03149,0.16065,0.069785,0.06458,-0.03798,0.00027464,0.00021218,0.052746,0.0028899,0.013323,-0.012411,0.0012727,0.0010531,0.077459,0.008203,0.021809,-0.015928,0.0031375,0.0027042,0.094938,0.01463,0.030974,-0.01803,0.79361,746,"1"
-0.0016571,0.13256,0.13098,-0.93212,0.13098,-0.93037,-0.001877,-0.47497,2.9298,-0.25196,3.0277,2.1598e-05,2.1316,5.814,0.13407,9.8498,0.013311,0.93283,3.8841e+16,3.8841e+16,3.8841e+16,3.8841e+16,NA,NA,0.36638,0.32566,0.36638,0.36902,0.45715,0.16059,NA,NA,202,31.218,5048,125920,14.019,198.32,40384,2008,768,0.91385,0.94266,0.036733,0.02658,0.00029426,0.26852,1099.3,670.61,0.018229,0.0032059,0.05507,0.045371,0.0020328,0.00091038,0.0087077,0.004663,2.7207,1.7108,0.4489,0.094603,0.43406,0.42278,0.12264,0.45641,0.32331,0.13279,0.44043,0.28101,8.7661,3.3823,37448,63259,61995,0.080031,0.083177,0.027378,0.16864,0.1828,0.030316,0.2558,0.28571,0.032205,0.33967,0.38091,0.033683,0.41462,0.45834,0.034551,0.0036641,0.0027415,0.013248,0.0018754,0.019033,-0.034762,0.0078741,0.0058833,0.013504,0.0027897,0.024786,-0.047905,0.013465,0.010092,0.0137,0.003745,0.030591,-0.060183,0.0016023,0.0011752,0.014501,0.0017073,0.015235,-0.025915,0.0042639,0.003155,0.017629,0.0041183,0.018701,-0.037189,0.0077083,0.0057962,0.018558,0.005908,0.021582,-0.044817,0.0017757,0.001362,0.011555,0.00059203,0.0099056,-0.02105,0.0031068,0.0023655,0.0099752,-0.00019095,0.013253,-0.027443,0.0051503,0.0039022,0.01002,-0.00020396,0.017361,-0.03614,0.00028613,0.00020425,0.023075,0.0020045,0.011263,-0.012068,0.00064551,0.00047048,0.016497,0.0014748,0.016612,-0.014961,0.0010912,0.00079347,0.013865,0.0011404,0.021693,-0.018808,0.69753,746,"0"
-0.013537,0.26111,0.2653,-0.85694,0.22752,-0.53356,-0.37737,0.50059,2.0146,0.33898,2.9539,0.0015355,3.7502,7.0162,0.28494,11.202,0.015137,0.85728,3.8867e+16,3.8867e+16,3.8867e+16,3.8867e+16,NA,NA,0.28964,0.15335,0.28964,0.27634,0.46467,0.1485,NA,NA,288,36.896,7364,189750,16.56,278.55,58912,4992,2472,0.91337,0.93891,0.085319,0.059843,0.044008,0.3309,1231.7,729.85,0.030351,0.0029536,0.03241,0.026192,0.00019099,0.021835,0.0018525,0.043923,3.9285,4.8365,1.736,0.093744,0.44505,0.42737,0.11017,0.47186,0.36313,0.11126,0.46753,0.36772,6.2319,3.4189,20867,39671,37301,0.11479,0.11929,0.061884,0.22484,0.2317,0.063695,0.32281,0.33193,0.064048,0.42773,0.44792,0.066841,0.51074,0.53607,0.067073,0.016719,0.017437,0.095264,0.039916,0.053261,0.016766,0.033882,0.035053,0.091571,0.052114,0.068451,0.018415,0.054798,0.056589,0.087866,0.0627,0.082488,0.021697,0.0079033,0.0089187,0.11272,0.031193,0.040145,0.034994,0.016759,0.018526,0.1092,0.041638,0.050049,0.039113,0.026776,0.029628,0.10159,0.04869,0.057919,0.048361,0.0085132,0.0082773,0.087299,0.026383,0.033329,-0.0075221,0.01677,0.01634,0.084856,0.034357,0.043919,-0.0095381,0.02815,0.027363,0.086309,0.043984,0.055328,-0.013219,0.00030239,0.00024093,0.038431,0.0027824,0.016668,-0.015259,0.001301,0.0010659,0.052397,0.006861,0.025949,-0.020328,0.0026363,0.0021816,0.052788,0.0092992,0.034946,-0.025338,0.86276,746,"1"
-0.0010535,0.069371,0.070487,-0.96406,0.066153,-0.72499,-0.24799,-0.3961,2.0939,-0.26551,3.084,0.001129,1.7635,6.6988,0.069122,10.542,0.014246,0.96535,2.8734e+16,2.8734e+16,2.8734e+16,2.8734e+16,NA,NA,0.18305,0.16856,0.18305,0.15208,0.19928,0.0997,NA,NA,248,58.395,7181,256160,12.455,166.46,57448,27440,5432,0.91299,0.93963,0.09035,0.062016,0.055217,0.34234,1514.6,916.96,0.034033,0.0042797,0.024426,0.027167,0.00094922,0.011391,0.0026072,0.017208,4.1877,4.5859,1.0827,0.09261,0.44026,0.42984,0.10704,0.45618,0.37343,0.10774,0.45908,0.36722,8.1985,3.4387,27975,60365,58249,0.10674,0.10958,0.07243,0.20028,0.20439,0.071412,0.28165,0.28583,0.070334,0.34967,0.35476,0.068775,0.40774,0.4122,0.067396,0.008936,0.0083937,0.064086,0.019705,0.035936,-0.019773,0.01892,0.018141,0.064357,0.027156,0.04773,-0.018261,0.03078,0.030112,0.062119,0.03261,0.057319,-0.011879,0.0020624,0.0017586,0.037021,0.0048012,0.020722,-0.022678,0.0042946,0.0036377,0.03522,0.0059308,0.024265,-0.032386,0.0073706,0.0062872,0.035197,0.0075418,0.026634,-0.039408,0.0067915,0.0065587,0.087656,0.022297,0.027879,-0.0097939,0.014668,0.014535,0.093414,0.03264,0.040431,-0.0035174,0.023853,0.024235,0.092051,0.040158,0.051404,0.0076836,8.2186e-05,7.635e-05,0.013147,-0.00080994,0.010677,-0.0023675,0.00029849,0.00026179,0.015131,-0.0008906,0.016868,-0.0076211,0.00067903,0.00058662,0.017113,-0.00074404,0.023111,-0.011373,0.83963,746,"1"
-0.0012035,0.045972,0.046888,-0.97624,0.042731,-1.2669,0.29775,-0.86323,4.1638,-0.093505,3.073,0.0004741,1.0581,4.8849,0.046797,6.7666,0.0091441,0.97656,3.4384e+16,3.4384e+16,3.4384e+16,3.4384e+16,NA,NA,0.57294,0.27663,0.57294,0.24891,0.67998,0.1481,NA,NA,173,140.48,20412,2428900,12.826,167.1,163300,17104,3128,0.90431,0.92574,0.30737,0.24346,0.15879,0.71037,4097.3,2047.5,0.049919,0.0058022,0.042056,0.029162,0.0030848,0.02601,0.0053199,0.036252,1.1506,1.4386,0.39136,0.091084,0.45269,0.42392,0.097877,0.47296,0.38685,0.096596,0.47238,0.39203,12.621,3.3914,40712,156890,155520,0.11425,0.11107,0.11309,0.22435,0.22736,0.1167,0.32222,0.33518,0.11739,0.4122,0.43801,0.11827,0.48529,0.51554,0.11702,0.019527,0.020883,0.2043,0.065484,0.066111,0.020673,0.037606,0.040167,0.18662,0.080605,0.082784,0.026674,0.057477,0.061187,0.16922,0.090683,0.094826,0.030738,0.010846,0.01205,0.28404,0.061075,0.059299,0.024137,0.0193,0.020816,0.2309,0.066926,0.06436,0.021529,0.027834,0.02937,0.19391,0.069563,0.066762,0.017864,0.0078911,0.0080428,0.14858,0.032769,0.033545,0.0036626,0.016862,0.017757,0.15666,0.047196,0.049582,0.013984,0.027952,0.029788,0.15736,0.059489,0.063393,0.021663,0.00078963,0.00079037,0.18427,0.014373,0.02071,6.6256e-05,0.0023183,0.0023634,0.17143,0.019957,0.029568,0.0019545,0.0040873,0.004197,0.15028,0.022767,0.036204,0.0033724,0.8211,746,"1"
-0.0025439,0.04442,0.047705,-0.97582,0.035611,-1.4672,0.50351,-0.40145,2.6362,-0.0047013,3.066,0.00057432,0.95297,4.3623,0.047595,5.8227,0.0078685,0.97616,3.3384e+16,3.3384e+16,3.3384e+16,3.3384e+16,NA,NA,0.3714,0.32003,0.3714,0.32265,0.44435,0.14508,NA,NA,159,157.41,23054,3338000,12.481,156.86,184430,2024,1936,0.90316,0.92119,0.30885,0.25094,0.13096,0.7016,4481.5,2220.4,0.046988,0.0057232,0.046656,0.030812,0.0011144,0.028315,0.0011391,0.035036,2.3303,3.7367,0.97276,0.0926,0.45557,0.42634,0.097197,0.46745,0.41051,0.1,0.48132,0.3952,16.448,3.4107,38289,169610,168360,0.12732,0.14973,0.12812,0.2586,0.29728,0.13674,0.36783,0.41534,0.13622,0.4502,0.49692,0.13132,0.51463,0.55482,0.12615,0.010942,0.011222,0.11638,0.032059,0.039994,0.0053767,0.022356,0.022914,0.11278,0.042073,0.051732,0.0070404,0.035016,0.036056,0.1048,0.048092,0.060723,0.010187,0.0084555,0.0093849,0.2251,0.046427,0.048396,0.020024,0.016448,0.018506,0.20004,0.056046,0.05838,0.029925,0.024903,0.028571,0.17636,0.061426,0.065445,0.042213,0.0022556,0.0016891,0.043174,0.0035385,0.010085,-0.024824,0.0053419,0.0040427,0.050453,0.0074571,0.015543,-0.033998,0.0091319,0.0068294,0.052262,0.010185,0.020122,-0.043825,0.000231,0.00014799,0.054799,0.0022662,0.011985,-0.012495,0.00073865,0.00047226,0.055528,0.0035339,0.016668,-0.019666,0.0015321,0.00099628,0.057263,0.0050639,0.021555,-0.025923,0.75747,746,"1"
-0.00065582,0.11797,0.11729,-0.93944,0.11714,-0.97267,0.035363,-0.2542,2.2705,-0.12907,3.1671,0.00051442,2.4137,7.1426,0.11391,11.158,0.015078,0.94278,3.9718e+16,3.9718e+16,3.9718e+16,3.9718e+16,NA,NA,0.58512,0.19412,0.58512,0.27567,0.58926,0.15139,NA,NA,213,54.338,6924,239140,13.202,183.97,55392,10736,9712,0.91177,0.93811,0.056346,0.041465,0.030557,0.25462,2021.2,912.43,0.032294,0.0044435,0.038023,0.032119,0.0039354,0.000876,0.0080496,0.0030373,1.2197,1.1218,2.1251,0.09264,0.44087,0.43177,0.10162,0.46754,0.38043,0.10908,0.46522,0.37781,7.8988,3.4542,52701,114580,113450,0.11217,0.09999,0.061284,0.20815,0.18495,0.059762,0.28387,0.24823,0.05708,0.33751,0.29085,0.053453,0.37484,0.32127,0.049889,0.007519,0.0065204,0.04342,0.013543,0.031173,-0.026913,0.015455,0.013319,0.042331,0.017799,0.039374,-0.037488,0.025222,0.021569,0.040987,0.021353,0.045628,-0.049086,0.00078844,0.00058205,0.011396,-0.0016126,0.017584,-0.017676,0.0018,0.001365,0.011887,-0.0020157,0.019381,-0.022532,0.0028536,0.0021817,0.010973,-0.0030852,0.019562,-0.026384,0.0067305,0.0059383,0.069948,0.019735,0.024806,-0.022478,0.013788,0.012065,0.070707,0.026987,0.034294,-0.032021,0.02284,0.019778,0.070972,0.034,0.042989,-0.0433,0,0,0,-0.0020417,0.0080058,0,5.5065e-06,3.6807e-06,0.00022476,-0.0030496,0.012787,-0.0069912,8.0286e-05,5.5424e-05,0.0016293,-0.0037347,0.017337,-0.0094518,0.74923,746,"0"
-0.00015889,0.073342,0.073268,-0.96262,0.073185,-0.99505,0.03369,0.0008401,1.8659,0.063066,3.1726,0.0018915,1.5157,5.6791,0.071051,8.6167,0.011644,0.96437,3.4238e+16,3.4238e+16,3.4238e+16,3.4238e+16,NA,NA,0.27929,0.10361,0.27929,0.24942,0.4449,0.13695,NA,NA,248,50.952,9412,357640,15.521,243.21,75296,3904,3024,0.91118,0.93614,0.02642,0.019757,0.014092,0.10344,1242.8,717.2,0.02375,0.0028815,0.043672,0.032072,0.015557,0.026595,0.028718,0.042312,3.5884,3.7697,0.77454,0.093522,0.44864,0.42521,0.10983,0.47631,0.36842,0.10917,0.48535,0.36396,5.3387,3.4017,27588,64261,63356,0.11254,0.097532,0.066105,0.20749,0.17654,0.064046,0.27685,0.23296,0.05985,0.32959,0.27483,0.05612,0.36629,0.30418,0.052412,0.0092764,0.0071174,0.057592,0.019331,0.03378,-0.047378,0.016893,0.012942,0.049746,0.021275,0.040986,-0.061967,0.025417,0.01955,0.044406,0.022441,0.046382,-0.073185,0.0031252,0.0024039,0.048566,0.0095786,0.022901,-0.027336,0.0062772,0.0048346,0.044565,0.011553,0.026905,-0.037893,0.010532,0.0081094,0.043538,0.014152,0.030039,-0.047435,0.0060236,0.0046237,0.067303,0.017665,0.022936,-0.037962,0.010643,0.0081265,0.05868,0.019684,0.029292,-0.049111,0.015526,0.0119,0.051868,0.020581,0.034498,-0.057395,0.00012756,8.9877e-05,0.017663,1.3934e-06,0.011886,-0.0083789,0.00038273,0.00026073,0.016795,-0.00015579,0.016449,-0.013182,0.00059741,0.00040375,0.013034,-0.0011254,0.020186,-0.015276,0.9479,746,"1"
-0.0012493,0.14858,0.14814,-0.92285,0.14622,-1.0279,0.11388,-0.33368,4.4222,0.090418,3.1404,4.7415e-05,4.5676,11.677,0.1526,23.136,0.031264,0.92354,4.3862e+16,4.3862e+16,4.3862e+16,4.3862e+16,NA,NA,0.42832,0.22634,0.42832,0.29965,0.61928,0.18551,NA,NA,238,78.513,15411,1001200,15.19,233.05,123290,8360,3632,0.91148,0.93566,0.12164,0.08581,0.069495,0.42534,2698.7,1129.4,0.03058,0.0042198,0.02812,0.026591,0.0032086,0.010366,0.0042934,0.015155,2.2668,4.692,2.0694,0.091134,0.43774,0.44126,0.097997,0.44666,0.4198,0.099373,0.45009,0.417,9.97,3.5301,20692,51810,49479,0.097838,0.094861,0.079761,0.18624,0.18215,0.079782,0.26678,0.26053,0.080041,0.33431,0.32382,0.079002,0.39016,0.37623,0.077482,0.0094472,0.00854,0.081402,0.023459,0.037533,-0.03041,0.018463,0.016721,0.075456,0.028774,0.047652,-0.039277,0.028615,0.025819,0.069384,0.032069,0.054356,-0.049355,0.0020558,0.0016765,0.044338,0.0052362,0.017995,-0.028163,0.0044507,0.0036743,0.043854,0.0070773,0.021657,-0.0357,0.0068846,0.005754,0.0395,0.0069857,0.022541,-0.040029,0.0071516,0.0066804,0.1109,0.026184,0.031218,-0.017979,0.013826,0.012936,0.10579,0.033222,0.041753,-0.02319,0.021927,0.020302,0.10166,0.039531,0.050451,-0.032846,0.00023981,0.00018311,0.046088,0.0022068,0.014951,-0.013828,0.00061891,0.00047373,0.037693,0.0020425,0.020893,-0.01777,0.00092452,0.00071156,0.027994,0.00072568,0.024989,-0.020284,0.85818,746,"0"
-0.0022997,0.23931,0.238,-0.87274,0.2354,-0.78148,-0.10457,-0.4515,3.5897,-0.026817,3.1316,9.4523e-06,5.3106,10.548,0.25283,16.505,0.022304,0.87333,4.7039e+16,4.7039e+16,4.7039e+16,4.7039e+16,NA,NA,0.43519,0.44103,0.44103,0.34151,0.35831,0.16803,NA,NA,246,72.122,13401,737400,15.278,237.33,107210,8408,6880,0.91141,0.93495,0.1093,0.077583,0.068479,0.39391,1525.1,856.47,0.032413,0.0038806,0.028583,0.027126,0.0077973,0.014502,0.012048,0.021065,1.6838,0.22099,1.3609,0.096554,0.45142,0.40893,0.11484,0.48526,0.32955,0.11505,0.48381,0.31987,3.5737,3.2714,14442,36020,34084,0.10215,0.099172,0.080247,0.20736,0.20493,0.085597,0.30611,0.30808,0.088498,0.4049,0.419,0.092201,0.4874,0.51014,0.09327,0.020801,0.024735,0.1727,0.062589,0.072535,0.086231,0.040594,0.048021,0.15987,0.078343,0.092511,0.11174,0.064358,0.07585,0.15037,0.092221,0.11001,0.13486,0.0061025,0.0066515,0.12682,0.027739,0.035832,0.022591,0.013369,0.014737,0.12693,0.038469,0.047019,0.03615,0.022801,0.025747,0.12606,0.048577,0.057544,0.057334,0.013989,0.017367,0.20903,0.057218,0.061366,0.089727,0.026746,0.032928,0.1972,0.072237,0.079491,0.11276,0.04169,0.051031,0.18626,0.084844,0.095254,0.13424,0.00070946,0.00071647,0.13139,0.011218,0.020925,0.00088237,0.0018057,0.001798,0.10597,0.012982,0.029112,-0.00055491,0.0033768,0.0032467,0.098528,0.015835,0.038108,-0.0066068,1.1166,746,"1"
-0.00078219,0.093461,0.093421,-0.95208,0.092282,-1.0572,0.11038,-0.089001,1.7872,0.002996,3.0903,0.0026546,1.9069,6.2055,0.094182,9.2806,0.012541,0.95281,3.5957e+16,3.5957e+16,3.5957e+16,3.5957e+16,NA,NA,0.31197,0.10568,0.31197,0.52329,0.58318,0.16495,NA,NA,249,45.349,8115,266480,15.395,240.7,64920,6544,1848,0.91221,0.93801,0.010002,0.007238,0.021464,0.060851,1209,702.32,0.023219,0.002778,0.04338,0.029394,0.011528,0.028172,0.019212,0.050651,0.36101,0.63482,0.42031,0.090532,0.43744,0.44246,0.10318,0.45153,0.40973,0.099013,0.45612,0.41279,5.2823,3.5397,30148,64133,63064,0.10696,0.097332,0.059429,0.19134,0.17066,0.055866,0.25091,0.22148,0.051307,0.29595,0.2593,0.047665,0.32683,0.2844,0.044236,0.0048155,0.0037347,0.028279,0.0057611,0.026816,-0.040005,0.0096496,0.0076202,0.026878,0.0069364,0.033848,-0.050289,0.015082,0.012024,0.024924,0.0070917,0.038445,-0.058541,0.0024168,0.0018898,0.035525,0.0059955,0.020646,-0.028524,0.0051959,0.0042022,0.034893,0.0080265,0.024136,-0.033673,0.0081125,0.0066453,0.031722,0.0084415,0.025348,-0.038084,0.0022749,0.0017541,0.024043,0.0026859,0.015311,-0.02689,0.0041371,0.0031918,0.021575,0.0024052,0.020001,-0.035329,0.0066376,0.0051582,0.020974,0.002644,0.024066,-0.04291,0.00012374,9.087e-05,0.016208,-6.0265e-05,0.013042,-0.0082664,0.00033754,0.00024229,0.01401,-0.00050168,0.018633,-0.013195,0.00059336,0.00042113,0.012245,-0.0011149,0.023918,-0.017111,0.91819,746,"1"
-0.0015522,0.18088,0.17988,-0.90547,0.17867,-0.83142,-0.081789,-0.95859,2.9214,-0.30511,2.9159,9.371e-09,2.6509,6.0951,0.18866,9.2033,0.012437,0.90554,4.2978e+16,4.2978e+16,4.2978e+16,4.2978e+16,NA,NA,0.17699,0.2917,0.2917,0.27879,0.28299,0.15501,NA,NA,241,74.32,16576,1138300,15.422,238.9,132610,912,880,0.91258,0.93463,0.060943,0.043536,0.031396,0.23768,1212.2,781.94,0.019108,0.0028336,0.022574,0.020406,3.4624e-05,0.013629,0.0033365,0.020736,3.3683,4.5717,1.7724,0.093438,0.4466,0.43243,0.10769,0.47236,0.3944,0.11041,0.47516,0.39079,3.9912,3.4594,19093,48898,47308,0.11585,0.11214,0.092093,0.20213,0.19055,0.084433,0.26164,0.24202,0.076544,0.30524,0.27894,0.070334,0.33876,0.30669,0.065599,0.0051713,0.0042933,0.043449,0.0081642,0.025652,-0.036717,0.010139,0.0086826,0.040403,0.0094414,0.033157,-0.041407,0.015862,0.013916,0.037503,0.0098482,0.038681,-0.043122,0.0025458,0.0021775,0.053538,0.0079223,0.020072,-0.021841,0.0052565,0.0048086,0.050503,0.0098516,0.024151,-0.017804,0.0086804,0.0082452,0.048562,0.011633,0.027237,-0.013111,0.0026072,0.0021029,0.039422,0.0047659,0.014306,-0.030283,0.0050594,0.0040758,0.037749,0.0057343,0.019809,-0.039162,0.0075986,0.0060887,0.034353,0.0054279,0.023798,-0.047788,1.8404e-05,1.2826e-05,0.0034489,-0.0021152,0.012783,-0.0072219,0.00011953,8.3855e-05,0.0070983,-0.0026312,0.018488,-0.011352,0.0002746,0.00019534,0.0081076,-0.0033162,0.023271,-0.014098,1.2233,746,"1"
-0.0019142,0.12625,0.12687,-0.93432,0.12161,-1.1245,0.20354,-0.49608,3.5291,-0.31309,3.0416,0.00026458,2.2049,6.1242,0.12928,10.396,0.014049,0.93521,4.0823e+16,4.0823e+16,4.0823e+16,4.0823e+16,NA,NA,0.36092,0.28069,0.36092,0.28298,0.35392,0.12357,NA,NA,194,63.464,9717,487510,13.697,189.69,77736,4952,2088,0.91056,0.93465,0.099512,0.078331,0.014041,0.4199,2253.5,925.55,0.027546,0.0041689,0.039356,0.03384,0.00043778,0.015684,0.0016973,0.023603,1.5978,0.13925,0.86543,0.096333,0.44619,0.41526,0.112,0.47117,0.34696,0.11605,0.47368,0.33732,8.7431,3.3221,57030,152700,151830,0.13931,0.16808,0.077401,0.26534,0.32022,0.07747,0.36828,0.42874,0.075307,0.4423,0.49548,0.071236,0.49401,0.5372,0.066863,0.0068243,0.0072738,0.040076,0.011628,0.02848,0.010197,0.013915,0.01586,0.038759,0.015031,0.037303,0.029363,0.023053,0.026074,0.038097,0.018448,0.044057,0.034652,0.0004686,0.00030346,0.0068881,-0.0031235,0.011761,-0.014958,0.0014456,0.00091999,0.0097081,-0.0030828,0.013341,-0.026591,0.00319,0.002045,0.012474,-0.0023723,0.014426,-0.036164,0.0063555,0.0069702,0.06717,0.018454,0.025949,0.014401,0.012611,0.015031,0.065768,0.024195,0.036499,0.038109,0.020307,0.02431,0.06417,0.029343,0.045121,0.048667,1.9414e-07,1.2111e-07,2.543e-05,-0.0020559,0.0084358,-0.0048565,1.202e-05,7.4984e-06,0.00049893,-0.0030252,0.011054,-0.0048565,7.93e-05,5.0295e-05,0.0016365,-0.0037714,0.013764,-0.0075034,0.75588,746,"1"
-0.0050988,0.070687,0.081429,-0.95836,0.048033,-1.5721,0.64041,-1.4187,7.2862,-0.081302,2.9251,0.0056975,1.5108,5.2345,0.083079,7.5129,0.010153,0.9584,3.9992e+16,3.9992e+16,3.9992e+16,3.9992e+16,NA,NA,0.62658,0.34717,0.62658,0.26916,0.76596,0.17286,NA,NA,202,90.262,16156,1290100,14.09,199.69,129250,2232,1696,0.90742,0.92787,0.1899,0.15726,0.042484,0.51754,3122.6,1274.4,0.039179,0.0061024,0.055333,0.029434,0.00026737,0.045329,0.00040416,0.058469,1.8971,1.1967,1.1129,0.10487,0.4582,0.39639,0.12413,0.48068,0.34133,0.13239,0.50061,0.30452,12.046,3.1711,51805,219050,218370,0.12908,0.13791,0.099754,0.23331,0.23908,0.094746,0.31237,0.31139,0.088842,0.37525,0.36361,0.08406,0.42399,0.40438,0.079817,0.024191,0.041713,0.19759,0.073787,0.10838,0.18921,0.046237,0.076461,0.17913,0.090363,0.12955,0.22372,0.069448,0.11167,0.15963,0.10003,0.14226,0.25026,0.019958,0.038337,0.40804,0.10425,0.153,0.21642,0.037268,0.06933,0.3481,0.12193,0.1738,0.26174,0.055133,0.10016,0.29986,0.13222,0.18486,0.29656,0.0038787,0.0031593,0.057016,0.010512,0.013761,-0.019686,0.0082766,0.0068684,0.060034,0.01544,0.020168,-0.024503,0.013293,0.011336,0.058425,0.018511,0.02552,-0.025842,0.00035437,0.00021662,0.064561,0.0043371,0.013842,-0.014896,0.0011139,0.00070071,0.064308,0.006528,0.019526,-0.020926,0.0024295,0.0015994,0.069735,0.00991,0.025328,-0.027096,0.78487,746,"0"
-0.0026799,0.23628,0.23771,-0.87291,0.22838,-0.69994,-0.19815,0.19087,2.1112,0.025513,3.1614,0.0013492,3.6601,7.3425,0.24783,11.38,0.015378,0.87555,4.6353e+16,4.6353e+16,4.6353e+16,4.6353e+16,NA,NA,0.38149,0.13611,0.38149,0.51207,0.53195,0.21887,NA,NA,249,80.715,16917,1148100,15.649,246.26,135340,2872,2552,0.91111,0.93234,0.1474,0.10645,0.097151,0.45057,1972.7,1050.6,0.022513,0.0027854,0.027564,0.028193,0.0016812,0.0041967,0.0028883,0.006394,5.0142,7.8318,3.2047,0.097091,0.45595,0.40772,0.11676,0.49184,0.33256,0.11862,0.49311,0.32346,4.3632,3.2618,10772,29511,27596,0.10123,0.099894,0.088029,0.2054,0.206,0.093855,0.30495,0.31132,0.097594,0.41146,0.42771,0.10371,0.5075,0.53426,0.1075,0.020507,0.025488,0.18848,0.064858,0.078316,0.10534,0.039415,0.047646,0.17182,0.079725,0.096112,0.12045,0.061964,0.07307,0.16026,0.092867,0.11092,0.12758,0.0082504,0.010725,0.1898,0.04186,0.053595,0.081157,0.015312,0.01899,0.16093,0.047765,0.059928,0.084722,0.023658,0.028199,0.14479,0.053545,0.064879,0.082489,0.011495,0.014025,0.19013,0.048161,0.05432,0.072471,0.023708,0.028592,0.1935,0.066279,0.073934,0.091943,0.038212,0.045558,0.18898,0.080845,0.090198,0.10627,0.0007615,0.00073729,0.15611,0.012875,0.021031,-0.0029119,0.0021088,0.0019867,0.13699,0.01663,0.03042,-0.0080568,0.0041649,0.0039386,0.13452,0.021803,0.040256,-0.010072,1.1445,746,"1"
-0.0031697,0.29389,0.29293,-0.84064,0.28727,-0.72373,-0.13907,0.31272,2.7441,0.059796,3.1454,0.00027735,2.4991,4.5019,0.30736,6.3783,0.0086193,0.84528,4.7343e+16,4.7343e+16,4.7343e+16,4.7343e+16,NA,NA,0.099045,0.23746,0.23746,0.11052,0.15965,0.077657,NA,NA,165,135.15,18774,2144800,12.592,160.61,150190,11608,5464,0.91041,0.93593,0.34109,0.24031,0.24894,0.81607,3555.1,2116.2,0.018671,0.0028797,0.039411,0.045332,0.0010693,0.0034796,0.0017066,0.0060427,1.1925,0.50206,1.091,0.081574,0.43531,0.46155,0.072508,0.43713,0.47529,0.070438,0.4392,0.47713,24.151,3.6924,19526,47854,45142,0.07951,0.078733,0.073133,0.1588,0.15622,0.076754,0.23835,0.23391,0.080683,0.31855,0.311,0.084931,0.39855,0.38943,0.089298,0.010382,0.0098794,0.10093,0.028494,0.039424,-0.019429,0.019884,0.019406,0.091687,0.034101,0.05121,-0.012483,0.030542,0.030161,0.083554,0.037671,0.059998,-0.0079006,0.0046311,0.0043181,0.11269,0.021167,0.02815,-0.017856,0.0087692,0.0084748,0.097487,0.024082,0.033144,-0.011513,0.013634,0.013585,0.088259,0.026618,0.037009,-0.0015089,0.0043163,0.0042148,0.075518,0.013682,0.020812,-0.0062571,0.0088857,0.0087846,0.076711,0.018911,0.029729,-0.0039459,0.013617,0.013536,0.071233,0.02106,0.035967,-0.0024794,0.0014347,0.0013466,0.3111,0.027321,0.03387,-0.010662,0.0042573,0.0041717,0.29253,0.038667,0.051004,-0.0050925,0.0082884,0.0082693,0.28316,0.050012,0.067372,-0.00078514,0.69794,746,"0"
-0.00067744,0.22957,0.22937,-0.87768,0.2285,-0.93182,0.061679,-0.38814,3.794,0.016046,3.153,4.5034e-05,4.8146,9.8655,0.23754,17.216,0.023264,0.88067,4.9084e+16,4.9084e+16,4.9084e+16,4.9084e+16,NA,NA,0.38075,0.31652,0.38075,0.37842,0.46811,0.18762,NA,NA,263,47.719,7746,242740,14.737,228.09,61968,14640,6344,0.91357,0.9373,0.037953,0.027271,0.014262,0.18415,1141.2,695.45,0.026288,0.003635,0.044993,0.034175,0.010669,0.020174,0.020439,0.035647,4.2173,5.8862,1.8068,0.089747,0.44702,0.42297,0.10376,0.48198,0.34027,0.10095,0.49435,0.32599,4.6075,3.3838,20539,44368,43044,0.090745,0.093203,0.054036,0.17851,0.18458,0.055859,0.25949,0.26757,0.056867,0.33943,0.34996,0.058589,0.41135,0.42587,0.059669,0.018773,0.018971,0.11816,0.048202,0.05313,0.0040681,0.036676,0.037141,0.10949,0.060311,0.06843,0.0064377,0.056587,0.057434,0.10022,0.068596,0.080234,0.0092818,0.0044286,0.00408,0.069766,0.015965,0.0241,-0.014494,0.0085483,0.0078616,0.061523,0.018603,0.028367,-0.019362,0.01322,0.012304,0.055401,0.020366,0.031343,-0.02035,0.013999,0.014618,0.15856,0.049712,0.04672,0.014797,0.028372,0.029613,0.15857,0.067038,0.064435,0.019553,0.044899,0.046884,0.15206,0.080147,0.078968,0.024347,0.00034596,0.00027391,0.048566,0.003656,0.015347,-0.011638,0.00093898,0.00074207,0.04177,0.0043098,0.022447,-0.017479,0.0019789,0.0016104,0.043767,0.0062624,0.029854,-0.022407,0.92432,746,"1"
-0.00031267,0.093165,0.09278,-0.95242,0.092764,-0.96497,0.013178,-0.31578,2.3768,-0.055606,3.1412,0.00037478,2.1649,7.0536,0.093955,11.302,0.015273,0.95294,3.6418e+16,3.6418e+16,3.6418e+16,3.6418e+16,NA,NA,0.36679,0.083647,0.36679,0.37225,0.57458,0.18603,NA,NA,235,78.911,16165,1111600,15.187,232.09,129320,5152,1584,0.91254,0.93704,0.083689,0.058127,0.061334,0.28514,1417.4,825.77,0.020796,0.0033995,0.033833,0.02868,0.0057057,0.0068973,0.0066664,0.017206,1.6221,1.0454,0.20532,0.096051,0.44386,0.42747,0.11694,0.45934,0.38151,0.11714,0.46383,0.37694,4.0796,3.4197,18789,46498,44235,0.1181,0.11574,0.095941,0.21575,0.20892,0.092106,0.28876,0.27723,0.086336,0.3439,0.32787,0.080985,0.38252,0.36271,0.0757,0.0043333,0.0038869,0.037208,0.0052837,0.026202,-0.02242,0.0086242,0.0076109,0.035124,0.0060582,0.031444,-0.034257,0.014029,0.012338,0.033898,0.0067877,0.035926,-0.043862,0.0021454,0.0019299,0.046109,0.0057357,0.020267,-0.015397,0.0042332,0.0037547,0.041565,0.0062819,0.02136,-0.02307,0.0069694,0.0062458,0.039848,0.0071994,0.022351,-0.026757,0.002164,0.0019388,0.03344,0.0027401,0.015462,-0.01592,0.0043975,0.0038657,0.033531,0.0037322,0.020938,-0.025187,0.0072755,0.006287,0.033615,0.0047223,0.025887,-0.035411,2.3916e-05,1.8198e-05,0.0045803,-0.0020307,0.010317,-0.0049111,7.036e-05,5.2797e-05,0.0042702,-0.0031233,0.013552,-0.0067841,0.00015994,0.00011949,0.004826,-0.0040726,0.017348,-0.011058,1.11,746,"1"
-0.029709,0.50293,0.52774,-0.6867,0.40756,-0.35901,-0.4772,-0.18951,3.4396,0.055872,3.1739,0.000156,5.6635,7.1555,0.62477,12.05,0.016283,0.68704,4.9275e+16,4.9275e+16,4.9275e+16,4.9275e+16,NA,NA,0.42249,0.11131,0.42249,0.24078,0.74555,0.1586,NA,NA,233,59.682,11573,574230,15.114,229.96,92584,2280,2056,0.91231,0.93709,0.14961,0.10679,0.090201,0.50741,2076.6,991.06,0.031043,0.003664,0.030021,0.028698,0.00047664,0.013858,0.00058258,0.028128,2.7787,3.5529,1.531,0.094483,0.4511,0.41556,0.11363,0.4964,0.33176,0.11282,0.49502,0.32199,7.0075,3.3245,18665,39985,37825,0.11156,0.11287,0.070796,0.21732,0.22206,0.072472,0.31754,0.32503,0.074164,0.42741,0.44379,0.078627,0.52463,0.55245,0.081105,0.019826,0.027177,0.13298,0.053078,0.075251,0.1515,0.038331,0.04992,0.12195,0.065661,0.091346,0.16388,0.061285,0.076835,0.11568,0.078014,0.10531,0.17236,0.0059212,0.0077886,0.099413,0.023966,0.039575,0.071318,0.012485,0.01539,0.09576,0.031693,0.046929,0.071713,0.02031,0.023972,0.090712,0.037705,0.051881,0.068752,0.013331,0.018927,0.16092,0.048586,0.062803,0.13936,0.025606,0.03548,0.15253,0.061639,0.080666,0.16959,0.041811,0.056145,0.15091,0.076337,0.097287,0.1915,0.00057349,0.00046175,0.085799,0.0077092,0.017033,-0.016464,0.0019355,0.0015762,0.091762,0.012717,0.026723,-0.024143,0.0038886,0.0032003,0.09166,0.017031,0.036352,-0.030504,0.8853,746,"1"
-0.0011825,0.24272,0.24183,-0.87055,0.24121,-0.82674,-0.050321,0.23255,3.1484,-0.039175,3.2017,0.00015253,4.0702,8.0994,0.25187,12.793,0.017288,0.87348,4.8091e+16,4.8091e+16,4.8091e+16,4.8091e+16,NA,NA,0.27327,0.27888,0.27888,0.43708,0.63021,0.19087,NA,NA,399,26.89,5347,73080,19.086,375.02,42776,3384,2848,0.91533,0.9452,0.059308,0.037668,0.05207,0.23228,1387.7,857.26,0.018879,0.002823,0.027389,0.030027,0.0081121,0.0078664,0.015457,0.01098,3.6787,4.7575,1.5929,0.091031,0.44049,0.43825,0.11053,0.47269,0.37614,0.11085,0.47796,0.36947,7.5624,3.506,10445,19640,14666,0.10394,0.10371,0.062787,0.19577,0.19492,0.062143,0.28588,0.28585,0.063554,0.36708,0.3681,0.064276,0.44142,0.44363,0.064955,0.01071,0.010835,0.06838,0.023979,0.040806,0.00687,0.022699,0.022924,0.068738,0.033077,0.053602,0.0079875,0.036462,0.036634,0.06551,0.03918,0.063055,0.0046523,0.0050339,0.0049806,0.080446,0.019038,0.031594,-0.0042708,0.010681,0.010682,0.077982,0.025331,0.037801,3.8734e-05,0.016498,0.016457,0.070136,0.02803,0.040536,-0.0015879,0.0048954,0.0050197,0.056249,0.013368,0.023336,0.009931,0.010124,0.010251,0.057401,0.018574,0.032715,0.0066643,0.016829,0.016941,0.057817,0.023531,0.041069,0.0044286,0.00078097,0.00083481,0.11121,0.011015,0.019073,0.012904,0.0022177,0.0023165,0.10008,0.014685,0.028471,0.011487,0.0038705,0.0039707,0.086839,0.016509,0.036882,0.0081917,0.85558,746,"1"
-0.0028318,0.26881,0.26743,-0.85569,0.26624,-0.91268,0.066592,-2.4963,20.057,-0.2392,2.9949,0.0015726,6.843,12.736,0.28791,25.415,0.034345,0.85583,5.2023e+16,5.2023e+16,5.2023e+16,5.2023e+16,NA,NA,0.25116,0.44661,0.44661,0.30448,0.38975,0.16571,NA,NA,282,47.535,10936,423360,16.661,279.05,87488,1776,1272,0.91423,0.94005,0.02051,0.013901,0.0043863,0.091394,1184.9,769.37,0.023545,0.0035415,0.034164,0.038194,0.0022544,0.011088,0.005249,0.026969,1.807,0.92772,0.58698,0.090625,0.43578,0.43727,0.1017,0.43496,0.40412,0.102,0.4324,0.40621,6.2346,3.4981,9810.1,20220,17668,0.078547,0.07556,0.050798,0.15614,0.15089,0.053061,0.2279,0.22113,0.054243,0.29742,0.28902,0.055757,0.36025,0.34965,0.056754,0.0080059,0.007443,0.054724,0.016294,0.033967,-0.023294,0.014685,0.013457,0.047611,0.017818,0.04174,-0.035903,0.022946,0.020881,0.044138,0.019767,0.048586,-0.047662,0.0027173,0.0025459,0.046491,0.007997,0.022252,-0.011966,0.0048752,0.0044096,0.038107,0.0076457,0.024033,-0.023551,0.0074866,0.0066645,0.034075,0.0076351,0.025539,-0.032993,0.0052356,0.0048545,0.064406,0.015262,0.023992,-0.019572,0.0097228,0.0089911,0.059017,0.018115,0.031611,-0.026204,0.015433,0.014269,0.056764,0.021417,0.038454,-0.03265,5.3016e-05,4.2626e-05,0.0080829,-0.0012994,0.010744,-0.0081339,0.00028484,0.00023173,0.013761,-0.00098336,0.017914,-0.01355,0.00081329,0.00067321,0.019536,2.3571e-05,0.025653,-0.019459,0.93239,746,"0"
-0.0022298,0.2404,0.24118,-0.87091,0.23592,-0.74224,-0.14775,-0.56625,3.5837,-0.076256,3.1033,0.00028362,2.3763,4.6977,0.25519,6.4911,0.0087718,0.87207,4.7055e+16,4.7055e+16,4.7055e+16,4.7055e+16,NA,NA,0.27065,0.38377,0.38377,0.34448,0.52,0.1803,NA,NA,314,50.548,13143,549430,17.597,311.1,105140,2032,1880,0.91286,0.94089,0.10141,0.0675,0.08463,0.33451,1635.7,890.14,0.020643,0.0029241,0.025672,0.02564,0.0011022,0.010258,0.0028567,0.010352,1.2557,3.0078,1.8212,0.094829,0.44286,0.42797,0.11435,0.46766,0.36686,0.1156,0.46445,0.36785,4.7104,3.4238,9669.3,21058,17145,0.1172,0.12105,0.087964,0.22194,0.22711,0.087537,0.31138,0.31583,0.086013,0.38279,0.38457,0.083285,0.43883,0.43808,0.080235,0.010665,0.010314,0.084606,0.026635,0.041287,-0.014422,0.020075,0.019303,0.075537,0.031149,0.051162,-0.022166,0.030924,0.029507,0.069035,0.034576,0.059056,-0.031965,0.0061992,0.0062197,0.1231,0.027628,0.035769,0.0011043,0.011504,0.011362,0.10436,0.031143,0.039406,-0.0053226,0.016676,0.016238,0.088088,0.031773,0.040985,-0.013184,0.0044485,0.00408,0.063512,0.012922,0.021636,-0.023333,0.0085319,0.0078973,0.060105,0.015976,0.029667,-0.027961,0.013858,0.012885,0.059154,0.019523,0.037108,-0.032805,1.7222e-05,1.4085e-05,0.0030473,-0.0020762,0.014419,-0.0064172,0.00029355,0.00026245,0.01646,-0.00098234,0.022154,-0.011696,0.001193,0.0010806,0.033259,0.0023133,0.030775,-0.014687,0.9994,746,"1"
-0.014378,0.38717,0.39409,-0.77806,0.35133,-0.52177,-0.3294,0.34294,2.982,0.18535,3.1464,0.00023946,3.7855,5.6948,0.44069,8.5103,0.0115,0.77908,4.7106e+16,4.7106e+16,4.7106e+16,4.7106e+16,NA,NA,0.33758,0.079556,0.33758,0.16448,0.55513,0.11919,NA,NA,350,30.777,4888,71789,17.097,308.28,39104,6248,4456,0.91522,0.94241,0.10839,0.071963,0.093525,0.36729,1445.2,861.63,0.024865,0.0028673,0.031582,0.026663,0.00085628,0.011036,0.0044207,0.02623,2.4337,2.4256,0.77104,0.089243,0.44597,0.4328,0.097075,0.49094,0.36927,0.098291,0.4936,0.3605,7.4954,3.4624,16054,29576,25928,0.097997,0.098704,0.055826,0.19842,0.20015,0.059397,0.29444,0.29704,0.061731,0.38575,0.39325,0.063699,0.46386,0.47833,0.064369,0.015835,0.017517,0.09534,0.038431,0.048903,0.051131,0.030121,0.033682,0.086021,0.046369,0.061352,0.074638,0.046012,0.051576,0.07796,0.051805,0.071748,0.092511,0.005757,0.0056708,0.086762,0.021905,0.027805,-0.0042924,0.0106,0.010688,0.072986,0.024344,0.031407,0.0030241,0.015642,0.015894,0.062713,0.025303,0.033958,0.0069801,0.0095313,0.011341,0.10328,0.031119,0.037402,0.071507,0.019245,0.023206,0.1029,0.041778,0.051232,0.10405,0.029802,0.036028,0.096553,0.048499,0.061855,0.12737,0.00054637,0.00050595,0.073375,0.0068532,0.01811,-0.0078679,0.0017277,0.0016243,0.073525,0.010405,0.027611,-0.0096314,0.0036879,0.0034616,0.078031,0.015068,0.037824,-0.014121,0.86136,746,"0"
-0.002517,0.25437,0.25675,-0.86192,0.24715,-0.69524,-0.19339,0.30826,3.0188,0.073441,3.1675,0.00015049,3.8411,7.35,0.27238,11.94,0.016135,0.8634,4.872e+16,4.872e+16,4.872e+16,4.872e+16,NA,NA,0.46812,0.15038,0.46812,0.34699,0.63933,0.1871,NA,NA,296,53.169,10888,404780,16.742,285.16,87104,7656,5232,0.91309,0.93986,0.0896,0.060318,0.066492,0.34071,1554.1,917.56,0.023123,0.0029324,0.026106,0.023514,0.012626,0.001874,0.024067,0.0012615,3.8756,6.2255,2.7928,0.094581,0.44636,0.42679,0.11263,0.47252,0.37097,0.11425,0.47415,0.36586,4.6752,3.4143,12603,27483,24351,0.12897,0.13562,0.095239,0.2449,0.25718,0.095033,0.34412,0.35866,0.093525,0.42681,0.44102,0.091365,0.48822,0.49942,0.087827,0.012978,0.013308,0.1013,0.034227,0.046918,0.011222,0.02435,0.02526,0.090148,0.040271,0.058428,0.021486,0.037079,0.038525,0.081442,0.044426,0.066847,0.02717,0.0077104,0.0081943,0.15064,0.035577,0.041752,0.021384,0.014653,0.015888,0.13078,0.041669,0.049428,0.037314,0.021649,0.02375,0.11252,0.044141,0.053117,0.050714,0.0051085,0.0049784,0.071758,0.015763,0.023796,-0.0069401,0.0093968,0.0091187,0.065132,0.018416,0.030792,-0.010515,0.014935,0.014373,0.062726,0.021792,0.037663,-0.016642,0.00015926,0.00013542,0.027726,0.00059371,0.015882,-0.0081166,0.00045648,0.00038622,0.025183,0.00048598,0.0224,-0.013113,0.0010724,0.00090185,0.029415,0.0015734,0.029301,-0.019916,0.98975,746,"1"
-0.0072026,0.25881,0.26485,-0.8572,0.23927,-0.59078,-0.31081,0.20838,2.1816,0.084702,3.1679,0.0010932,4.0148,7.5313,0.28342,11.327,0.015307,0.85797,4.4871e+16,4.4871e+16,4.4871e+16,4.4871e+16,NA,NA,0.40137,0.23673,0.40137,0.37201,0.53167,0.14286,NA,NA,313,37.482,9360,279740,17.524,309.03,74880,2576,2472,0.91285,0.94029,0.054187,0.03674,0.035128,0.25745,1098.5,684.99,0.021531,0.0027489,0.023181,0.02359,0.0093782,0.0079813,0.021666,0.021038,2.5216,3.3843,1.5332,0.093062,0.44337,0.43126,0.11266,0.46615,0.37642,0.11538,0.46906,0.37226,4.8494,3.4501,9313.1,18478,15167,0.11149,0.10679,0.068302,0.20205,0.19185,0.065045,0.26778,0.25193,0.060374,0.31898,0.29813,0.056644,0.35671,0.3314,0.053232,0.0084731,0.0080056,0.054863,0.017282,0.034539,-0.019543,0.01759,0.016746,0.054023,0.023126,0.045114,-0.023227,0.028135,0.0268,0.051265,0.026994,0.053286,-0.028015,0.0037225,0.0034934,0.060331,0.012724,0.025293,-0.014488,0.0078324,0.0075685,0.057994,0.016644,0.030194,-0.010777,0.012579,0.012335,0.054235,0.019185,0.033827,-0.0076244,0.004587,0.004371,0.053452,0.012212,0.021437,-0.012299,0.0097052,0.0091468,0.055804,0.017573,0.03056,-0.020762,0.01593,0.014865,0.055503,0.021854,0.038424,-0.029628,0.00016354,0.00014122,0.023618,0.00061225,0.014092,-0.0075667,0.00052242,0.00043554,0.023909,0.00097894,0.020194,-0.014286,0.00091012,0.00075359,0.020709,0.00054885,0.026352,-0.018419,0.97139,746,"1"
-0.00045906,0.11237,0.11164,-0.94245,0.11164,-0.93746,-0.0052976,0.46965,2.5859,0.12641,3.132,0.00010882,2.1813,6.6268,0.10806,9.8666,0.013333,0.94571,3.7631e+16,3.7631e+16,3.7631e+16,3.7631e+16,NA,NA,0.21109,0.11601,0.21109,0.3412,0.45361,0.14816,NA,NA,341,41.845,6546,153720,14.704,232.1,52368,24272,5360,0.91442,0.9423,0.043698,0.028519,0.036013,0.19306,1495.8,929.23,0.02208,0.0028898,0.024095,0.02594,0.0031793,0.0065571,0.0048905,0.016805,1.5428,0.37717,0.88106,0.088487,0.44466,0.43358,0.09398,0.47414,0.3846,0.09393,0.47382,0.37969,5.0352,3.4687,6633,13775,9235.8,0.1006,0.098913,0.070915,0.19291,0.18966,0.071458,0.27768,0.27442,0.072039,0.35573,0.35516,0.07269,0.41791,0.41814,0.071764,0.012237,0.013608,0.091177,0.030981,0.046333,0.057462,0.023799,0.025922,0.084106,0.038145,0.05862,0.060678,0.03744,0.040306,0.0785,0.043965,0.069704,0.063862,0.0033746,0.0033762,0.062934,0.01183,0.024933,0.00012405,0.0065862,0.0065948,0.056115,0.013711,0.027998,0.00046528,0.01097,0.011228,0.054424,0.016618,0.031521,0.010565,0.0081851,0.0095374,0.10975,0.028815,0.035177,0.068749,0.015545,0.017738,0.10285,0.03583,0.045574,0.077039,0.024466,0.027478,0.098089,0.042298,0.055768,0.082582,0.00067777,0.00069395,0.11264,0.010036,0.023141,0.0036808,0.0021506,0.0021052,0.11325,0.015301,0.036392,-0.0044627,0.0037569,0.0035307,0.098366,0.017201,0.046854,-0.015823,0.95333,746,"1"
-0.013847,0.74092,0.73438,-0.51443,0.71418,-0.42912,-0.16584,-0.061269,2.7344,0.0014518,3.1861,0.00013018,3.863,3.922,0.96755,5.3401,0.0072163,0.51502,6.2709e+16,6.2709e+16,6.2709e+16,6.2709e+16,NA,NA,0.14229,0.18171,0.18171,0.17419,0.23206,0.10037,NA,NA,233,84.348,15047,993480,14.637,219.42,120380,18896,3256,0.90973,0.93537,0.25184,0.18034,0.17046,0.69634,2563.4,1604.6,0.020162,0.0027123,0.037628,0.042663,0.00040704,8.0428e-05,0.0021384,0.0040732,2.1035,1.7879,0.20253,0.087208,0.4328,0.45617,0.090067,0.43294,0.45664,0.089132,0.434,0.4575,16.048,3.6493,17018,44147,41275,0.080913,0.079533,0.068591,0.16248,0.16044,0.072378,0.23797,0.23549,0.074244,0.31389,0.30882,0.077132,0.38357,0.37836,0.079208,0.0052327,0.0044575,0.046884,0.0086598,0.024353,-0.036531,0.011451,0.010014,0.048663,0.012847,0.033504,-0.041577,0.018991,0.017063,0.047882,0.015708,0.041139,-0.042288,0.0014512,0.0012106,0.032547,0.0018313,0.015134,-0.021929,0.0035478,0.003126,0.03635,0.0039017,0.018773,-0.022327,0.0063008,0.0057144,0.037591,0.0055358,0.021121,-0.022538,0.0031449,0.0027567,0.050712,0.0075039,0.014961,-0.023308,0.0066312,0.0058571,0.052761,0.010941,0.022147,-0.02924,0.01073,0.0094778,0.05173,0.013197,0.028243,-0.036059,0.00063648,0.00049027,0.1272,0.010202,0.0199,-0.02199,0.0017272,0.001384,0.10938,0.012744,0.027947,-0.025911,0.0031642,0.0028215,0.099628,0.015101,0.037332,-0.018844,0.81335,746,"0"
-0.02884,0.60383,0.61972,-0.61599,0.52916,-0.38051,-0.38228,1.5811,9.4314,0.24112,3.0015,0.00091568,9.3578,10.76,0.75441,19.621,0.026515,0.61991,5.617e+16,5.617e+16,5.617e+16,5.617e+16,NA,NA,0.22658,0.12322,0.22658,0.2268,0.24815,0.10139,NA,NA,277,35.906,3001,67929,10.535,116.53,24008,23520,9160,0.91283,0.93885,0.058234,0.0423,0.017516,0.26735,1420.4,835.13,0.035021,0.0036972,0.033484,0.031391,0.0028748,0.042616,0.0015653,0.072385,2.2854,2.6938,1.1172,0.10117,0.4473,0.41425,0.12943,0.48663,0.32351,0.14522,0.48467,0.30503,7.9231,3.314,30394,61411,59987,0.12525,0.13356,0.064428,0.25186,0.27189,0.068079,0.36551,0.39571,0.069197,0.46528,0.5017,0.069378,0.53472,0.56666,0.067004,0.021199,0.024077,0.11526,0.051559,0.061012,0.04609,0.040217,0.047696,0.10371,0.062447,0.077319,0.082737,0.061333,0.072561,0.093839,0.070174,0.088679,0.098951,0.010931,0.013893,0.14876,0.044089,0.054347,0.065691,0.020645,0.027713,0.12836,0.051728,0.065649,0.10769,0.03061,0.041169,0.11082,0.055643,0.070669,0.12859,0.0092937,0.0092872,0.090937,0.028664,0.03113,-0.00015652,0.017866,0.018287,0.086259,0.036258,0.042384,0.0069296,0.028514,0.029203,0.08342,0.043631,0.052878,0.0088118,0.00097382,0.00089617,0.11809,0.013147,0.019685,-0.0062523,0.0023763,0.0022427,0.091317,0.014715,0.026265,-0.0060726,0.0040445,0.0037726,0.077276,0.016078,0.032774,-0.0092312,0.79558,746,"1"
-0.019618,0.63232,0.63183,-0.60607,0.58527,-0.44154,-0.27147,0.32805,2.9826,0.074327,3.1655,9.8711e-05,3.3873,3.8527,0.77097,5.1244,0.0069248,0.61094,5.8352e+16,5.8352e+16,5.8352e+16,5.8352e+16,NA,NA,0.16357,0.092548,0.16357,0.15265,0.20229,0.082589,NA,NA,213,86.803,12605,792570,13.298,185.32,100840,24456,8592,0.91006,0.93407,0.31611,0.23275,0.20758,0.79265,3210.6,1662.7,0.018065,0.002943,0.03793,0.043541,0.0016679,0.013992,0.00083425,0.022507,1.3577,0.18973,0.58011,0.084873,0.44526,0.44614,0.084614,0.46205,0.43504,0.081519,0.46187,0.44098,17.332,3.5691,23612,58837,56516,0.084845,0.086729,0.06717,0.17454,0.1775,0.072612,0.25407,0.25596,0.074027,0.32975,0.32747,0.075672,0.39692,0.39231,0.076547,0.0073114,0.0071136,0.061178,0.015636,0.03049,-0.0074039,0.017459,0.017519,0.06929,0.026061,0.045179,0.0013411,0.031411,0.031739,0.073963,0.036362,0.058496,0.005317,0.0020394,0.0015672,0.042714,0.0050663,0.016646,-0.032971,0.0046608,0.0036663,0.044597,0.0077168,0.020373,-0.04226,0.0085284,0.0068196,0.047517,0.011207,0.023488,-0.052617,0.0033108,0.0029937,0.049857,0.0080133,0.016245,-0.016534,0.0067348,0.0059552,0.050044,0.010883,0.023204,-0.027143,0.011635,0.010377,0.052389,0.014862,0.030844,-0.032877,0.0019611,0.0025527,0.36601,0.035486,0.043251,0.049422,0.0062123,0.0080066,0.36741,0.053957,0.065368,0.068268,0.011668,0.014864,0.34311,0.067234,0.083036,0.0843,0.76014,746,"0"
-0.017955,0.68673,0.69487,-0.55154,0.64096,-0.3979,-0.27856,-0.32159,7.2093,0.014326,3.0886,0.0012981,10.368,10.946,0.89472,21.139,0.028566,0.55182,6.2873e+16,6.2873e+16,6.2873e+16,6.2873e+16,NA,NA,0.54253,0.33153,0.54253,0.25832,0.3373,0.15484,NA,NA,247,75.19,10799,614470,12.158,155.78,86392,48048,1944,0.91155,0.93652,0.14358,0.09979,0.10584,0.45476,1788.9,1011.6,0.029672,0.0039757,0.028295,0.028106,0.0032349,0.012705,0.007093,0.026583,0.72217,0.79696,0.53275,0.09479,0.44613,0.4265,0.1126,0.47397,0.37375,0.11695,0.47186,0.36852,6.7203,3.412,13231,32309,29737,0.11531,0.11471,0.094382,0.22342,0.22351,0.096095,0.31634,0.3199,0.095294,0.40043,0.40921,0.095008,0.47054,0.48195,0.093821,0.0095443,0.0093757,0.082569,0.023855,0.037961,-0.0060353,0.018372,0.01798,0.075385,0.028624,0.046868,-0.0096685,0.029105,0.028264,0.070857,0.032989,0.054914,-0.016197,0.0021124,0.0019614,0.045743,0.0055702,0.020247,-0.011908,0.0043621,0.0040009,0.043154,0.0067718,0.022508,-0.018225,0.0066416,0.0060096,0.038259,0.0063497,0.023332,-0.024835,0.0073034,0.0073154,0.11371,0.026954,0.03042,0.0004876,0.013847,0.013852,0.10638,0.033356,0.039723,0.0001614,0.022079,0.021951,0.10278,0.039979,0.049042,-0.0028187,0.00012842,9.885e-05,0.024781,1.878e-05,0.012889,-0.011817,0.00049224,0.00038968,0.030099,0.00085012,0.019451,-0.017283,0.0011491,0.00092696,0.034936,0.0021419,0.026365,-0.022897,0.97966,746,"1"
-0.013552,0.4891,0.50027,-0.70644,0.45221,-0.48748,-0.30995,0.4251,2.8938,0.11725,3.1647,0.00020221,4.2557,5.558,0.58471,8.6129,0.011639,0.70702,5.5311e+16,5.5311e+16,5.5311e+16,5.5311e+16,NA,NA,0.46491,0.21709,0.46491,0.43114,0.68424,0.2126,NA,NA,323,34.483,7228,165810,17.143,302.18,57824,7336,6400,0.91449,0.93949,0.014654,0.01018,0.019432,0.11407,1068.3,609.39,0.024333,0.0030489,0.031268,0.03083,0.0031027,0.0039966,0.0017332,0.0054566,2.0278,2.2872,0.58781,0.092718,0.44189,0.43451,0.10794,0.46845,0.38489,0.10597,0.4705,0.38864,5.4093,3.4761,16536,32199,30032,0.11143,0.10725,0.063026,0.19981,0.19228,0.059387,0.26802,0.25896,0.055791,0.32167,0.30911,0.052739,0.36285,0.34626,0.049994,0.0067998,0.0056351,0.04065,0.011662,0.028737,-0.044599,0.012693,0.010537,0.035992,0.012827,0.036752,-0.05668,0.018738,0.015552,0.031522,0.012412,0.042751,-0.067407,0.002888,0.002436,0.043214,0.0082752,0.021086,-0.027731,0.0060447,0.0050885,0.041323,0.010637,0.025649,-0.036723,0.0093007,0.0078168,0.037023,0.011152,0.02797,-0.04457,0.003848,0.0031506,0.041399,0.0088443,0.017573,-0.034167,0.0064064,0.0052606,0.03401,0.0083148,0.023009,-0.041685,0.0091909,0.0075683,0.029565,0.0077003,0.028249,-0.048716,6.3926e-05,4.8481e-05,0.0085239,-0.0010357,0.01269,-0.0088611,0.00026862,0.00021073,0.01135,-0.0010454,0.018256,-0.011352,0.00048511,0.00037652,0.010191,-0.0016896,0.023989,-0.014537,0.91703,746,"1"
-0.0017421,0.25436,0.25426,-0.86336,0.24995,-0.75089,-0.13028,-0.38544,2.8548,-0.10287,3.1401,3.679e-05,2.7206,5.2722,0.26558,8.0006,0.010812,0.86655,4.9011e+16,4.9011e+16,4.9011e+16,4.9011e+16,NA,NA,0.42643,0.25734,0.42643,0.52365,0.59616,0.24428,NA,NA,339,43.82,8759,229530,17.796,323.61,70072,5664,5008,0.91423,0.94356,0.12793,0.082883,0.10846,0.44431,2141,1221.1,0.026136,0.0032097,0.023075,0.023098,0.0034991,0.0021351,0.0049679,0.0068349,0.80733,0.14412,0.79704,0.088487,0.43999,0.44206,0.096837,0.45822,0.40958,0.098399,0.4599,0.40644,8.3577,3.5365,12777,26437,21469,0.11279,0.11375,0.081373,0.21636,0.2166,0.082025,0.3046,0.30315,0.080876,0.37954,0.37614,0.079373,0.43967,0.43429,0.077269,0.0080017,0.0077378,0.061015,0.017214,0.035499,-0.014765,0.016078,0.015509,0.058151,0.02186,0.045376,-0.021285,0.025788,0.024919,0.055337,0.025526,0.053633,-0.024983,0.004168,0.004095,0.079552,0.016213,0.028473,-0.0054846,0.0075659,0.0073287,0.065972,0.017191,0.030995,-0.01268,0.011472,0.011072,0.05825,0.018077,0.033151,-0.017072,0.0036076,0.0034564,0.049507,0.0089515,0.019799,-0.012996,0.0080711,0.0078253,0.054653,0.014304,0.029197,-0.013094,0.013944,0.013604,0.057212,0.019322,0.037397,-0.013305,0.00022606,0.00018638,0.038448,0.0018193,0.015288,-0.014735,0.00059395,0.0004952,0.032011,0.0016976,0.021897,-0.019812,0.0010109,0.00084244,0.027089,0.0011919,0.028243,-0.024256,0.83972,746,"1"
-0.002966,0.30029,0.30381,-0.83414,0.28969,-0.65434,-0.21554,0.76127,4.2021,0.10788,3.0719,0.00066564,3.6412,6.448,0.31806,9.1735,0.012397,0.83972,5.0271e+16,5.0271e+16,5.0271e+16,5.0271e+16,NA,NA,0.19532,0.32182,0.32182,0.24502,0.47587,0.14081,NA,NA,317,34.987,7393,174400,17.297,304.48,59144,6968,1952,0.91502,0.94339,0.14005,0.091947,0.10574,0.54352,2569.2,1250.8,0.020825,0.0027408,0.035544,0.047687,0.00055627,0.0082954,0.0041721,0.021307,3.0596,3.7066,1.1428,0.086772,0.4422,0.44433,0.091308,0.46028,0.4215,0.089833,0.4595,0.42559,12.323,3.5547,17521,32154,28513,0.1034,0.10474,0.059078,0.21416,0.21696,0.064294,0.31217,0.31798,0.065637,0.4018,0.40995,0.066543,0.48321,0.49386,0.06725,0.011005,0.010662,0.066452,0.024179,0.04382,-0.015564,0.023165,0.022436,0.066348,0.033048,0.058038,-0.021656,0.037804,0.036503,0.06424,0.040023,0.069735,-0.029328,0.0053399,0.0054269,0.080712,0.019959,0.033827,0.0057112,0.011583,0.011774,0.079985,0.027333,0.0415,0.0079682,0.01925,0.019428,0.077401,0.033379,0.04727,0.0055684,0.0048346,0.0045111,0.05254,0.012756,0.023594,-0.022594,0.011146,0.010536,0.059767,0.020717,0.034896,-0.026408,0.019288,0.018363,0.062672,0.027742,0.04529,-0.029169,0.00083008,0.00072433,0.1118,0.011512,0.026955,-0.019294,0.0022067,0.0019197,0.094185,0.014188,0.038649,-0.027845,0.0038065,0.0033448,0.080776,0.015712,0.049299,-0.032735,0.75167,746,"1"
-0.0031257,0.12255,0.12438,-0.93565,0.11228,-1.2275,0.3119,0.48767,3.7653,0.18264,3.0404,0.00034903,1.5805,4.4301,0.12693,6.1759,0.0083459,0.9364,4.2778e+16,4.2778e+16,4.2778e+16,4.2778e+16,NA,NA,0.21418,0.16381,0.21418,0.24141,0.2444,0.11705,NA,NA,197,110.75,17824,1614600,13.834,193.21,142590,8752,1840,0.90804,0.93058,0.2765,0.20734,0.17074,0.69038,3231.3,1648.8,0.022166,0.0039143,0.032814,0.033947,0.0010871,0.0038,0.0043534,0.0052678,2.4549,3.8161,1.2195,0.087415,0.44706,0.43925,0.089639,0.46841,0.41477,0.087011,0.46612,0.4236,13.025,3.514,27107,80719,78658,0.091107,0.091467,0.08341,0.19153,0.19209,0.092142,0.28239,0.28264,0.095146,0.35846,0.35695,0.09513,0.42569,0.42176,0.094937,0.0082424,0.0069807,0.079757,0.020358,0.031566,-0.036793,0.016312,0.013905,0.074864,0.025271,0.040017,-0.046923,0.026052,0.022216,0.070941,0.029327,0.046646,-0.057979,0.0050739,0.0043685,0.12289,0.023792,0.028396,-0.025303,0.0087798,0.0075935,0.097151,0.024066,0.030172,-0.030655,0.012585,0.010884,0.081089,0.02358,0.030726,-0.036146,0.0026784,0.0022275,0.046643,0.0054792,0.014318,-0.023975,0.0061805,0.0052085,0.053108,0.0098864,0.021291,-0.031387,0.011135,0.0093741,0.057979,0.014752,0.027874,-0.041027,0.00049017,0.00038463,0.10579,0.0075623,0.016705,-0.014856,0.0014333,0.0011635,0.098031,0.010317,0.024462,-0.018669,0.0026833,0.0022281,0.091243,0.012503,0.031009,-0.021739,0.76895,746,"1"
-0.0016748,0.2141,0.21406,-0.88637,0.21159,-0.79113,-0.10745,-0.61479,3.3012,-0.12008,3.1138,5.6413e-05,3.491,7.3418,0.22549,10.476,0.014157,0.88702,4.6037e+16,4.6037e+16,4.6037e+16,4.6037e+16,NA,NA,0.55384,0.16882,0.55384,0.26361,0.68691,0.17858,NA,NA,350,18.011,2170,14757,15.893,278.15,17360,2896,2528,0.91514,0.94559,0.0011689,0.00074818,0.002092,0.050936,1430.1,913.1,0.023011,0.0027862,0.022103,0.023256,0.0042734,0.0026665,0.015127,0.028036,0.95319,0.43203,0.57297,0.088181,0.43256,0.44934,0.097411,0.45371,0.41202,0.095066,0.45554,0.41302,8.2147,3.5947,13384,20813,16860,0.11281,0.1152,0.047392,0.20993,0.21119,0.046343,0.27465,0.27248,0.042463,0.32568,0.32016,0.03966,0.36991,0.36175,0.037855,0.0118,0.012084,0.052392,0.022702,0.040548,0.013325,0.022246,0.022767,0.046849,0.02676,0.051968,0.017023,0.034536,0.035083,0.043152,0.030201,0.061426,0.014133,0.0026315,0.0024942,0.029246,0.0060744,0.022189,-0.014504,0.0056909,0.0054785,0.028895,0.0082378,0.026917,-0.013846,0.009647,0.0093575,0.028522,0.010251,0.03012,-0.014218,0.009168,0.0095898,0.073261,0.025445,0.031891,0.02202,0.016676,0.017394,0.065753,0.030065,0.042152,0.026841,0.025153,0.025972,0.060096,0.033675,0.051027,0.024442,4.0081e-09,3.1451e-09,3.9695e-07,-0.0017867,0.014338,-0.0087824,1.6924e-05,1.4046e-05,0.00053114,-0.002592,0.021983,-0.0097982,0.00019803,0.00016875,0.00309,-0.0027404,0.029955,-0.014066,0.72288,746,"0"
-0.0050351,0.43223,0.43398,-0.75196,0.42037,-0.61882,-0.17706,-1.0006,7.7664,-0.082911,3.063,0.0010256,4.8566,6.9019,0.49383,10.842,0.014652,0.75256,5.7606e+16,5.7606e+16,5.7606e+16,5.7606e+16,NA,NA,0.20882,0.46115,0.46115,0.38947,0.49542,0.18093,NA,NA,258,55.771,11564,518070,15.894,254.39,92512,3536,2032,0.91273,0.93604,0.096073,0.069244,0.050574,0.37562,1860,918.28,0.023192,0.0027259,0.037208,0.029648,0.00029182,0.0082527,0.0026203,0.015008,3.8992,5.4938,1.8854,0.092614,0.44986,0.42006,0.10785,0.48264,0.34889,0.10587,0.48724,0.34325,4.9138,3.3605,18630,43270,41689,0.10123,0.099592,0.067722,0.20544,0.20553,0.072221,0.31264,0.31954,0.076975,0.42463,0.44285,0.082345,0.51836,0.545,0.084474,0.018886,0.020602,0.13354,0.051511,0.060731,0.035918,0.037072,0.040014,0.12433,0.064821,0.077277,0.042194,0.059777,0.063433,0.11894,0.07778,0.091536,0.040721,0.0063152,0.0070522,0.11177,0.026648,0.036424,0.026175,0.011979,0.01301,0.096857,0.03091,0.041848,0.025549,0.019016,0.020258,0.089528,0.035607,0.046611,0.023902,0.011688,0.012788,0.14874,0.042937,0.04474,0.029423,0.024136,0.026368,0.15155,0.059165,0.061999,0.039631,0.039948,0.043053,0.15199,0.074418,0.077499,0.041974,0.00088228,0.00076178,0.13914,0.013402,0.023124,-0.012615,0.0022525,0.0019176,0.11257,0.015766,0.031666,-0.019784,0.0040853,0.0034287,0.10151,0.018612,0.038851,-0.027598,0.98918,746,"1"
-0.0016051,0.19196,0.19091,-0.89935,0.19041,-0.85327,-0.051235,-0.66516,4.5137,-0.078565,3.0698,0.0010806,2.9509,6.6564,0.19601,10.573,0.014288,0.90162,4.537e+16,4.537e+16,4.537e+16,4.537e+16,NA,NA,0.19004,0.30479,0.30479,0.25693,0.32472,0.14456,NA,NA,247,87.166,18590,1398000,15.585,244.26,148720,3856,2528,0.91144,0.93558,0.32801,0.23322,0.24472,0.77179,3296,1679.4,0.034637,0.0055735,0.024567,0.024943,0.00048139,0.0013346,0.0026176,0.00050374,0.12555,0.12144,0.29086,0.093205,0.44152,0.43361,0.10601,0.45738,0.39605,0.10616,0.45694,0.39936,9.3773,3.4689,15869,40753,38131,0.11846,0.11773,0.11066,0.22847,0.22625,0.11215,0.32453,0.32222,0.11157,0.40245,0.39898,0.10897,0.45963,0.45476,0.10459,0.0093241,0.0087206,0.092059,0.02469,0.037754,-0.022359,0.018605,0.017346,0.087124,0.03121,0.047881,-0.031219,0.029377,0.027543,0.08162,0.035808,0.056379,-0.035258,0.0043026,0.004003,0.10633,0.019331,0.028557,-0.015958,0.0080566,0.007484,0.090961,0.021521,0.032075,-0.02138,0.012707,0.011914,0.08354,0.024175,0.035572,-0.023096,0.0044431,0.0042157,0.078948,0.01443,0.021356,-0.012346,0.0093513,0.0087965,0.081989,0.020623,0.0302,-0.019408,0.01523,0.01429,0.080911,0.025336,0.038207,-0.024992,0.00057838,0.00050189,0.12737,0.0094991,0.020949,-0.013432,0.001718,0.0015017,0.11989,0.013302,0.027815,-0.018159,0.0029011,0.0025538,0.10066,0.014102,0.033364,-0.020863,0.84324,746,"1"
-0.00067728,0.10732,0.10635,-0.94526,0.10633,-0.9346,-0.011272,-0.097235,2.7208,-0.0030427,3.178,0.00011098,1.6019,4.9086,0.10622,6.826,0.0092243,0.94674,3.9045e+16,3.9045e+16,3.9045e+16,3.9045e+16,NA,NA,0.23799,0.21722,0.23799,0.35559,0.47046,0.14681,NA,NA,245,59.694,12246,612930,15.46,240.94,97968,6112,1192,0.91111,0.935,0.22267,0.17061,0.10452,0.67609,4004.6,1506.9,0.021028,0.0038314,0.031088,0.028433,0.0054317,0.0097105,0.0076032,0.012767,0.27843,0.83646,0.51437,0.086456,0.44508,0.44377,0.088672,0.47022,0.42082,0.084889,0.47457,0.42562,8.7002,3.5502,35275,93840,92152,0.12024,0.11115,0.078886,0.22057,0.20322,0.076044,0.29555,0.26739,0.071363,0.35154,0.31217,0.066855,0.38991,0.34155,0.062316,0.0027705,0.0020206,0.019212,-0.00023103,0.018196,-0.033765,0.0064492,0.0047594,0.021212,0.00093941,0.023105,-0.04599,0.011051,0.0081508,0.021565,0.001469,0.027468,-0.058327,0.0010258,0.00074924,0.017804,-0.00056109,0.013654,-0.022219,0.0032909,0.002459,0.026096,0.002594,0.01708,-0.033806,0.0065402,0.0048907,0.030198,0.0054281,0.02003,-0.043732,0.0016962,0.0012408,0.021167,0.00048921,0.010573,-0.025045,0.0030753,0.0022489,0.018938,-0.00035354,0.012996,-0.030642,0.0044748,0.0032491,0.016697,-0.0017197,0.015312,-0.037755,4.863e-05,3.0614e-05,0.0075216,-0.001386,0.0093014,-0.0061041,0.00013184,8.5196e-05,0.0064619,-0.0022816,0.014018,-0.0091529,0.00030615,0.00019813,0.0074604,-0.002829,0.018525,-0.014453,0.73115,746,"1"
-0.00083017,0.12993,0.13001,-0.93264,0.12767,-1.0578,0.13421,-0.048642,2.8102,0.049892,3.1863,0.00020435,2.4622,6.7166,0.13403,9.8421,0.0133,0.93288,4.3014e+16,4.3014e+16,4.3014e+16,4.3014e+16,NA,NA,0.23609,0.31763,0.31763,0.41321,0.48511,0.18194,NA,NA,271,58.055,8650,291720,15.02,237.31,69200,13648,8872,0.91282,0.93897,0.19006,0.13036,0.145,0.5839,2721.9,1364.9,0.025039,0.0033571,0.033276,0.031054,0.001953,0.0064554,0.00074774,0.014855,3.7123,6.4034,2.654,0.087889,0.44734,0.43421,0.088647,0.46792,0.40641,0.083564,0.47341,0.40833,10.326,3.4737,17433,38084,35818,0.11061,0.11078,0.081283,0.22825,0.23272,0.088139,0.33032,0.33813,0.089337,0.41564,0.42405,0.088539,0.48794,0.49713,0.087347,0.013631,0.013686,0.10587,0.036339,0.050035,0.0018145,0.029353,0.029971,0.10814,0.051118,0.06884,0.013052,0.048631,0.049892,0.10629,0.063294,0.08417,0.020139,0.0056118,0.0056663,0.1091,0.024159,0.035965,0.0027514,0.011659,0.011671,0.10355,0.031337,0.0438,0.00040605,0.018485,0.018269,0.095603,0.036014,0.048524,-0.0054667,0.0074804,0.0075495,0.10456,0.026294,0.031146,0.0030724,0.016625,0.017391,0.11467,0.039803,0.047683,0.021453,0.028892,0.030591,0.12075,0.053176,0.063222,0.035056,0.00053864,0.0004702,0.093315,0.0076592,0.022357,-0.012647,0.0015618,0.0013532,0.085743,0.010366,0.031727,-0.019378,0.0026854,0.0022812,0.073298,0.011183,0.039359,-0.026987,0.79372,746,"1"
-0.019368,0.64243,0.65379,-0.58765,0.58525,-0.39737,-0.32379,0.22295,3.34,0.059357,3.1307,5.9399e-05,5.1059,5.6278,0.82092,7.6814,0.01038,0.58844,5.9156e+16,5.9156e+16,5.9156e+16,5.9156e+16,NA,NA,0.31765,0.14286,0.31765,0.25167,0.41115,0.14194,NA,NA,266,56.15,7759,267760,13.123,188.31,62072,20544,17624,0.91215,0.93685,0.21401,0.15202,0.13694,0.66238,2236.6,1449.6,0.019551,0.0027508,0.033135,0.031263,0.0048572,0.011556,0.003148,0.023687,2.1904,2.5171,0.97169,0.087648,0.43503,0.44765,0.094484,0.44254,0.42958,0.091005,0.44011,0.4394,10.669,3.5812,19427,43289,40771,0.09312,0.091992,0.064349,0.18744,0.18765,0.068063,0.26696,0.26672,0.067894,0.34144,0.34049,0.068395,0.40582,0.40511,0.068314,0.010897,0.009594,0.079589,0.026291,0.03824,-0.042235,0.020213,0.018074,0.070022,0.030152,0.047037,-0.048341,0.030405,0.027586,0.062493,0.032321,0.054009,-0.050781,0.0045702,0.0038212,0.08355,0.017964,0.026024,-0.037707,0.0084234,0.0071696,0.070352,0.019655,0.029034,-0.043142,0.012032,0.010372,0.058516,0.019058,0.030177,-0.046667,0.005911,0.0053659,0.077697,0.018705,0.024868,-0.023875,0.011055,0.01002,0.071701,0.022567,0.032307,-0.031541,0.016707,0.015121,0.065661,0.024936,0.038527,-0.038195,0.00041579,0.000407,0.067736,0.005205,0.017695,-0.0018859,0.0015057,0.0015306,0.077729,0.0095595,0.027134,0.0022479,0.0033047,0.0034673,0.084821,0.014415,0.036963,0.0093702,0.82509,746,"0"
-0.0040696,0.29598,0.3004,-0.83618,0.28016,-0.61912,-0.25959,0.34209,4.1988,-0.043547,3.1336,0.00023868,3.9617,6.9282,0.3261,10.316,0.013941,0.83664,5.1116e+16,5.1116e+16,5.1116e+16,5.1116e+16,NA,NA,0.2819,0.21003,0.2819,0.23398,0.31305,0.12895,NA,NA,339,35.419,2806,54285,10.182,110.21,22448,20200,15704,0.91397,0.94206,0.18211,0.12043,0.15317,0.55901,1641,984.24,0.02242,0.0026741,0.02466,0.024473,0.0088404,0.021631,0.020695,0.044997,0.24816,2.0961,1.3901,0.090809,0.44593,0.43217,0.10439,0.47588,0.37968,0.10644,0.47564,0.37833,7.1835,3.4574,9258.1,17528,13002,0.12436,0.12713,0.07831,0.23036,0.23446,0.076222,0.32063,0.32457,0.074303,0.39488,0.39855,0.072077,0.45527,0.45816,0.069835,0.0080902,0.0080331,0.053844,0.016335,0.036574,-0.0030087,0.017082,0.016912,0.053923,0.022424,0.048387,-0.0058362,0.028195,0.027773,0.052806,0.027469,0.057913,-0.01099,0.0047687,0.0047006,0.07944,0.018123,0.029761,-0.0045561,0.0091069,0.008921,0.069309,0.020903,0.034084,-0.0085038,0.013871,0.013586,0.061472,0.022482,0.037093,-0.010372,0.0029591,0.0029922,0.035443,0.0056803,0.018698,0.0030396,0.0077337,0.0078898,0.045707,0.01242,0.029601,0.0081994,0.014263,0.014357,0.051079,0.018692,0.038781,0.0034493,0.00036243,0.00034031,0.053801,0.004045,0.021385,-0.0066277,0.0012422,0.0011887,0.058434,0.0069394,0.030273,-0.0071503,0.0024659,0.0023443,0.057672,0.0091261,0.039013,-0.010932,0.84542,746,"1"
-0.021624,0.71838,0.71702,-0.53105,0.67625,-0.40442,-0.23845,0.02705,5.3019,-0.044875,3.1372,0.00052619,7.1566,7.3995,0.93293,12.468,0.016849,0.53204,6.2562e+16,6.2562e+16,6.2562e+16,6.2562e+16,NA,NA,0.24825,0.20482,0.24825,0.28135,0.50999,0.1732,NA,NA,308,27.721,1747,23029,8.9588,92.037,13976,12752,5464,0.91402,0.94091,0.060224,0.041821,0.028575,0.26671,1134.8,686,0.026665,0.0027023,0.026303,0.032865,0.0013227,0.012972,0.0012833,0.028453,3.1933,4.5795,1.853,0.098278,0.44105,0.42665,0.12174,0.46918,0.35765,0.13929,0.46319,0.33703,6.6039,3.4132,27581,47832,46068,0.12371,0.12952,0.056757,0.23889,0.25348,0.057594,0.32615,0.34424,0.055072,0.40157,0.41422,0.053407,0.45062,0.4567,0.050363,0.013675,0.014411,0.066316,0.028711,0.045849,0.018775,0.026821,0.028818,0.06169,0.035861,0.058049,0.033956,0.040711,0.044843,0.055556,0.039563,0.067522,0.055848,0.0087678,0.0102,0.10642,0.032414,0.044366,0.045063,0.016929,0.020414,0.093877,0.038822,0.052523,0.07411,0.0255,0.031887,0.08234,0.04232,0.057957,0.10842,0.004794,0.0041248,0.041838,0.011269,0.021051,-0.029173,0.0097464,0.0083042,0.041971,0.01527,0.028712,-0.040389,0.015063,0.012872,0.039306,0.017332,0.035039,-0.047813,0.00011352,8.5989e-05,0.012278,-0.00020454,0.012437,-0.0092568,0.00034058,0.00025467,0.011674,-0.0004338,0.01887,-0.013412,0.00090448,0.00070575,0.015414,0.00044747,0.026991,-0.020427,0.81197,746,"1"
-0.00087015,0.24794,0.24752,-0.86727,0.24532,-0.94899,0.09423,-0.32616,2.5791,-0.094459,3.1642,0.00016961,2.8823,5.6489,0.25965,7.9067,0.010685,0.86965,5.0217e+16,5.0217e+16,5.0217e+16,5.0217e+16,NA,NA,0.13516,0.19489,0.19489,0.25147,0.30891,0.10243,NA,NA,354,31.573,4723,67975,16.572,295.65,37784,6152,5336,0.91466,0.94029,0.015083,0.010316,0.0051012,0.1052,1123.6,701.44,0.021182,0.0027845,0.031878,0.03007,0.0086453,0.0082102,0.015894,0.014218,1.8786,2.0457,0.65572,0.09815,0.44385,0.42317,0.12601,0.47452,0.34364,0.12877,0.47345,0.34034,5.3483,3.3854,15095,30036,27610,0.086295,0.080957,0.051631,0.17845,0.1691,0.056106,0.2639,0.25482,0.05811,0.34831,0.34204,0.060409,0.42234,0.42125,0.061555,0.013122,0.013206,0.082983,0.031177,0.046068,0.002515,0.027196,0.027804,0.081572,0.041775,0.060155,0.011985,0.043112,0.044066,0.07672,0.048824,0.070857,0.014442,0.0082301,0.0085182,0.13027,0.03448,0.040353,0.010668,0.015436,0.016074,0.11163,0.039836,0.04653,0.016208,0.022748,0.02369,0.095786,0.042151,0.050232,0.019229,0.0040122,0.0036364,0.045662,0.0097602,0.021542,-0.020637,0.0095877,0.009264,0.053842,0.01705,0.031571,-0.010984,0.017349,0.017303,0.059036,0.024469,0.041369,-0.0011135,0.00088006,0.0010516,0.12413,0.012623,0.025432,0.023138,0.0027284,0.0031005,0.12195,0.018724,0.036938,0.024205,0.0049407,0.0055455,0.1098,0.022172,0.046619,0.026611,0.9335,746,"0"
-0.039901,0.82024,0.84162,-0.39655,0.719,-0.24518,-0.38171,0.88952,10.33,0.16829,2.973,0.0035592,11.25,10.259,1.1995,19.368,0.026173,0.3977,6.3797e+16,6.3797e+16,6.3797e+16,6.3797e+16,NA,NA,0.2757,0.13027,0.2757,0.18092,0.39079,0.14019,NA,NA,289,33.727,6110,130940,16.418,275.42,48880,5584,2888,0.91419,0.93962,0.0593,0.041775,0.0261,0.25529,1326,708.03,0.030297,0.0033982,0.031699,0.025774,0.0023687,0.0074051,0.0023322,0.018281,0.26477,0.12948,0.033735,0.093584,0.44647,0.42403,0.11711,0.47671,0.34419,0.1182,0.4833,0.33356,6.5643,3.3922,25379,47784,45984,0.11336,0.11365,0.057238,0.20529,0.21129,0.054471,0.28645,0.29739,0.05323,0.37245,0.39497,0.054514,0.45147,0.48414,0.055531,0.020721,0.023239,0.11059,0.049747,0.060527,0.048353,0.038493,0.043031,0.097437,0.058743,0.074945,0.060854,0.057882,0.064392,0.086927,0.064832,0.086432,0.070238,0.0063349,0.0082958,0.084622,0.023181,0.038249,0.068103,0.012243,0.015669,0.074716,0.027533,0.045026,0.080477,0.018726,0.023182,0.066545,0.030252,0.048728,0.083025,0.013976,0.014594,0.13424,0.045632,0.044691,0.014471,0.026756,0.028541,0.1268,0.057695,0.060183,0.028716,0.041512,0.045571,0.11921,0.067401,0.074866,0.051501,0.00041001,0.00034846,0.048805,0.0043476,0.015875,-0.0084089,0.00095365,0.00080839,0.035972,0.0040718,0.022744,-0.012857,0.0018614,0.0015544,0.03491,0.005181,0.030294,-0.018521,0.85591,746,"1"
-0.025095,0.8423,0.83785,-0.40129,0.79588,-0.31148,-0.2238,-0.0026705,4.1795,0.080587,3.1262,0.00018341,7.3528,6.7271,1.1915,9.5789,0.012945,0.40216,6.4149e+16,6.4149e+16,6.4149e+16,6.4149e+16,NA,NA,0.39496,0.23409,0.39496,0.19062,0.41041,0.13632,NA,NA,281,59.559,6578,280790,11.482,135.22,52624,47424,5856,0.9122,0.93828,0.19359,0.13323,0.15055,0.56457,2289.5,1246.7,0.019176,0.0025732,0.031831,0.031635,0.0019627,0.0077383,0.00089668,0.018325,0.21724,0.70412,0.40809,0.089256,0.44204,0.44235,0.09718,0.45799,0.42006,0.096243,0.46112,0.41922,9.346,3.5388,9617.8,21557,18743,0.088263,0.087109,0.06727,0.18291,0.18171,0.073256,0.27546,0.27698,0.077266,0.36702,0.37041,0.081085,0.45545,0.46567,0.084557,0.009334,0.0094446,0.075189,0.022276,0.038653,0.0044765,0.01983,0.020093,0.075767,0.030848,0.051706,0.0068989,0.033227,0.033736,0.075322,0.038703,0.063397,0.010038,0.0051719,0.0057233,0.10428,0.022196,0.032754,0.02955,0.010595,0.011662,0.097593,0.028222,0.039725,0.037903,0.017548,0.019293,0.094127,0.034273,0.045998,0.04707,0.0039172,0.0035284,0.056788,0.010611,0.020237,-0.02484,0.0090292,0.0082848,0.064589,0.017604,0.030175,-0.029079,0.015585,0.01443,0.067552,0.023638,0.039465,-0.032809,0.00024493,0.00019287,0.044007,0.0022291,0.016123,-0.013965,0.00061475,0.00047992,0.035001,0.0019353,0.023091,-0.019864,0.0010691,0.00084981,0.030264,0.0015789,0.029974,-0.024211,0.88328,746,"0"
-0.021513,0.71355,0.73427,-0.51453,0.64771,-0.33787,-0.34335,-0.89517,10.778,0.0087079,3.122,0.00047683,12.9,13.113,0.96522,23.338,0.031537,0.51568,6.3189e+16,6.3189e+16,6.3189e+16,6.3189e+16,NA,NA,0.40849,0.20673,0.40849,0.42969,0.44879,0.20698,NA,NA,329,35.933,7695,181000,17.757,319.7,61560,3512,2352,0.91455,0.94161,0.12125,0.080547,0.099577,0.45064,1358.6,851.33,0.01921,0.0030022,0.022651,0.022486,0.0071512,0.00073682,0.013847,0.0072052,0.087892,0.49244,0.061114,0.090836,0.44148,0.43767,0.109,0.46866,0.38496,0.11088,0.47109,0.3826,6.4504,3.5014,9053.8,17049,12716,0.099329,0.099781,0.059766,0.18528,0.18306,0.058582,0.25537,0.24962,0.056551,0.31253,0.30286,0.054511,0.36102,0.34834,0.052916,0.0088223,0.0085744,0.056107,0.018189,0.035039,-0.011205,0.016735,0.016015,0.05048,0.021225,0.044034,-0.022341,0.025559,0.024272,0.045742,0.022929,0.051428,-0.031575,0.0031173,0.0029557,0.049623,0.0096586,0.023435,-0.012525,0.0065744,0.0061818,0.047812,0.012612,0.02816,-0.019798,0.010681,0.010039,0.045232,0.014669,0.031248,-0.024296,0.0055588,0.0055034,0.063622,0.016012,0.024222,-0.0031093,0.010019,0.0097245,0.056584,0.018256,0.031029,-0.011639,0.014911,0.014271,0.051026,0.019581,0.037371,-0.020438,0.00014622,0.00011526,0.020741,0.00031538,0.011638,-0.010331,0.00018477,0.00014556,0.0083053,-0.0017557,0.017286,-0.010466,0.00021508,0.00017007,0.0048067,-0.0031971,0.023748,-0.011722,0.88936,746,"1"
-0.02072,0.76685,0.7936,-0.45314,0.69609,-0.29431,-0.35052,-0.84067,17.112,0.073639,3.0277,0.0036674,11.188,10.694,1.0916,18.634,0.025181,0.45328,6.5076e+16,6.5076e+16,6.5076e+16,6.5076e+16,NA,NA,0.33629,0.24127,0.33629,0.20137,0.40653,0.14952,NA,NA,258,43.45,7133,206070,14.911,231.44,57064,11616,5328,0.91296,0.93835,0.097632,0.070513,0.033205,0.43207,1796.3,907.53,0.026995,0.0035137,0.037638,0.028951,0.011029,0.016277,0.020886,0.023303,1.2507,2.8472,1.2004,0.091369,0.45264,0.42063,0.10466,0.49096,0.34854,0.10377,0.49535,0.3456,7.5488,3.365,18689,38928,36895,0.10238,0.10391,0.05658,0.19461,0.19262,0.056519,0.2847,0.28364,0.057908,0.37368,0.37666,0.059864,0.4482,0.45484,0.060341,0.012552,0.012132,0.073319,0.028282,0.040513,-0.010113,0.024326,0.023304,0.067397,0.034691,0.05219,-0.01707,0.039473,0.038112,0.064886,0.041727,0.063446,-0.017549,0.002636,0.0022564,0.038542,0.0070028,0.017888,-0.020527,0.0053558,0.0044724,0.035776,0.0084774,0.021403,-0.031006,0.0083162,0.0068985,0.032347,0.0088654,0.023418,-0.038692,0.0097735,0.0097688,0.10275,0.031576,0.036015,-0.00012927,0.019214,0.019143,0.099666,0.041059,0.048428,-0.0013214,0.031695,0.031769,0.099622,0.051446,0.060902,0.0010613,0.00014214,0.00010701,0.01852,0.00023635,0.011747,-0.014207,0.00083635,0.00065617,0.034531,0.003356,0.021354,-0.018983,0.0022628,0.0019026,0.04645,0.0074934,0.031809,-0.020872,0.81048,746,"1"
-0.0026052,0.484,0.48152,-0.71961,0.48152,-0.71696,-0.0036768,0.15304,3.9541,-0.013578,3.1366,0.00035193,3.5055,4.6951,0.55595,6.4545,0.0087223,0.72108,6.1189e+16,6.1189e+16,6.1189e+16,6.1189e+16,NA,NA,0.35012,0.27681,0.35012,0.36724,0.57853,0.18126,NA,NA,299,27.746,6413,137420,17.097,294.51,51304,1792,1464,0.91446,0.94427,0.10559,0.068409,0.087467,0.45938,1689.6,858.88,0.017329,0.0022456,0.034672,0.042936,0.0048434,0.00684,0.014395,0.023184,2.1333,2.3582,0.35271,0.091217,0.44421,0.43277,0.10493,0.47612,0.37135,0.10758,0.47764,0.36534,8.6532,3.4621,15541,25873,21983,0.080501,0.078253,0.038777,0.1777,0.17352,0.044981,0.26668,0.26162,0.047277,0.35581,0.35494,0.049682,0.44865,0.45384,0.052645,0.011611,0.011445,0.059113,0.023819,0.040127,-0.0074994,0.02194,0.0215,0.052981,0.028142,0.051616,-0.013706,0.034073,0.033198,0.048817,0.031757,0.061531,-0.021485,0.0046604,0.004607,0.059391,0.015344,0.027366,-0.0038452,0.0094542,0.0092778,0.055043,0.019198,0.033514,-0.0084665,0.015342,0.015055,0.05201,0.022623,0.038037,-0.010423,0.0068118,0.0067188,0.062414,0.018804,0.025976,-0.0054436,0.012262,0.01211,0.055438,0.021666,0.034573,-0.0061998,0.018271,0.017919,0.050055,0.023591,0.042328,-0.011655,0.00013841,0.00011882,0.015717,0.00016428,0.018864,-0.011513,0.00070668,0.00061057,0.02543,0.0021948,0.027189,-0.019541,0.001744,0.0015305,0.031202,0.004494,0.03672,-0.024964,0.79656,746,"0"
-0.02649,0.69926,0.69757,-0.54908,0.63568,-0.38553,-0.29787,-0.64456,11.318,0.14966,3.0874,0.00058665,12.341,12.995,0.89955,24.541,0.033163,0.54938,6.004e+16,6.004e+16,6.004e+16,6.004e+16,NA,NA,0.20232,0.1707,0.20232,0.23232,0.3448,0.14518,NA,NA,333,33.73,6355,125240,17.182,305.79,50840,8232,3128,0.91471,0.94214,0.13541,0.089762,0.11712,0.47929,1514.1,919.72,0.027557,0.0032612,0.029479,0.034198,0.0056773,0.013147,0.017133,0.028314,2.9371,3.0198,0.57838,0.091803,0.44282,0.42907,0.1085,0.46708,0.36268,0.10979,0.46793,0.35467,7.3867,3.4325,9713.2,18126,14090,0.097837,0.099625,0.05801,0.20296,0.20787,0.063237,0.29431,0.3011,0.064222,0.38183,0.39176,0.065627,0.46253,0.47647,0.066806,0.017664,0.020525,0.1107,0.044748,0.058554,0.093907,0.033296,0.038002,0.098972,0.053551,0.072609,0.10768,0.050985,0.057177,0.089915,0.060196,0.083524,0.11237,0.006025,0.0061898,0.094509,0.023653,0.034815,0.009434,0.012273,0.012809,0.08795,0.029965,0.042249,0.020083,0.018575,0.019665,0.077511,0.032483,0.046227,0.032026,0.011167,0.013887,0.12595,0.038291,0.044259,0.1118,0.021314,0.026004,0.11862,0.048139,0.057887,0.13375,0.033893,0.040204,0.11429,0.057757,0.069784,0.1403,0.00047246,0.00044772,0.06604,0.0057605,0.018638,-0.0058464,0.0014439,0.0013587,0.063956,0.008346,0.028715,-0.0097884,0.0027338,0.0024809,0.060206,0.010282,0.03816,-0.019857,0.83423,746,"1"
-0.004369,0.27095,0.2708,-0.85372,0.26193,-0.69915,-0.18105,0.51707,4.2856,0.075699,3.1643,0.00049634,4.8422,9.0313,0.28669,14.337,0.019374,0.85607,4.771e+16,4.771e+16,4.771e+16,4.771e+16,NA,NA,0.26442,0.10377,0.26442,0.26349,0.40713,0.15385,NA,NA,416,22.526,2594,27995,13.067,184.38,20752,16408,5040,0.91587,0.94446,0.035005,0.022606,0.026842,0.17432,1185.7,757.86,0.019538,0.0024641,0.025711,0.027161,0.0032955,0.0015512,0.011613,0.0020019,1.3478,1.335,0.30738,0.090185,0.4418,0.43594,0.10374,0.46658,0.38032,0.10443,0.46926,0.37392,5.0029,3.4875,6050.6,11090,7908.1,0.089956,0.088176,0.051404,0.17571,0.17302,0.052761,0.25473,0.25113,0.053571,0.33187,0.32906,0.054972,0.39358,0.39031,0.054787,0.010987,0.011182,0.066356,0.02413,0.041108,0.0091324,0.020821,0.020817,0.059646,0.028539,0.051524,-0.00013543,0.031407,0.031357,0.05338,0.030785,0.059308,-0.0012706,0.0050232,0.0052053,0.075939,0.018457,0.029903,0.012567,0.0091725,0.0094547,0.063351,0.020091,0.033571,0.013362,0.013252,0.013721,0.053294,0.020017,0.035184,0.018101,0.0054868,0.0055629,0.059639,0.015314,0.025516,0.0049815,0.010761,0.010718,0.057715,0.019716,0.035356,-0.0018997,0.01763,0.01766,0.057297,0.024462,0.044245,0.0010382,0.00047667,0.00041369,0.064213,0.0057215,0.017464,-0.016679,0.0013711,0.0011951,0.05853,0.0076185,0.02548,-0.022754,0.0022345,0.0019536,0.047426,0.0074733,0.032906,-0.026109,0.91811,746,"1"
-0.0015463,0.29264,0.29061,-0.84202,0.29056,-0.85217,0.012053,-0.049709,2.6408,0.053208,3.1797,0.00014949,4.1081,7.3137,0.31466,10.667,0.014415,0.84239,5.3676e+16,5.3676e+16,5.3676e+16,5.3676e+16,NA,NA,0.25874,0.29808,0.29808,0.30546,0.35936,0.1488,NA,NA,351,37.311,4312,66186,13.755,219.58,34496,11704,6400,0.91221,0.93912,0.10303,0.070908,0.073888,0.39704,1387.8,782.53,0.020222,0.0028578,0.027981,0.030291,0.0070901,0.01722,0.014105,0.033176,0.77178,0.54131,0.059189,0.096762,0.44746,0.42428,0.11912,0.47244,0.36709,0.12245,0.47358,0.36077,5.1837,3.3942,14085,30352,28468,0.09253,0.090033,0.061714,0.17971,0.17556,0.062982,0.25937,0.25578,0.063664,0.334,0.33049,0.064574,0.40019,0.39843,0.065019,0.01589,0.019567,0.11201,0.041827,0.058314,0.09715,0.028987,0.034757,0.096921,0.047887,0.070043,0.10914,0.044532,0.051944,0.088341,0.053829,0.079856,0.11092,0.012296,0.016107,0.21696,0.057329,0.066743,0.11289,0.020851,0.026859,0.16808,0.05971,0.070666,0.13136,0.029649,0.037463,0.13917,0.061191,0.072487,0.14022,0.0026148,0.0022351,0.033172,0.0043892,0.01525,-0.024861,0.0055659,0.0047734,0.034842,0.0066718,0.022641,-0.034769,0.010549,0.0093751,0.040014,0.011286,0.031051,-0.036824,0.00097916,0.0012249,0.15396,0.015099,0.028403,0.033937,0.0030997,0.0036124,0.15444,0.02295,0.040435,0.031219,0.0054868,0.0061664,0.13592,0.026533,0.050106,0.028599,0.94568,746,"0"
-0.010376,0.81299,0.8115,-0.43291,0.79819,-0.37747,-0.12807,-2.1547,16.662,-0.18843,2.8696,0.0083894,9.7015,9.1094,1.1312,16.981,0.022947,0.43324,6.9048e+16,6.9048e+16,6.9048e+16,6.9048e+16,NA,NA,0.42727,0.48282,0.48282,0.25585,0.33888,0.15031,NA,NA,252,50.687,6007,253210,11.116,125.33,48056,42432,2856,0.91378,0.93687,0.018276,0.01325,0.015927,0.11587,1115.4,658.25,0.01877,0.0028309,0.043653,0.0419,0.0052301,0.0095015,0.0076234,0.017953,1.4941,2.0455,0.84135,0.096366,0.45834,0.41055,0.11734,0.51379,0.31548,0.12559,0.52715,0.2977,6.1804,3.2844,24770,55061,53327,0.090572,0.086997,0.05435,0.18665,0.18,0.058856,0.28345,0.27822,0.062599,0.37736,0.37509,0.065641,0.46292,0.4668,0.067669,0.011819,0.010223,0.074961,0.027266,0.039476,-0.040362,0.0227,0.019378,0.068288,0.032966,0.049622,-0.056553,0.034585,0.029481,0.061727,0.036267,0.057397,-0.069243,0.0030485,0.0027437,0.048396,0.0093098,0.021335,-0.015073,0.0060174,0.0050889,0.043643,0.010878,0.024628,-0.030752,0.0095278,0.0078295,0.040238,0.012013,0.02676,-0.043715,0.0085075,0.0072626,0.097109,0.027839,0.030645,-0.037155,0.016671,0.014389,0.093894,0.036013,0.041006,-0.045171,0.025545,0.022259,0.08718,0.041151,0.049808,-0.051665,0.00026297,0.00021635,0.037201,0.0022761,0.016569,-0.0094557,0.00062883,0.00050521,0.02819,0.0018266,0.02255,-0.01246,0.0010011,0.00077974,0.022313,0.0010322,0.027417,-0.017762,0.96269,746,"0"
-0.0021226,0.34931,0.35057,-0.80558,0.34291,-0.92471,0.14789,-0.22719,2.5082,-0.082424,3.1836,0.00029577,2.6227,4.2364,0.38226,5.8111,0.0078528,0.80804,5.7109e+16,5.7109e+16,5.7109e+16,5.7109e+16,NA,NA,0.2912,0.11675,0.2912,0.2887,0.49006,0.14332,NA,NA,338,26.05,3745,44530,16.307,284.53,29960,6128,3832,0.91379,0.94109,0.0024596,0.0016951,0.013187,0.06072,1037.4,705.91,0.019007,0.002621,0.029949,0.030197,0.0030959,0.0008914,0.0024316,0.0030207,3.0018,3.438,0.65906,0.097832,0.44842,0.42033,0.13022,0.4732,0.34372,0.13413,0.47627,0.33598,5.8809,3.3626,12454,22849,20844,0.084174,0.076863,0.042443,0.17143,0.15903,0.045422,0.26071,0.24919,0.04838,0.35314,0.3469,0.051615,0.43324,0.4326,0.053214,0.016038,0.015358,0.085471,0.036687,0.048059,-0.016625,0.028687,0.027402,0.072515,0.040989,0.05887,-0.022581,0.043082,0.041383,0.064612,0.044719,0.068329,-0.023941,0.0092073,0.0092682,0.12282,0.035962,0.040946,0.0018997,0.014891,0.014846,0.090748,0.034979,0.043515,-0.0010689,0.02092,0.020672,0.074238,0.034819,0.045278,-0.0048985,0.0054991,0.0047736,0.052743,0.014416,0.022721,-0.030857,0.010687,0.00949,0.050576,0.01832,0.031022,-0.034567,0.017612,0.016487,0.050506,0.02292,0.0406,-0.024954,0.0013312,0.0013161,0.15824,0.018508,0.029473,-0.0014385,0.0035082,0.0035087,0.13215,0.02292,0.040433,2.6627e-05,0.0062709,0.0064241,0.11744,0.026872,0.050769,0.005657,0.86167,746,"0"
-0.0026118,0.27366,0.27541,-0.85101,0.26502,-1.0163,0.19421,0.35222,2.7988,0.1186,3.1498,4.3979e-05,2.6064,4.821,0.29153,6.5038,0.0087889,0.8536,5.4119e+16,5.4119e+16,5.4119e+16,5.4119e+16,NA,NA,0.14009,0.16455,0.16455,0.35363,0.3903,0.20166,NA,NA,279,40.075,7884,227150,16.054,263.87,63072,8496,4048,0.91396,0.93972,0.039717,0.028042,0.024683,0.1995,860.37,543.35,0.016172,0.0022403,0.026189,0.03,0.0054802,0.0079039,0.013471,0.01405,0.21195,0.41619,0.61219,0.099277,0.44181,0.42354,0.13153,0.45993,0.353,0.13574,0.46056,0.34056,4.4041,3.3884,14012,28327,26587,0.077975,0.074395,0.04312,0.15694,0.15056,0.045605,0.24128,0.23592,0.049106,0.33294,0.33177,0.05337,0.40828,0.40913,0.055,0.016568,0.018986,0.096836,0.039996,0.054451,0.056056,0.03076,0.035296,0.085276,0.046884,0.066686,0.0728,0.045392,0.051359,0.074661,0.05015,0.074402,0.077182,0.012112,0.015016,0.1772,0.051255,0.059699,0.077938,0.021677,0.026708,0.14489,0.056716,0.066296,0.094785,0.030475,0.036688,0.1186,0.057431,0.067579,0.096386,0.0029386,0.0023485,0.030911,0.0052383,0.014766,-0.031911,0.0055389,0.004551,0.028749,0.0059953,0.02006,-0.036996,0.0089925,0.0078468,0.028282,0.0072268,0.025693,-0.033288,0.0015171,0.0016217,0.19778,0.022393,0.033358,0.0095575,0.0045042,0.0049136,0.18608,0.031721,0.047916,0.018236,0.0084354,0.0093463,0.17326,0.039319,0.060274,0.027808,1.0006,746,"0"
-0.0037552,0.61376,0.60976,-0.62404,0.60968,-0.61668,-0.011789,0.0803,3.2842,-0.026802,3.1555,1.7067e-05,3.6425,4.2142,0.74512,5.6938,0.0076943,0.62586,6.398e+16,6.398e+16,6.398e+16,6.398e+16,NA,NA,0.098139,0.17419,0.17419,0.28193,0.335,0.15728,NA,NA,245,74.094,12531,650340,15.123,233.64,100250,10440,7840,0.9131,0.94007,0.1949,0.13143,0.1533,0.57694,2513.5,1468.4,0.023112,0.0031276,0.032669,0.038741,0.0063929,0.010669,0.0087997,0.023031,0.075097,0.88433,0.68904,0.08748,0.44934,0.4362,0.091912,0.4801,0.40097,0.091721,0.48401,0.3991,10.847,3.4896,15079,34245,30979,0.11048,0.11127,0.08863,0.21541,0.22087,0.090808,0.31176,0.32227,0.092045,0.40594,0.41982,0.094397,0.48762,0.50347,0.09529,0.013026,0.01309,0.11044,0.035874,0.047392,0.0023766,0.026272,0.026284,0.10566,0.046412,0.061623,0.00028794,0.041695,0.041807,0.099486,0.05428,0.07313,0.0021256,0.0049047,0.0052368,0.10409,0.021277,0.031219,0.019572,0.0099744,0.010499,0.096711,0.026755,0.036909,0.020688,0.016278,0.016913,0.091901,0.031818,0.041648,0.018986,0.0067655,0.0066097,0.10324,0.024168,0.029676,-0.0078313,0.013306,0.013007,0.10019,0.031337,0.040472,-0.010056,0.020994,0.020689,0.095784,0.037009,0.049596,-0.00802,0.0013555,0.001244,0.25635,0.023926,0.030291,-0.01414,0.0034084,0.0031394,0.20427,0.028108,0.041454,-0.018182,0.0056739,0.0053033,0.16906,0.030327,0.050485,-0.018753,0.82669,746,"0"
-0.00019154,0.027093,0.027037,-0.98637,0.02684,-0.90198,-0.085555,-0.36063,1.8272,-0.15126,3.033,0.0021217,1.9266,12.201,0.024873,20.909,0.028256,0.98753,2.2326e+16,2.2326e+16,2.2326e+16,2.2326e+16,NA,NA,0.46619,0.16285,0.46619,0.49608,0.62683,0.2138,NA,NA,239,86.071,17341,1258100,15.305,235.82,138730,5000,3680,0.91131,0.9348,0.16553,0.11769,0.11333,0.48188,2783.2,1419.7,0.013406,0.0018699,0.023885,0.025906,0.00061257,0.00074695,0.0012951,0.0022623,2.3064,4.2189,1.3421,0.11016,0.42988,0.42651,0.11589,0.45051,0.38361,0.12123,0.44936,0.37423,4.1599,3.4121,15269,40540,38468,0.07371,0.076725,0.062663,0.16338,0.16946,0.072354,0.25559,0.26462,0.078714,0.34969,0.36088,0.084349,0.43517,0.44734,0.087859,0.00064728,0.00084997,0.0056275,-0.0086708,-0.01994,0.036061,0.0033111,0.0042676,0.0137,-0.0073255,-0.018591,0.057215,0.0089278,0.011149,0.021826,-0.0034944,-0.012126,0.07409,0.00053101,0.0007569,0.011541,-0.0039949,-0.012151,0.043539,0.0027278,0.0038012,0.027253,0.00019084,-0.0085733,0.071262,0.0072804,0.0098117,0.04207,0.0071239,5.7051e-05,0.092898,6.7086e-05,5.9242e-05,0.0010503,-0.0077531,-0.018052,-0.0050337,0.00042389,0.00035641,0.0032786,-0.0095478,-0.021896,-0.011759,0.0014554,0.0011996,0.0068105,-0.010173,-0.022939,-0.022162,4.9184e-05,3.3822e-05,0.0095719,-0.0017494,0.0071846,-0.010294,0.00018898,0.00013234,0.011686,-0.0023117,0.010573,-0.012724,0.00034317,0.00025082,0.010456,-0.0033793,0.013888,-0.014576,1.0869,746,"1"
-5.1796e-05,0.015176,0.015211,-0.99236,0.015031,-1.1003,0.10874,-0.36325,1.9052,-0.26742,3.0849,0.0017866,0.78733,6.527,0.014514,9.4693,0.012796,0.99273,2.0068e+16,2.0068e+16,2.0068e+16,2.0068e+16,NA,NA,0.34272,0.054983,0.34272,0.13078,0.31447,0.081863,NA,NA,169,139.69,21723,2789900,12.867,166.7,173780,3032,3032,0.91123,0.93199,0.11406,0.081879,0.076259,0.34644,1779,1122.6,0.013676,0.0019599,0.021552,0.023296,0.00038696,0.0012771,0.0016598,0.0013494,0.62303,3.1739,2.0598,0.11766,0.42538,0.42502,0.13463,0.42659,0.39086,0.13843,0.42516,0.38702,3.237,3.4002,14274,42038,40055,0.090181,0.090726,0.084025,0.18608,0.18598,0.090318,0.27452,0.27182,0.09266,0.35115,0.34823,0.092833,0.41291,0.41205,0.091366,0.00078798,0.00079253,0.0075084,-0.0085629,-0.0196,0.00064823,0.0038258,0.0038711,0.01735,-0.0064239,-0.018398,0.0024432,0.010708,0.010631,0.028691,-0.00041165,-0.011462,-0.0022647,0.00044602,0.0004821,0.010624,-0.004697,-0.013058,0.0067288,0.0022971,0.0024709,0.025153,-0.0014415,-0.011453,0.012413,0.0067919,0.0071289,0.043015,0.0060937,-0.0040343,0.012565,0.00012265,0.0001334,0.0021047,-0.0078527,-0.017484,0.0055855,0.0008458,0.00085018,0.00717,-0.008615,-0.02058,0.00052265,0.0027538,0.0025863,0.014123,-0.0074108,-0.020588,-0.0098377,0.0002193,0.00017703,0.046776,0.0017049,0.0098507,-0.010247,0.00069827,0.00056087,0.047325,0.0026502,0.014867,-0.0155,0.0012756,0.0010074,0.042595,0.0026419,0.019651,-0.021058,1.2621,746,"1"
-0.0023894,0.23384,0.23164,-0.87638,0.2316,-0.86409,-0.014029,-0.36204,2.9143,-0.043509,3.1492,2.998e-05,4.1059,8.2787,0.24532,15.63,0.021121,0.87708,4.7273e+16,4.7273e+16,4.7273e+16,4.7273e+16,NA,NA,0.5744,0.22787,0.5744,0.46794,0.54301,0.17593,NA,NA,209,72.995,12641,763630,14.306,206.1,101130,2232,2048,0.9122,0.93455,0.1368,0.10181,0.070954,0.50147,3586.8,1438.4,0.021138,0.0025996,0.03546,0.027012,0.0030367,0.0026277,0.0027334,0.007554,0.38885,2.6078,1.853,0.10917,0.42768,0.41926,0.11554,0.44876,0.3581,0.11474,0.44638,0.34226,7.8315,3.3541,22750,56711,55306,0.084167,0.087654,0.054238,0.18777,0.19914,0.063034,0.30041,0.32153,0.07013,0.41102,0.4465,0.075153,0.50987,0.55569,0.07803,0.00074674,0.00081949,0.0049212,-0.0072161,-0.018496,0.008962,0.0036856,0.0042427,0.01156,-0.0056008,-0.016872,0.025959,0.010705,0.012761,0.019838,-0.00034491,-0.0087586,0.051548,0.0005009,0.00064456,0.0082521,-0.0036162,-0.012035,0.023295,0.0028487,0.0036337,0.021574,0.00054706,-0.0086826,0.042758,0.0088845,0.011416,0.038916,0.0099164,0.0021604,0.070463,5.6911e-05,4.4363e-05,0.00067541,-0.0067699,-0.01691,-0.0072378,0.00039393,0.00029963,0.0023096,-0.0083667,-0.020831,-0.013258,0.0011217,0.00084839,0.0039789,-0.00952,-0.02238,-0.020722,0.00018893,0.00013057,0.027871,0.00088836,0.010021,-0.01169,0.00044754,0.00031299,0.020978,0.00012622,0.014582,-0.015637,0.00073932,0.0005277,0.017075,-0.00075728,0.019103,-0.018077,0.79567,746,"0"
-0.00035725,0.056843,0.056559,-0.97127,0.056291,-1.0381,0.068798,-0.16496,2.8414,0.026918,3.096,3.8312e-06,1.426,6.4202,0.049216,9.7745,0.013209,0.97527,2.993e+16,2.993e+16,2.993e+16,2.993e+16,NA,NA,0.1166,0.10734,0.1166,0.25258,0.26217,0.12204,NA,NA,206,102.06,17306,1456000,14.149,202.09,138450,7512,3872,0.90969,0.93276,0.14418,0.10521,0.088799,0.43788,2126.2,1116.1,0.020264,0.0026825,0.034693,0.028166,0.00050794,0.0088551,0.0030222,0.0093175,0.24302,1.2877,0.94762,0.11985,0.41846,0.43158,0.14099,0.41314,0.40277,0.14817,0.40973,0.39972,4.3845,3.4526,26305,75173,73624,0.082251,0.07393,0.070692,0.16128,0.1444,0.072208,0.2296,0.20329,0.071486,0.28686,0.25232,0.069954,0.33271,0.29113,0.067911,0.00081373,0.00072051,0.0071524,-0.0081215,-0.019496,-0.010979,0.0035091,0.0032584,0.014679,-0.006903,-0.019057,-0.012718,0.010681,0.010453,0.026399,-0.00044216,-0.011474,-0.0062056,0.00010814,9.912e-05,0.0023761,-0.0064484,-0.01414,-0.0043777,0.001017,0.00097188,0.010273,-0.0060623,-0.014942,-0.0049221,0.0040942,0.0040051,0.023918,-0.0014337,-0.0099657,-0.0040855,0.00028688,0.00027837,0.0045409,-0.0067519,-0.016663,-0.0019488,0.0016074,0.0015724,0.012569,-0.0058528,-0.01855,-0.0027246,0.0052551,0.0054225,0.024861,-0.0010977,-0.015401,0.0064708,0.00041871,0.00034301,0.082383,0.0056144,0.010729,-0.010834,0.00092948,0.00075762,0.058108,0.0047516,0.01537,-0.01442,0.0016289,0.0013418,0.050173,0.0047821,0.020703,-0.01811,1.1124,746,"1"
-0.002479,0.11813,0.1183,-0.93891,0.11158,-0.71515,-0.23832,0.19175,2.2266,0.04946,3.1817,0.0010687,2.2192,6.3856,0.12045,9.3829,0.01268,0.93965,3.4051e+16,3.4051e+16,3.4051e+16,3.4051e+16,NA,NA,0.25303,0.12991,0.25303,0.30476,0.43935,0.13324,NA,NA,289,55.526,13730,651550,16.878,286.23,109840,3200,1168,0.91461,0.94136,0.1015,0.067594,0.076955,0.3741,2686.7,1488.3,0.011173,0.0018,0.021769,0.022274,0.0032681,0.0025089,0.0074609,0.0069118,0.070263,2.9405,2.2527,0.11022,0.4291,0.42798,0.11916,0.45603,0.36653,0.11707,0.4578,0.36318,7.5333,3.4238,13237,28526,25323,0.066997,0.066566,0.04727,0.14964,0.15037,0.054998,0.24466,0.251,0.062532,0.34092,0.3549,0.06825,0.43398,0.45065,0.072718,0.00056096,0.00051563,0.0040476,-0.0081607,-0.022405,-0.010867,0.0025947,0.0024903,0.0089102,-0.0081731,-0.022892,-0.0093977,0.0075786,0.0074399,0.015376,-0.0053123,-0.017763,-0.0068858,0.00040083,0.0003888,0.0072301,-0.0043075,-0.01491,-0.0036234,0.0019915,0.0019882,0.016513,-0.0022597,-0.01475,-0.00034253,0.0056824,0.005784,0.027252,0.0025776,-0.0092778,0.0057799,2.4031e-05,1.9551e-05,0.00031225,-0.0072322,-0.019292,-0.0064543,0.00020353,0.00018365,0.0013065,-0.0093084,-0.023544,-0.0072141,0.0010819,0.0010091,0.0042018,-0.010057,-0.024581,-0.010804,0.00013609,0.00010728,0.021981,-2.2507e-05,0.0082838,-0.011858,0.0004039,0.0003243,0.020729,-0.00024477,0.013881,-0.01639,0.00093773,0.00078943,0.023712,0.00034775,0.019563,-0.020067,0.87278,746,"1"
-0.00026612,0.041501,0.041323,-0.97909,0.041102,-0.90759,-0.073031,-0.27898,2.0838,-0.043755,3.0372,0.00085169,2.4892,12.722,0.038187,20.853,0.028179,0.98085,2.6028e+16,2.6028e+16,2.6028e+16,2.6028e+16,NA,NA,0.47804,0.14744,0.47804,0.55578,0.68682,0.24456,NA,NA,178,121.4,20632,2388800,13.225,175.93,165060,1608,1384,0.91219,0.93556,0.14068,0.098563,0.1057,0.42206,2563.4,1362.2,0.013953,0.0020713,0.029256,0.027698,0.0034531,0.0077446,0.0040126,0.011721,2.8691,2.2416,0.56856,0.10809,0.43109,0.43039,0.11194,0.44968,0.39589,0.11262,0.45334,0.38766,4.3122,3.4431,15628,40570,38421,0.08332,0.084001,0.071655,0.18473,0.18813,0.082758,0.2849,0.29022,0.088758,0.37534,0.38609,0.091588,0.45287,0.46858,0.092493,0.00088817,0.00087557,0.0078114,-0.0078564,-0.020526,-0.0019971,0.0043992,0.0045291,0.018414,-0.0048222,-0.018642,0.0072516,0.011661,0.012196,0.028838,0.0012754,-0.0112,0.016606,0.00039147,0.00040531,0.008607,-0.0048212,-0.01385,0.0034105,0.0020465,0.0022029,0.020683,-0.0022995,-0.013022,0.012978,0.0058461,0.0063381,0.034174,0.0032946,-0.0071845,0.022049,0.00019771,0.00021389,0.0031313,-0.0071786,-0.017893,0.0065245,0.0013238,0.0014408,0.010358,-0.0067535,-0.020152,0.012323,0.003803,0.0040866,0.018003,-0.0045888,-0.019095,0.015458,0.00029898,0.00025638,0.058862,0.0032267,0.009165,-0.010276,0.0010682,0.00092358,0.066824,0.00608,0.016826,-0.015529,0.002331,0.0020744,0.071846,0.0092529,0.024804,-0.016956,1.0612,746,"1"
-0.0004418,0.034416,0.034005,-0.98283,0.033957,-1.0198,0.037656,-0.38326,2.1787,-0.00056346,3.091,0.0010636,1.0332,5.8988,0.030599,7.9436,0.010735,0.98465,2.369e+16,2.369e+16,2.369e+16,2.369e+16,NA,NA,0.16856,0.21372,0.21372,0.39836,0.57727,0.17275,NA,NA,218,84.716,15871,1154000,14.636,215.47,126970,2416,2032,0.91085,0.93457,0.072818,0.052812,0.045673,0.25762,1638.4,983.77,0.011059,0.0014904,0.036858,0.024149,0.0028087,0.017016,0.005977,0.028653,0.86904,3.1187,1.957,0.12449,0.42228,0.42101,0.15192,0.42214,0.37875,0.16524,0.41901,0.361,3.3446,3.368,17731,46240,44116,0.086286,0.081129,0.065723,0.17234,0.16168,0.068382,0.24672,0.23126,0.068076,0.30656,0.28608,0.066253,0.35923,0.33443,0.064981,0.00033849,0.00027895,0.0026367,-0.0092381,-0.020109,-0.013423,0.0022934,0.0019487,0.008502,-0.0091621,-0.020248,-0.0228,0.0080956,0.0072184,0.017732,-0.0046736,-0.014333,-0.027593,0.00019715,0.00016969,0.0038391,-0.0055799,-0.013871,-0.0086642,0.0015538,0.001358,0.013909,-0.0038539,-0.013762,-0.016338,0.0060059,0.0054782,0.031095,0.0035012,-0.0071057,-0.019591,5.0506e-05,4.02e-05,0.00070848,-0.0074025,-0.017481,-0.0071484,0.00038004,0.00031535,0.0026337,-0.0091542,-0.021311,-0.010683,0.0013043,0.0011193,0.0054686,-0.0099569,-0.022503,-0.014313,9.0837e-05,6.9063e-05,0.015839,-0.00087229,0.0098315,-0.0079177,0.00037416,0.00028613,0.02073,-0.00052164,0.015612,-0.012688,0.00091089,0.00071834,0.024866,0.00020112,0.021456,-0.016705,1.1674,746,"1"
-0.0001523,0.062817,0.06291,-0.96799,0.062296,-1.0636,0.098765,0.10811,2.6848,0.013687,3.1591,8.0181e-05,1.5298,6.3187,0.05846,9.8828,0.013355,0.97065,3.3566e+16,3.3566e+16,3.3566e+16,3.3566e+16,NA,NA,0.38946,0.088523,0.38946,0.45461,0.64758,0.19648,NA,NA,235,72.277,9532,416350,13.665,198.12,76256,18808,9096,0.9103,0.93369,0.12159,0.090879,0.072164,0.4104,2167.6,1142.1,0.016484,0.0028166,0.050052,0.038744,0.006312,0.022342,0.0068731,0.034457,0.36628,0.43913,0.6096,0.11272,0.42779,0.43081,0.11813,0.43644,0.4045,0.11949,0.44272,0.4004,8.2517,3.4465,54607,147790,146770,0.077668,0.080745,0.056299,0.16851,0.17718,0.063631,0.26306,0.27967,0.069075,0.35511,0.38316,0.073036,0.43795,0.47203,0.075391,0.00089117,0.00070555,0.0066063,-0.0071877,-0.018921,-0.018359,0.0039388,0.0032155,0.013896,-0.0054046,-0.018367,-0.027923,0.010143,0.0083858,0.021143,-0.001269,-0.012855,-0.039102,0.00013074,0.00010159,0.0024228,-0.0057902,-0.013747,-0.010308,0.0010592,0.00083853,0.0090231,-0.0054141,-0.01483,-0.018365,0.003433,0.0027743,0.016915,-0.0029485,-0.01152,-0.026181,0.0001564,0.00013308,0.0020879,-0.0067562,-0.016708,-0.0071802,0.0011237,0.00099517,0.0074108,-0.0067671,-0.019371,-0.009774,0.003399,0.002993,0.013562,-0.0050937,-0.018879,-0.015713,0.00060403,0.00047088,0.10023,0.0085336,0.012752,-0.014554,0.001786,0.0014048,0.094167,0.011856,0.020349,-0.020212,0.003477,0.0027494,0.090327,0.015158,0.027852,-0.026368,0.87345,746,"1"
-0.00022008,0.11016,0.10978,-0.94344,0.10967,-0.97344,0.031807,-2.2042,9.1256,-0.23198,2.7472,0.0075449,2.374,7.2819,0.106,10.787,0.014577,0.94674,4.1159e+16,4.1159e+16,4.1159e+16,4.1159e+16,NA,NA,0.38876,0.111,0.38876,0.46904,0.61378,0.2321,NA,NA,271,49.62,5550,138640,12.904,181.96,44400,19448,7288,0.91467,0.94016,0.041646,0.028534,0.021045,0.18495,1525,927.06,0.0129,0.0024289,0.029054,0.030586,0.010963,0.0142,0.020293,0.026891,1.2369,1.0896,0.075466,0.10597,0.42197,0.44261,0.11018,0.43322,0.413,0.10551,0.42855,0.42366,5.8902,3.5409,17823,37287,34817,0.092578,0.099893,0.057914,0.19663,0.2116,0.064077,0.29356,0.3119,0.066525,0.3799,0.4014,0.06743,0.45704,0.47899,0.067899,0.00046522,0.00042741,0.0029763,-0.0079672,-0.02141,-0.0089408,0.0027846,0.0026324,0.0084783,-0.0073083,-0.021381,-0.011407,0.0085203,0.0082421,0.015327,-0.0035935,-0.015655,-0.010478,8.4045e-05,7.5304e-05,0.0013441,-0.0055984,-0.015276,-0.0061008,0.00084968,0.00073368,0.0062465,-0.005673,-0.016483,-0.017505,0.0031934,0.0027764,0.013579,-0.0032843,-0.012858,-0.026773,0.00029208,0.00028646,0.003365,-0.0057179,-0.017944,-0.0017273,0.0015928,0.0016354,0.0090653,-0.005014,-0.020263,0.0040919,0.0046215,0.00492,0.015913,-0.0022275,-0.018737,0.015014,8.9096e-05,6.5646e-05,0.012759,-0.00081823,0.0094277,-0.010259,0.00037401,0.00029142,0.017019,-0.00047301,0.014866,-0.016095,0.00092768,0.00075174,0.020798,0.00027267,0.020398,-0.019407,0.88529,746,"0"
-0.00089597,0.11669,0.11599,-0.94013,0.11597,-0.95331,0.01401,1.1363,4.0552,0.2177,2.9298,0.0010479,1.737,5.3697,0.10436,8.0224,0.010841,0.94735,3.8908e+16,3.8908e+16,3.8908e+16,3.8908e+16,NA,NA,0.29734,0.2159,0.29734,0.44465,0.48115,0.21496,NA,NA,203,71,8876,409060,13.021,178.23,71008,13272,10472,0.91132,0.93434,0.20282,0.1568,0.081644,0.64503,3141.6,1446.6,0.020918,0.0042886,0.033537,0.025188,0.0049577,0.0098786,0.007632,0.01508,0.80972,0.94547,1.694,0.10893,0.42376,0.43752,0.10867,0.42177,0.41867,0.11296,0.42818,0.41596,8.1505,3.5001,57607,152080,150870,0.099383,0.10247,0.061036,0.19601,0.19032,0.062709,0.28772,0.26737,0.064011,0.36744,0.33253,0.064029,0.42661,0.37956,0.062222,0.00044366,0.00035495,0.0027865,-0.0079574,-0.018449,-0.013725,0.0029126,0.0024312,0.0087061,-0.0069874,-0.018296,-0.021183,0.0095853,0.0085603,0.016928,-0.0019887,-0.012099,-0.022476,0.00014992,0.00011093,0.0023539,-0.0052273,-0.01295,-0.011343,0.0010961,0.00081185,0.0079112,-0.0048611,-0.013763,-0.02087,0.0035569,0.0026587,0.014848,-0.0024277,-0.010341,-0.032125,0.00020471,0.00018301,0.0023154,-0.0060142,-0.015749,-0.0050161,0.0013226,0.0012738,0.0073905,-0.0056877,-0.017987,-0.0031596,0.0047972,0.0049927,0.016217,-0.0018511,-0.015451,0.006212,8.9027e-05,6.1014e-05,0.012516,-0.00081179,0.0085816,-0.0083419,0.00049724,0.00034822,0.022213,0.00052304,0.013647,-0.015418,0.0013216,0.00097793,0.02909,0.0023806,0.018649,-0.018888,0.73588,746,"1"
-0.0018976,0.22163,0.21988,-0.88308,0.21952,-0.91879,0.040444,-0.66126,4.358,-0.16282,3.0422,0.00080439,2.5534,5.2843,0.23287,8.9743,0.012127,0.88337,4.8248e+16,4.8248e+16,4.8248e+16,4.8248e+16,NA,NA,0.60869,0.12744,0.60869,0.39667,0.54149,0.17345,NA,NA,240,55.233,9643,388490,15.221,234.37,77144,4304,3320,0.91298,0.93603,0.037351,0.027463,0.013572,0.194,2113.4,991.32,0.014301,0.0021148,0.038335,0.028024,0.0024988,0.0015096,0.0036086,0.00046965,0.56755,0.11418,0.44179,0.11341,0.42308,0.41942,0.12368,0.44119,0.35658,0.12873,0.43597,0.32773,6.2401,3.3553,29804,68337,67059,0.086379,0.097501,0.050721,0.19768,0.22581,0.060466,0.31286,0.35474,0.066549,0.43178,0.492,0.071937,0.53206,0.59878,0.074196,0.0004354,0.00050295,0.0026146,-0.0078019,-0.020209,0.013291,0.0025645,0.002938,0.0073291,-0.0075,-0.020651,0.020707,0.0073414,0.0082672,0.012396,-0.0051791,-0.015536,0.027626,0.00036063,0.00044351,0.0054137,-0.0041122,-0.012931,0.018036,0.0021205,0.0025839,0.014633,-0.0016693,-0.011625,0.028058,0.005786,0.0070339,0.023094,0.002577,-0.0050269,0.041454,4.284e-05,3.8103e-05,0.00046328,-0.0065114,-0.017231,-0.0028159,0.00034166,0.00028592,0.0018253,-0.0081154,-0.021146,-0.0097399,0.0014975,0.0012002,0.0048401,-0.008335,-0.022466,-0.021203,3.1927e-05,2.1334e-05,0.0042917,-0.0017311,0.004964,-0.0076907,0.00010462,7.0032e-05,0.0044686,-0.0025766,0.0078575,-0.0076811,0.00013454,9.1692e-05,0.0028313,-0.0038889,0.012071,-0.0082568,0.85782,746,"0"
-0.0030202,0.049335,0.05232,-0.97345,0.040268,-1.4407,0.47995,0.010399,2.1774,0.058826,3.2023,0.00075625,0.75314,3.4912,0.046429,4.3899,0.0059323,0.97669,3.354e+16,3.354e+16,3.354e+16,3.354e+16,NA,NA,0.26568,0.15866,0.26568,0.31592,0.4295,0.1834,NA,NA,184,144.16,23500,2999500,13.423,181.44,188000,5984,3200,0.90539,0.92308,0.29845,0.23511,0.15653,0.66308,5476.5,2694.1,0.022542,0.0035064,0.039486,0.032059,0.0030811,0.011236,0.0049485,0.014422,3.1928,4.2584,1.5389,0.11786,0.42375,0.43753,0.12721,0.43268,0.41903,0.13283,0.4273,0.42322,10.532,3.5002,28362,113820,112450,0.088319,0.087941,0.090764,0.18033,0.1749,0.096538,0.26333,0.25171,0.098035,0.3301,0.3105,0.096254,0.37917,0.35021,0.092541,0.00062312,0.00043969,0.0065489,-0.0096556,-0.01802,-0.020358,0.0028976,0.0021723,0.014493,-0.0091375,-0.017889,-0.033783,0.0088137,0.0070887,0.026047,-0.0040723,-0.012265,-0.042486,0.00019835,0.00015793,0.0052112,-0.0065018,-0.012604,-0.010266,0.0014887,0.0012114,0.01798,-0.0047566,-0.012635,-0.01945,0.0052388,0.0045623,0.036595,0.0018144,-0.0070125,-0.022032,0.00017549,0.00012675,0.0033213,-0.0079845,-0.015622,-0.0094408,0.0006307,0.0004622,0.0058971,-0.0098088,-0.018883,-0.016022,0.0018894,0.0014068,0.010688,-0.010073,-0.019522,-0.025801,0.00024929,0.00015501,0.058647,0.0024494,0.0092286,-0.015075,0.0007782,0.0004987,0.058173,0.0036253,0.015116,-0.022936,0.0016943,0.0011252,0.062404,0.0056999,0.020917,-0.029669,0.79091,746,"0"
-0.00027337,0.057084,0.056921,-0.97108,0.056799,-1.016,0.046292,-1.4919,4.8156,-0.31634,2.7753,0.0018417,2.4259,10.291,0.055429,17.418,0.023538,0.97222,3.2218e+16,3.2218e+16,3.2218e+16,3.2218e+16,NA,NA,0.4433,0.31578,0.4433,0.36371,0.70753,0.23504,NA,NA,218,85.046,16699,1277000,14.655,215.84,133590,1136,1080,0.90936,0.929,0.070924,0.054395,0.033784,0.25142,1805.7,831.71,0.010247,0.001455,0.027084,0.028118,0.01711,0.0097194,0.022091,0.012028,3.8169,3.9869,0.15647,0.11043,0.43614,0.40833,0.11115,0.46426,0.35243,0.11559,0.46296,0.33185,2.862,3.2666,27103,83609,82653,0.084292,0.086414,0.065071,0.18539,0.19913,0.074552,0.30049,0.32558,0.084032,0.41605,0.44928,0.09113,0.52202,0.56218,0.095703,0.00058077,0.00078381,0.0045851,-0.0084778,-0.018169,0.027679,0.0033531,0.0043465,0.012599,-0.0068781,-0.016345,0.045021,0.00976,0.011977,0.021666,-0.0019458,-0.0090595,0.052251,0.00047044,0.00071569,0.0092845,-0.0041315,-0.01079,0.040542,0.002924,0.0040524,0.026527,0.00086041,-0.0063873,0.05518,0.0085031,0.011075,0.044618,0.0099017,0.0036092,0.064838,3.5363e-05,2.3245e-05,0.00050275,-0.0075212,-0.016298,-0.0078599,0.0002835,0.00020205,0.0019912,-0.0095064,-0.020042,-0.013039,0.00097464,0.00071682,0.0041415,-0.010775,-0.021448,-0.019649,7.4967e-05,4.487e-05,0.013248,-0.001178,0.0049522,-0.0078144,0.00016226,0.0001052,0.0091114,-0.0024419,0.008563,-0.010204,0.00042402,0.00028695,0.011732,-0.0027291,0.01279,-0.015722,1.3014,746,"1"
-0.00084323,0.060858,0.060772,-0.9691,0.059331,-0.81986,-0.15399,0.097764,1.8388,0.15495,3.0134,0.0028521,1.7183,7.084,0.058685,10.025,0.013547,0.97058,2.8044e+16,2.8044e+16,2.8044e+16,2.8044e+16,NA,NA,0.29243,0.14443,0.29243,0.23672,0.28342,0.1241,NA,NA,241,58.855,11532,554460,15.244,235.09,92256,7712,2872,0.91307,0.93836,0.059471,0.042031,0.044839,0.23049,1515.2,877.01,0.0093995,0.0012909,0.043509,0.024782,0.0043173,0.027058,0.0076719,0.049533,0.73989,2.8141,1.505,0.11949,0.42285,0.42596,0.14406,0.43145,0.37719,0.15796,0.42644,0.35983,3.9807,3.4077,33715,76321,74579,0.085571,0.080745,0.054631,0.16905,0.15829,0.056223,0.24837,0.23147,0.057441,0.31881,0.29712,0.057751,0.37771,0.3515,0.057267,0.00056228,0.00051061,0.0036712,-0.0077504,-0.020666,-0.0087253,0.0032008,0.0029446,0.009946,-0.0065479,-0.020286,-0.014339,0.010135,0.0096138,0.018607,-0.0012012,-0.013501,-0.014815,0.00028239,0.00026473,0.004609,-0.0046775,-0.014105,-0.0042561,0.0018118,0.001746,0.013593,-0.0027112,-0.013708,-0.0050451,0.0063035,0.0062663,0.027354,0.0038884,-0.0072864,-0.0013695,0.00016591,0.00015051,0.0019507,-0.0062928,-0.017641,-0.0052879,0.00096971,0.00086428,0.0056326,-0.006761,-0.020844,-0.010662,0.0028882,0.0026057,0.01015,-0.0058278,-0.020789,-0.014593,0.00011398,9.5369e-05,0.016659,-0.00040033,0.0082198,-0.0060667,0.00042156,0.00033597,0.019577,-8.7611e-05,0.013742,-0.011817,0.0010482,0.00084938,0.023984,0.00093409,0.020309,-0.01694,1.0411,746,"1"
-0.0060737,0.19503,0.19163,-0.89895,0.19057,-0.96571,0.074258,-0.2248,3.4288,-0.024405,3.1494,0.00012565,2.1383,4.7687,0.20053,6.739,0.0091068,0.89953,4.3508e+16,4.3508e+16,4.3508e+16,4.3508e+16,NA,NA,0.26801,0.16314,0.26801,0.3499,0.40135,0.16878,NA,NA,231,71.29,12321,660830,14.879,224.43,98568,6872,6072,0.91171,0.93269,0.11108,0.085293,0.018461,0.39141,2258.5,1220.5,0.023763,0.0042757,0.036452,0.026689,0.00017677,0.003334,0.00076833,0.0044951,0.96988,0.093927,0.78159,0.10973,0.42595,0.44056,0.11099,0.43192,0.43161,0.11306,0.44269,0.42337,8.8458,3.5244,53450,155290,154100,0.10492,0.10247,0.07328,0.20299,0.19515,0.073855,0.28761,0.27378,0.072769,0.35222,0.32886,0.069799,0.39936,0.36546,0.066241,0.00087641,0.00085416,0.0062599,-0.0070999,-0.017369,-0.0022461,0.0050566,0.0054604,0.017189,-0.0029517,-0.013573,0.014004,0.015958,0.017806,0.032051,0.0079159,-0.001557,0.032381,0.00020994,0.00020381,0.0037487,-0.0052721,-0.012751,-0.0014014,0.0015101,0.0018041,0.012395,-0.0038302,-0.011669,0.019468,0.0052835,0.0066538,0.025083,0.0015962,-0.0041158,0.042628,0.00030414,0.00035974,0.0039122,-0.0059971,-0.0152,0.011353,0.0024821,0.0028545,0.015772,-0.0027723,-0.014798,0.019421,0.0086962,0.0099679,0.033432,0.0064489,-0.0081674,0.030309,0.00036232,0.00029061,0.05793,0.0040366,0.011581,-0.0096705,0.0011508,0.00094929,0.058466,0.0061749,0.018676,-0.012967,0.0025574,0.0021318,0.064017,0.0096124,0.026336,-0.017652,0.7869,746,"1"
-0.004804,0.49408,0.49052,-0.71332,0.48723,-0.65491,-0.081876,-1.3074,5.7069,-0.18173,2.9706,0.0010892,5.9512,7.8753,0.56953,15.561,0.021029,0.71442,6.0637e+16,6.0637e+16,6.0637e+16,6.0637e+16,NA,NA,0.69781,0.36932,0.69781,0.31264,0.37942,0.17314,NA,NA,190,70.211,9589,490090,13.318,181.22,76712,7904,5800,0.91133,0.93376,0.024233,0.019225,0.0077415,0.092396,1492.7,708.86,0.01122,0.0018658,0.087982,0.046338,0.020135,0.022742,0.028319,0.03418,0.7795,0.83364,0.00016935,0.1071,0.42288,0.43668,0.11964,0.43123,0.39323,0.10378,0.42519,0.4151,6.0276,3.4935,50392,143740,142620,0.082745,0.093838,0.047255,0.18702,0.22086,0.055637,0.30773,0.36794,0.063664,0.42126,0.4987,0.06826,0.50836,0.58751,0.068947,0.00056504,0.00064813,0.0033001,-0.0073149,-0.01719,0.0086036,0.0029393,0.0033322,0.0081698,-0.0066828,-0.016756,0.014629,0.0094592,0.010804,0.015534,-0.0020958,-0.010353,0.025583,0.00033088,0.00046429,0.0048309,-0.004193,-0.011177,0.019373,0.0022007,0.0027704,0.01477,-0.001408,-0.0094644,0.025598,0.0076075,0.0094498,0.029531,0.0065287,-0.00083086,0.039265,0.00014524,0.00013155,0.0015275,-0.0060247,-0.015085,-0.0027901,0.0005636,0.00045726,0.0029284,-0.007431,-0.018477,-0.0085271,0.0015769,0.001192,0.0049571,-0.0080632,-0.019674,-0.017762,8.8922e-05,5.2285e-05,0.011625,-0.00078393,0.0066388,-0.0078325,0.00019042,0.00011424,0.0079103,-0.001875,0.01034,-0.0089482,0.00041222,0.00025689,0.0084371,-0.002401,0.014076,-0.013833,0.96987,746,"0"
-0.0051946,0.41965,0.4204,-0.76094,0.40623,-0.62123,-0.1836,-1.0574,4.255,-0.14507,3.0208,0.00051577,5.118,7.4844,0.46637,15.608,0.021093,0.76521,5.7128e+16,5.7128e+16,5.7128e+16,5.7128e+16,NA,NA,0.63101,0.27034,0.63101,0.40768,0.68078,0.21686,NA,NA,240,55.171,9591,392480,14.796,224.88,76728,11176,6528,0.91256,0.93582,0.04912,0.036791,0.024391,0.21022,1605,825.43,0.011242,0.0019915,0.052317,0.034799,0.015786,0.0085341,0.027887,0.012119,1.5728,2.4351,0.64449,0.10776,0.42421,0.4316,0.11023,0.43508,0.39518,0.10974,0.43693,0.38136,5.829,3.4528,32065,77346,76292,0.083624,0.092378,0.04852,0.18455,0.2042,0.05578,0.29834,0.33103,0.062707,0.42001,0.46472,0.069146,0.52324,0.57594,0.072099,0.00043461,0.00038315,0.0025788,-0.007757,-0.019799,-0.0078116,0.0021893,0.002033,0.0061825,-0.0081719,-0.020446,-0.0085572,0.0065981,0.0064438,0.011009,-0.0062135,-0.015833,-0.0045317,0.00018452,0.00017339,0.002737,-0.0049156,-0.013462,-0.0034067,0.0013968,0.0014072,0.0095242,-0.0038233,-0.013516,0.0007669,0.0050955,0.0053139,0.020096,0.0010374,-0.0076217,0.0075136,1.8482e-05,1.4365e-05,0.00019749,-0.0065671,-0.0169,-0.0040174,0.00014425,0.00011183,0.00076151,-0.0085778,-0.020962,-0.0072347,0.00049086,0.00035684,0.0015677,-0.010264,-0.022935,-0.014734,0.00023161,0.00019539,0.030763,0.0015386,0.0076982,-0.0064318,0.00064825,0.00051397,0.027359,0.0016886,0.013104,-0.011735,0.0010581,0.0008152,0.022002,0.00094106,0.018336,-0.015749,0.91227,746,"0"
-0.0023374,0.15151,0.14949,-0.92212,0.14904,-0.87151,-0.05489,-0.88463,4.2789,-0.11411,3.0478,0.00079841,2.2576,5.9664,0.14282,8.6204,0.011649,0.92807,3.9826e+16,3.9826e+16,3.9826e+16,3.9826e+16,NA,NA,0.2189,0.28449,0.28449,0.24539,0.52001,0.15568,NA,NA,283,45.24,8064,234270,16.13,266.95,64512,7904,3944,0.91421,0.94029,0.07362,0.050133,0.04649,0.30489,1984.1,1154.1,0.016875,0.0024125,0.020879,0.020209,0.00071722,0.0044883,0.00099305,0.0061279,0.31125,2.8132,2.0287,0.11169,0.42149,0.43793,0.12696,0.4241,0.4065,0.12495,0.4248,0.40786,5.9907,3.5034,15280,30391,28057,0.10515,0.11042,0.062336,0.20953,0.21883,0.064709,0.31127,0.3216,0.066846,0.38536,0.39139,0.064821,0.43845,0.43982,0.061728,0.00072203,0.0007209,0.0043775,-0.0069888,-0.021454,-0.00022913,0.0038879,0.0038947,0.011218,-0.0049759,-0.020176,0.00042905,0.010127,0.010113,0.017265,-0.0011677,-0.013637,-0.00050975,0.0002241,0.00022849,0.0033965,-0.0047815,-0.014871,0.0015316,0.0012294,0.0012482,0.0085653,-0.0043713,-0.015585,0.002152,0.0031392,0.0030758,0.012649,-0.0033167,-0.012477,-0.0039785,0.0002404,0.00025678,0.0026247,-0.0057666,-0.018248,0.0072282,0.0017566,0.0018693,0.0094747,-0.0044494,-0.020055,0.011039,0.0053753,0.0056945,0.017541,-0.00066892,-0.017872,0.015895,0.00025753,0.00023563,0.034949,0.0019833,0.0090463,-0.0065864,0.0009289,0.00080258,0.040056,0.0039253,0.016785,-0.015043,0.0017417,0.0014646,0.037006,0.0045488,0.024264,-0.022552,0.8228,746,"1"
-0.0015155,0.062508,0.065235,-0.96679,0.056265,-1.3253,0.37081,0.059838,2.9167,5.4435e-06,3.1756,2.249e-05,1.1547,4.7333,0.059368,6.3411,0.008569,0.97018,3.7373e+16,3.7373e+16,3.7373e+16,3.7373e+16,NA,NA,0.27001,0.15879,0.27001,0.20801,0.44007,0.13126,NA,NA,141,207.72,26161,4877100,11.627,137.03,209290,17736,1544,0.9044,0.92346,0.2573,0.19855,0.14208,0.56789,4592.3,2389.5,0.021872,0.0033429,0.029133,0.024858,0.0032723,0.0086373,0.004104,0.01129,5.6595,5.1186,0.41892,0.10837,0.44172,0.41687,0.11165,0.46033,0.38464,0.11085,0.46711,0.37569,11.623,3.3349,20426,82167,80226,0.088296,0.089043,0.097753,0.18568,0.18621,0.10709,0.28551,0.28684,0.11451,0.38002,0.38604,0.11938,0.46767,0.47903,0.12296,0.00090805,0.00088125,0.010281,-0.0088687,-0.017342,-0.0030181,0.0045907,0.0048154,0.024737,-0.0049826,-0.013849,0.008895,0.012831,0.013873,0.04085,0.0037889,-0.0039032,0.022331,0.00021938,0.00029533,0.0062094,-0.0066192,-0.012195,0.020799,0.0017393,0.0021978,0.022629,-0.0038998,-0.0098332,0.031772,0.0057585,0.007174,0.043335,0.0034838,-0.0013054,0.045974,0.00012022,9.3175e-05,0.0024511,-0.0085971,-0.016219,-0.0083959,0.00063925,0.00052072,0.006439,-0.010164,-0.01956,-0.012379,0.002044,0.0016256,0.012456,-0.010045,-0.020357,-0.022972,0.00056845,0.00049274,0.14407,0.0098024,0.014079,-0.010186,0.0022149,0.0020985,0.17837,0.019414,0.026198,-0.0063017,0.0050692,0.0051011,0.20114,0.030393,0.039799,0.0010508,0.84868,746,"1"
-0.00042329,0.06191,0.062026,-0.96845,0.060976,-1.0945,0.13012,0.27944,3.8753,-0.013667,3.0743,0.00070667,1.4279,5.7538,0.06142,8.2337,0.011127,0.96922,3.2807e+16,3.2807e+16,3.2807e+16,3.2807e+16,NA,NA,0.35001,0.1056,0.35001,0.19981,0.42153,0.13552,NA,NA,197,116.02,20262,2083400,13.891,194.29,162100,5248,3408,0.91058,0.93308,0.12379,0.088842,0.091967,0.39284,1761.4,1062.7,0.014699,0.001968,0.019555,0.020757,0.006279,0.0017506,0.0078467,0.0021187,0.42453,1.7738,1.9294,0.12068,0.41859,0.42987,0.14352,0.41266,0.40141,0.15202,0.40825,0.39436,3.3665,3.439,10649,30604,28805,0.089066,0.088162,0.080889,0.17336,0.1689,0.08202,0.2472,0.23688,0.081329,0.31074,0.29471,0.080074,0.36333,0.34284,0.078366,0.00070569,0.00062525,0.0065545,-0.0087548,-0.020165,-0.012937,0.0041026,0.0038966,0.018135,-0.0056733,-0.018173,-0.011059,0.012714,0.012465,0.033205,0.0032095,-0.0088907,-0.0067562,0.00034692,0.00031039,0.0080551,-0.0052217,-0.013901,-0.0084781,0.0020506,0.0020299,0.021886,-0.0023497,-0.012826,-0.0015706,0.0063882,0.0066495,0.039436,0.0048933,-0.0052567,0.0099858,0.00021713,0.0002007,0.0036317,-0.0072871,-0.017251,-0.0049566,0.0013121,0.0012207,0.010841,-0.006984,-0.019653,-0.0087747,0.0044078,0.0041748,0.022035,-0.0032245,-0.017864,-0.010878,0.00014164,0.00011417,0.029448,8.8252e-05,0.008663,-0.0091142,0.00077713,0.00067551,0.051338,0.003391,0.016689,-0.012384,0.0021589,0.0018649,0.070271,0.0083899,0.025154,-0.018908,1.2139,746,"1"
-0.0065651,0.10629,0.11952,-0.93825,0.07772,-1.4931,0.59138,-0.66612,4.7644,-0.021309,3.0813,0.0011625,1.3162,3.8737,0.11515,5.0002,0.006757,0.94213,4.31e+16,4.31e+16,4.31e+16,4.31e+16,NA,NA,0.37611,0.15806,0.37611,0.5694,0.57795,0.23698,NA,NA,216,93.208,16386,1244100,14.506,212.26,131090,5256,4176,0.90677,0.92744,0.20827,0.16893,0.063633,0.56619,3207,1380.1,0.027752,0.0042592,0.045699,0.023383,0.0062727,0.0045245,0.0090459,0.0050822,1.7043,0.76066,2.7063,0.13508,0.43102,0.39951,0.16049,0.44109,0.35049,0.1797,0.44508,0.32187,7.083,3.1961,39190,161150,160220,0.07468,0.067718,0.060995,0.14047,0.12523,0.059765,0.199,0.1753,0.05888,0.2529,0.21798,0.058608,0.3022,0.25688,0.058618,0.0029421,0.0041048,0.024575,-0.00046288,-0.0081023,0.051213,0.012718,0.018776,0.050557,0.014263,0.0091041,0.10703,0.033537,0.052075,0.078768,0.038578,0.041251,0.1895,0.00082376,0.0011229,0.017201,-0.0022741,-0.0081427,0.02742,0.004893,0.0080266,0.046966,0.007898,0.0049613,0.096148,0.015718,0.02777,0.087261,0.029158,0.035971,0.18372,0.00038582,0.00037959,0.0058034,-0.006119,-0.013766,-0.00086987,0.0025541,0.0028395,0.018979,-0.0027814,-0.0128,0.012148,0.0086068,0.010171,0.038694,0.0067777,-0.0047597,0.032325,0.0017325,0.0026023,0.32394,0.03101,0.041044,0.046693,0.0053106,0.0079666,0.31551,0.045415,0.061457,0.06578,0.009583,0.014753,0.28052,0.053959,0.077527,0.090422,0.86674,746,"0"
-0.004012,0.21348,0.21339,-0.88675,0.20484,-0.70924,-0.20018,-0.14294,2.84,-0.054479,3.1567,0.00022558,5.4412,11.512,0.2228,20.906,0.028251,0.88826,4.2944e+16,4.2944e+16,4.2944e+16,4.2944e+16,NA,NA,0.42136,0.11298,0.42136,0.44983,0.47043,0.16734,NA,NA,234,47.132,7027,214240,14.709,221.77,56216,4808,4360,0.91299,0.93873,0.00042543,0.0003087,0.012254,0.0015365,1423.8,849.63,0.013935,0.0024504,0.04433,0.037464,0.0074918,0.016451,0.0086813,0.02552,2.948,3.8667,0.76523,0.11577,0.42087,0.42433,0.12763,0.4228,0.36556,0.13608,0.42662,0.3475,7.5476,3.3947,29626,60404,58916,0.061817,0.066043,0.031164,0.14423,0.15456,0.037879,0.23442,0.24268,0.042811,0.32834,0.33425,0.046967,0.4253,0.44188,0.05092,0.00054321,0.00049176,0.0028006,-0.0069244,-0.020038,-0.0077751,0.0029617,0.0027086,0.0072672,-0.0062327,-0.019871,-0.012179,0.0083788,0.0075727,0.012147,-0.0034088,-0.014753,-0.021202,0.00010258,8.7144e-05,0.0013221,-0.0049353,-0.014354,-0.0045375,0.00057061,0.00047338,0.0033806,-0.0058597,-0.016056,-0.01157,0.0021905,0.001804,0.0075063,-0.0050038,-0.013576,-0.021439,0.0002864,0.00028737,0.0026591,-0.0051436,-0.016906,0.00022349,0.0018446,0.0018262,0.0084608,-0.0038851,-0.019053,-0.0011466,0.0053271,0.0051405,0.014783,-0.00070417,-0.017751,-0.0060885,0.00015423,0.00011724,0.017799,0.00025664,0.0094894,-0.010164,0.00055848,0.00041934,0.02048,0.00091879,0.016377,-0.013656,0.00094671,0.00070021,0.017105,0.00033653,0.022821,-0.017584,0.78816,746,"0"
-0.00043131,0.12288,0.12226,-0.93679,0.12187,-0.98971,0.056495,0.25767,3.0832,0.11233,3.1126,4.3721e-06,2.046,6.0797,0.11298,9.1502,0.012365,0.94307,4.1839e+16,4.1839e+16,4.1839e+16,4.1839e+16,NA,NA,0.47287,0.16773,0.47287,0.32065,0.39815,0.19915,NA,NA,238,57.071,9276,363370,15.088,230.94,74208,5328,3008,0.91237,0.93642,0.062719,0.046733,0.018696,0.26687,2117.8,1086.9,0.013932,0.0020153,0.047065,0.037441,0.0011863,0.018492,0.0026104,0.036634,1.1663,0.43349,0.9875,0.10723,0.43406,0.41845,0.10954,0.44864,0.37382,0.10496,0.46841,0.3413,6.8735,3.3476,50785,122240,121080,0.082712,0.077574,0.049118,0.1945,0.1977,0.060169,0.32443,0.3566,0.069794,0.45015,0.51302,0.075849,0.54641,0.61864,0.077061,0.00054149,0.00046197,0.0032886,-0.0075318,-0.019517,-0.011322,0.0031292,0.0027621,0.0090444,-0.0064495,-0.019424,-0.01643,0.0092567,0.0082496,0.015808,-0.0024315,-0.014124,-0.02359,0.00032376,0.00028894,0.0049153,-0.0043114,-0.012946,-0.0068245,0.0022129,0.0020375,0.015444,-0.0013993,-0.012196,-0.0096851,0.0071847,0.0066282,0.029001,0.0057157,-0.0059644,-0.015048,9.848e-05,8.7196e-05,0.001077,-0.00633,-0.016799,-0.0039259,0.00049078,0.00041376,0.0026517,-0.0077716,-0.020647,-0.0082931,0.0012532,0.0010224,0.0040966,-0.0088689,-0.022366,-0.013979,0.00011925,8.5837e-05,0.016212,-0.00029876,0.0070395,-0.0086184,0.00044131,0.00032128,0.019063,7.1761e-05,0.01293,-0.012847,0.00088054,0.00063922,0.018741,1.7231e-05,0.019067,-0.017003,0.81673,746,"0"
-0.00091347,0.23238,0.23275,-0.87575,0.23052,-0.9614,0.097805,-0.82566,5.2041,-0.064324,2.9356,0.0028635,3.5431,7.2596,0.23758,12.422,0.016786,0.88044,5.113e+16,5.113e+16,5.113e+16,5.113e+16,NA,NA,0.66275,0.19874,0.66275,0.28448,0.6764,0.18105,NA,NA,219,60.073,10203,481440,14.35,209.73,81624,10608,1096,0.91277,0.93701,0.0083157,0.0060275,0.0012075,0.027745,1374.3,805.81,0.010797,0.0018476,0.056487,0.044919,0.00092245,0.020667,0.00099734,0.037653,0.017117,0.26833,0.24257,0.10804,0.4269,0.42949,0.11852,0.43652,0.37602,0.11267,0.43799,0.37629,3.9388,3.4359,26924,59518,58035,0.082729,0.091893,0.048283,0.18548,0.20518,0.056391,0.29625,0.3293,0.062634,0.4029,0.44381,0.06672,0.48891,0.53118,0.067765,0.00044,0.00041787,0.0026262,-0.0077648,-0.020582,-0.0037185,0.0024647,0.0024352,0.0070013,-0.0076681,-0.021218,-0.0017794,0.0071722,0.0070003,0.012037,-0.0054063,-0.01691,-0.0054082,0.00030028,0.00027955,0.0044804,-0.0043841,-0.013738,-0.0042587,0.0017496,0.0017773,0.012,-0.0027766,-0.01355,0.0020058,0.0054832,0.0055157,0.021752,0.0018986,-0.0083631,0.0011956,6.3852e-05,7.6917e-05,0.00068631,-0.0064094,-0.017447,0.0079328,0.00053212,0.00052135,0.0028256,-0.007595,-0.021104,-0.0014887,0.001496,0.0013822,0.0048061,-0.0083119,-0.022281,-0.0075309,7.5867e-05,6.14e-05,0.010136,-0.0010064,0.0065903,-0.0048333,0.00022,0.00016883,0.0093397,-0.0016639,0.010599,-0.0090316,0.00044378,0.00033314,0.0092826,-0.0022628,0.015175,-0.013172,0.97916,746,"1"
-0.0010102,0.15705,0.15767,-0.91767,0.1547,-1.0437,0.13737,-2.0003,8.0406,-0.28626,2.8096,0.0037746,2.6331,6.5846,0.15949,12.786,0.017279,0.91996,4.514e+16,4.514e+16,4.514e+16,4.514e+16,NA,NA,0.23528,0.28119,0.28119,0.34159,0.46472,0.16725,NA,NA,222,72.973,9987,468910,13.81,199.19,79896,12440,11408,0.91093,0.93291,0.016826,0.012983,0.012757,0.062538,1903.3,1107.1,0.017629,0.0020531,0.053967,0.035761,0.0021391,0.011501,0.0027067,0.011788,0.9983,0.36383,1.0521,0.10473,0.43779,0.42699,0.10889,0.45662,0.3864,0.094158,0.47472,0.38432,6.6178,3.4159,56813,164050,163050,0.07783,0.083331,0.052763,0.17886,0.20104,0.063166,0.29476,0.34111,0.072389,0.40606,0.47061,0.078107,0.49775,0.56786,0.080137,0.00026985,0.00018785,0.0018709,-0.0089221,-0.01889,-0.014711,0.001627,0.0012282,0.0053684,-0.010012,-0.020655,-0.021362,0.0054598,0.004378,0.010644,-0.0084921,-0.017828,-0.029445,0.00018705,0.00013405,0.0032419,-0.0053084,-0.012753,-0.011085,0.0010656,0.00082045,0.0084898,-0.0052112,-0.013955,-0.016242,0.003511,0.0028887,0.016179,-0.002663,-0.010892,-0.02135,1.6067e-05,1.2382e-05,0.00020059,-0.0071198,-0.016134,-0.0051678,0.00034059,0.00026812,0.0021008,-0.0087347,-0.019749,-0.010151,0.0016431,0.0012926,0.0061316,-0.008659,-0.020657,-0.017676,6.6731e-05,4.1415e-05,0.010356,-0.0012477,0.0070615,-0.0091162,0.00022079,0.00013963,0.010888,-0.0017893,0.0098453,-0.0096863,0.00030816,0.00019837,0.0074873,-0.0032067,0.012767,-0.010374,0.91734,746,"1"
-0.0075327,0.27636,0.27291,-0.85248,0.26813,-0.96523,0.13226,-0.53236,3.944,-0.054088,3.1155,0.0004064,3.2127,6.0139,0.28463,8.192,0.01107,0.85679,5.0052e+16,5.0052e+16,5.0052e+16,5.0052e+16,NA,NA,0.11045,0.18798,0.18798,0.29253,0.35205,0.15587,NA,NA,267,52.884,7850,239370,15.255,242.41,62800,9240,6472,0.91349,0.94014,0.027673,0.019155,0.027795,0.16207,1610.2,1029,0.015259,0.0024527,0.030594,0.025674,0.0057004,0.0070986,0.011666,0.006047,0.18843,1.3076,1.1741,0.11057,0.42117,0.43941,0.12113,0.42175,0.41418,0.12013,0.42638,0.41131,5.1456,3.5152,30165,65345,63565,0.093915,0.095534,0.059421,0.19902,0.2045,0.065598,0.29514,0.30489,0.067647,0.37646,0.38834,0.067584,0.43902,0.45072,0.065968,0.00077508,0.00085476,0.0050153,-0.0070617,-0.020311,0.010074,0.0035558,0.0040793,0.01095,-0.005808,-0.019329,0.028116,0.010709,0.012051,0.019484,-0.00033638,-0.011583,0.038516,0.00024035,0.00021843,0.0038879,-0.0048627,-0.014618,-0.0053238,0.0014257,0.0013898,0.010601,-0.0039055,-0.014868,-0.0032347,0.0049596,0.0050159,0.02133,0.00077068,-0.0091055,0.0024167,0.0002616,0.00039703,0.0030483,-0.0058748,-0.017464,0.030725,0.0014003,0.0020638,0.0080612,-0.0055641,-0.01932,0.057496,0.0043855,0.0058744,0.015274,-0.0027251,-0.017154,0.066948,0.00027312,0.00023931,0.03956,0.0023162,0.011227,-0.0065998,0.00074056,0.00063489,0.034083,0.0025189,0.016146,-0.011054,0.0014875,0.001271,0.033731,0.0033192,0.021862,-0.015505,0.89655,746,"1"
-0.073315,0.66828,0.72296,-0.52543,0.4265,-0.86189,0.64036,0.13097,2.2841,0.07391,3.2035,0.00068914,2.3623,2.4254,0.94614,2.8597,0.0038645,0.52588,5.3056e+16,5.3056e+16,5.3056e+16,5.3056e+16,NA,NA,0.20719,0.068429,0.20719,0.11676,0.15327,0.056144,NA,NA,277,44.375,9397,318600,16.465,273.05,75176,2552,2048,0.91294,0.93908,0.078532,0.055472,0.056983,0.32632,1578.2,939.61,0.009654,0.0015978,0.02613,0.030422,0.0093454,0.012358,0.019961,0.018342,1.6342,0.86387,0.59431,0.12327,0.42109,0.42396,0.16437,0.41896,0.36926,0.17203,0.41406,0.36028,4.412,3.3917,18673,39243,37699,0.039275,0.036684,0.022472,0.08785,0.083337,0.026185,0.14684,0.14003,0.030437,0.20313,0.19421,0.032977,0.26716,0.25861,0.036303,0.0011416,0.0012129,0.0066803,-0.0056388,-0.019305,0.0078409,0.0048515,0.0050934,0.013511,-0.0030558,-0.017656,0.011359,0.012756,0.013473,0.020988,0.0025932,-0.0097199,0.018864,0.00038628,0.0004344,0.0056504,-0.0039385,-0.013797,0.010186,0.0021967,0.002427,0.014772,-0.0014209,-0.012863,0.016902,0.0064334,0.0071131,0.025021,0.0039618,-0.006324,0.025343,0.00023914,0.00024191,0.00252,-0.0056678,-0.017657,0.00070653,0.0009813,0.00096962,0.0051085,-0.0063637,-0.021113,-0.0011699,0.0025648,0.0024892,0.008078,-0.0061423,-0.02127,-0.004447,0.00051621,0.00053662,0.067615,0.0061403,0.014786,0.0030391,0.0017032,0.0017196,0.070886,0.0098648,0.023155,0.0012599,0.0039564,0.0040592,0.081133,0.015911,0.033067,0.0047515,0.9775,746,"0"
-0.07365,0.95811,0.85128,-0.38416,0.78269,-0.4932,0.28386,0.19392,2.3527,0.06477,3.202,0.00048149,3.0653,2.7617,1.2286,3.4706,0.00469,0.38443,6.004e+16,6.004e+16,6.004e+16,6.004e+16,NA,NA,0.22275,0.086806,0.22275,0.15214,0.20146,0.080274,NA,NA,326,42.488,10696,350890,17.877,321.7,85568,2600,2416,0.91081,0.93373,0.079001,0.05956,0.023105,0.30535,1472,892.34,0.011647,0.0019176,0.029677,0.028971,0.010064,0.024515,0.017646,0.038516,2.4305,3.6977,1.0821,0.12627,0.42185,0.41689,0.15972,0.41944,0.36866,0.1662,0.41642,0.35473,4.9969,3.3351,26340,70100,69167,0.041811,0.037087,0.027359,0.09012,0.084748,0.030719,0.1454,0.13962,0.034465,0.19848,0.1914,0.03685,0.25543,0.25038,0.039694,0.00098769,0.00084482,0.0066095,-0.0065197,-0.018143,-0.013035,0.0041658,0.0038035,0.013267,-0.0046673,-0.017234,-0.01392,0.011515,0.011052,0.021667,0.00088556,-0.010427,-0.0098848,0.00017886,0.00017403,0.002992,-0.0052543,-0.013102,-0.0016147,0.0016467,0.0016813,0.012663,-0.00327,-0.012621,0.0024287,0.0060596,0.0063517,0.026952,0.0033651,-0.0059724,0.0089623,0.0001283,0.0001388,0.0015461,-0.0065272,-0.01635,0.0034335,0.00082696,0.00080215,0.0049233,-0.0072397,-0.019481,-0.0023432,0.002786,0.0026174,0.010035,-0.0061154,-0.019302,-0.0074266,0.00068053,0.00053199,0.10194,0.0094269,0.013338,-0.014709,0.0016939,0.0013211,0.080626,0.010486,0.019388,-0.019492,0.0027019,0.0021039,0.063364,0.010096,0.024251,-0.023738,0.96606,746,"0"
-0.0020304,0.065422,0.06763,-0.96555,0.059174,-1.307,0.35359,-0.11233,3.4299,0.063738,3.1206,0.00020857,1.0508,4.1764,0.063148,5.4586,0.0073765,0.9683,3.6776e+16,3.6776e+16,3.6776e+16,3.6776e+16,NA,NA,0.29775,0.21525,0.29775,0.26978,0.48763,0.14053,NA,NA,189,136.05,20879,2310200,13.539,185.18,167030,8136,5072,0.90652,0.92268,0.26954,0.21318,0.12407,0.62496,5993.8,2629.5,0.020643,0.0033934,0.032517,0.026943,0.00075337,0.028117,0.00042814,0.037738,0.9024,1.108,0.38675,0.10929,0.43236,0.43514,0.10961,0.44449,0.41973,0.11176,0.44959,0.41594,12.627,3.4811,29311,119490,118210,0.085605,0.084885,0.085535,0.17676,0.17536,0.092006,0.27209,0.27254,0.098485,0.36788,0.37085,0.1043,0.45352,0.45592,0.10762,0.00073393,0.00057149,0.0074996,-0.0090858,-0.01744,-0.016627,0.0032316,0.0025506,0.015716,-0.0081616,-0.017358,-0.028153,0.0084018,0.006632,0.024141,-0.0047933,-0.013476,-0.041616,0.00013661,0.00014168,0.0034896,-0.0067915,-0.012533,0.0014839,0.001054,0.00098648,0.012377,-0.0064055,-0.013199,-0.0053984,0.0035407,0.0031708,0.024047,-0.0031633,-0.0099916,-0.013882,3.5306e-05,2.5704e-05,0.00064968,-0.0085896,-0.015763,-0.006892,0.00034216,0.00025075,0.0031105,-0.010655,-0.019403,-0.012719,0.0012284,0.00087475,0.0067562,-0.011644,-0.020985,-0.022871,0.00056202,0.00040411,0.12855,0.0091583,0.012803,-0.017448,0.0018354,0.0013134,0.1334,0.014491,0.020236,-0.026827,0.003634,0.0025874,0.13013,0.018957,0.027108,-0.035436,0.79467,746,"1"
-0.0041422,0.073867,0.078544,-0.95987,0.060443,-1.4207,0.48007,0.01724,2.3269,-0.064649,3.1915,0.00060094,0.97614,3.5629,0.074865,4.5393,0.0061342,0.96242,3.8462e+16,3.8462e+16,3.8462e+16,3.8462e+16,NA,NA,0.49742,0.11568,0.49742,0.33748,0.63161,0.17845,NA,NA,241,57.029,8243,289590,14.698,223.06,65944,10504,4184,0.91068,0.93412,0.19542,0.1587,0.064499,0.58483,4744.5,1434.8,0.020452,0.0023689,0.054434,0.027781,0.0019426,0.0059332,0.0027181,0.0050673,0.2227,1.6846,1.8804,0.12066,0.43184,0.42088,0.15078,0.44876,0.36478,0.15144,0.45197,0.36264,7.6964,3.3671,86398,278250,277510,0.0727,0.064808,0.044446,0.14487,0.12745,0.046139,0.2168,0.187,0.048015,0.27556,0.2342,0.047801,0.32111,0.26947,0.046623,0.00087486,0.00064933,0.0054699,-0.0066381,-0.016359,-0.014764,0.0040091,0.0030623,0.011929,-0.0048163,-0.015876,-0.025597,0.012195,0.0097943,0.021439,0.0018563,-0.010023,-0.034451,0.0003024,0.00023231,0.0047264,-0.0044787,-0.011568,-0.008006,0.0018036,0.0014033,0.012959,-0.002677,-0.01163,-0.016902,0.005909,0.0048994,0.024555,0.0029094,-0.0067382,-0.020778,0.00021042,0.00016411,0.0023692,-0.0059777,-0.014275,-0.0076361,0.001336,0.0010282,0.0074311,-0.0056391,-0.016562,-0.015352,0.0045859,0.0036271,0.015433,-0.0022732,-0.015596,-0.022778,0.00036204,0.00025291,0.05067,0.0037668,0.0092152,-0.0099534,0.00088124,0.00063781,0.039189,0.0036046,0.013862,-0.012004,0.0017762,0.0013134,0.038918,0.0048048,0.018388,-0.016416,0.71745,746,"1"
-0.0023995,0.34788,0.3475,-0.80749,0.3417,-0.70317,-0.12919,0.57785,3.7442,0.11707,3.0818,0.00025533,3.6947,5.9726,0.38166,9.3209,0.012596,0.80864,5.4535e+16,5.4535e+16,5.4535e+16,5.4535e+16,NA,NA,0.60899,0.18938,0.60899,0.32767,0.40373,0.20173,NA,NA,285,42.207,6883,174430,15.562,253.45,55064,10560,4720,0.91584,0.94172,0.041061,0.028021,0.02671,0.15061,1664,969.78,0.010655,0.0014685,0.037286,0.028166,0.0041759,0.0015507,0.013179,0.0034603,0.56605,1.4231,0.76154,0.11097,0.42621,0.42634,0.12285,0.44598,0.35823,0.12548,0.44512,0.34551,5.6525,3.4107,29366,58166,56474,0.073484,0.072892,0.04146,0.16993,0.17209,0.049946,0.27872,0.28631,0.056968,0.39166,0.40868,0.0627,0.48923,0.51809,0.065554,0.00057312,0.00060408,0.003307,-0.007246,-0.021183,0.0055529,0.0026867,0.0028522,0.007378,-0.0071179,-0.020911,0.011238,0.0076191,0.0082231,0.012362,-0.0046825,-0.015627,0.022887,0.00017716,0.00021234,0.0025554,-0.00488,-0.014867,0.01452,0.0013526,0.0015936,0.008969,-0.0038994,-0.014987,0.025727,0.0048262,0.0056794,0.018509,0.00043671,-0.0093506,0.042172,8.0955e-05,6.699e-05,0.0008412,-0.0062339,-0.018588,-0.0083229,0.00044501,0.00037672,0.0022844,-0.0076884,-0.022526,-0.011169,0.0012598,0.0010855,0.0039125,-0.0086279,-0.024061,-0.015894,0.00031501,0.00032476,0.040687,0.0028589,0.011963,0.0020583,0.00088904,0.00088185,0.036487,0.0035202,0.019575,-0.00074837,0.0015346,0.0014593,0.031031,0.0033725,0.025838,-0.0057537,0.87009,746,"1"
-0.0061166,0.29719,0.29373,-0.84017,0.29149,-0.76678,-0.087344,-0.35991,2.4669,-0.07141,3.1725,0.00045952,2.9162,5.2101,0.31245,7.0347,0.0095063,0.84303,4.7647e+16,4.7647e+16,4.7647e+16,4.7647e+16,NA,NA,0.14989,0.11564,0.14989,0.20426,0.27153,0.13176,NA,NA,369,33.957,2644,35826,10.032,118.39,21152,12008,11856,0.91499,0.94373,0.028941,0.01873,0.017536,0.16304,1515.6,908.41,0.013205,0.0020704,0.020643,0.020163,0.0037151,0.013627,0.0072914,0.025098,3.4187,1.9242,1.1335,0.11276,0.41919,0.44065,0.12798,0.42099,0.41104,0.12822,0.42147,0.40895,5.6725,3.5252,7800.6,15516,10522,0.080659,0.082755,0.051168,0.16332,0.16577,0.053973,0.24554,0.24522,0.056427,0.31473,0.31173,0.056649,0.37823,0.37295,0.056982,0.00075827,0.00085705,0.0049194,-0.007123,-0.021718,0.023489,0.0042283,0.004702,0.013055,-0.0044688,-0.020237,0.040206,0.012863,0.014337,0.023465,0.002894,-0.011925,0.063946,0.00029883,0.00040622,0.0048464,-0.0045817,-0.015072,0.046154,0.0019463,0.002332,0.01451,-0.0022816,-0.014579,0.049243,0.0059537,0.0067873,0.025672,0.003068,-0.0088888,0.05287,0.00017878,0.000191,0.0020887,-0.0062197,-0.019168,0.0066233,0.0015205,0.0016731,0.008776,-0.0052458,-0.021655,0.023602,0.0057595,0.0065475,0.020111,9.8059e-05,-0.018613,0.052527,0.00028067,0.00025983,0.040759,0.0024483,0.012149,-0.006997,0.00080995,0.00074358,0.037374,0.0030899,0.018712,-0.010943,0.0014117,0.0012869,0.032096,0.0029111,0.024374,-0.014845,0.8831,746,"0"
-0.0029604,0.25807,0.25556,-0.86261,0.25555,-0.86702,0.0051148,-0.30234,2.6769,-0.076519,3.1778,9.9845e-05,2.249,4.3142,0.27102,5.8538,0.0079105,0.86408,4.7865e+16,4.7865e+16,4.7865e+16,4.7865e+16,NA,NA,0.20122,0.10558,0.20122,0.29232,0.30869,0.16597,NA,NA,230,93.139,17422,1320900,14.981,226.27,139380,5712,4184,0.91302,0.93893,0.25655,0.17489,0.19797,0.67548,3802.7,2228.1,0.01597,0.0026512,0.023732,0.023464,0.00036222,0.0069515,0.0012778,0.013237,5.754,4.5201,0.94473,0.10607,0.42079,0.44424,0.10638,0.42166,0.42873,0.10526,0.42536,0.42671,12.757,3.5539,14814,35450,32221,0.097851,0.10507,0.084789,0.19968,0.21036,0.090135,0.3029,0.31701,0.09508,0.3977,0.41264,0.097781,0.47284,0.48618,0.097303,0.0006727,0.00076313,0.0059613,-0.0086641,-0.021699,0.020505,0.0030903,0.0032535,0.013033,-0.0079162,-0.021982,0.013693,0.0080691,0.008221,0.020106,-0.0050397,-0.016808,0.0071978,0.0001866,0.00020861,0.0041336,-0.0060224,-0.015302,0.010698,0.0011147,0.0010906,0.011351,-0.0057298,-0.016398,-0.0034988,0.0031764,0.0029673,0.018709,-0.0039264,-0.013203,-0.01592,0.00036186,0.00045385,0.0057746,-0.0064225,-0.017858,0.02682,0.0014586,0.0017184,0.011499,-0.0063508,-0.020532,0.031184,0.0038248,0.0043211,0.018243,-0.0045546,-0.019715,0.034333,0.00012425,0.00010066,0.024647,-0.00026237,0.007548,-0.01268,0.00053698,0.00046203,0.033846,0.0010052,0.012957,-0.014731,0.0011784,0.001032,0.036596,0.0019242,0.019438,-0.017451,0.74248,746,"0"
-0.070323,0.94023,0.91384,-0.29144,0.73388,-0.42077,0.44377,0.62174,2.3532,0.29213,3.0769,0.00055827,3.1327,2.6324,1.4124,3.3441,0.004519,0.29185,6.1809e+16,6.1809e+16,6.1809e+16,6.1809e+16,NA,NA,0.094691,0.08606,0.094691,0.13237,0.16216,0.092793,NA,NA,267,56.18,11836,525380,16.128,262.35,94688,5536,1896,0.91148,0.93374,0.067057,0.050373,0.028425,0.26633,1638.6,1067,0.010953,0.0019869,0.026188,0.028381,0.0048527,0.014958,0.0070647,0.023568,0.25682,0.53041,0.68221,0.12811,0.41709,0.42275,0.16408,0.42009,0.37552,0.17554,0.4094,0.3637,5.7265,3.382,37295,98944,97970,0.031992,0.029882,0.021449,0.071224,0.068562,0.024876,0.11457,0.11072,0.027827,0.16195,0.15588,0.030809,0.21385,0.20735,0.03405,0.00092107,0.00085456,0.0063154,-0.0068114,-0.018519,-0.0064944,0.0041801,0.0040072,0.013641,-0.0046959,-0.017482,-0.0067361,0.011642,0.011132,0.022445,0.001093,-0.010959,-0.010895,0.00033721,0.0003008,0.00578,-0.0045182,-0.013021,-0.0066814,0.001988,0.0018649,0.015664,-0.0022125,-0.012452,-0.0072819,0.0061148,0.0057877,0.027867,0.0035385,-0.0066744,-0.0097527,0.00010104,7.6203e-05,0.0012476,-0.0067235,-0.016636,-0.0076462,0.00065982,0.00055724,0.0040249,-0.0077963,-0.020079,-0.011014,0.0024342,0.0021011,0.0089833,-0.0069363,-0.020383,-0.016227,0.00048282,0.00047756,0.074104,0.0060705,0.012157,-0.00065382,0.0015543,0.0016101,0.075803,0.0094422,0.019896,0.0032842,0.0032853,0.0034471,0.078943,0.013492,0.027572,0.0061963,0.93538,746,"0"
-0.0039067,0.073707,0.08237,-0.95787,0.055863,-1.5013,0.56728,-1.3186,7.023,-0.13678,3.0013,0.0031553,1.9829,6.8833,0.082769,9.515,0.012858,0.95853,4.0687e+16,4.0687e+16,4.0687e+16,4.0687e+16,NA,NA,0.23031,0.25554,0.25554,0.30726,0.41312,0.16944,NA,NA,235,83.545,13759,810900,14.975,227.62,110070,9680,3448,0.91211,0.93493,0.26,0.18772,0.17359,0.67905,3007.3,1660.7,0.015821,0.0021304,0.030298,0.0299,6.7218e-05,0.0049271,0.00047167,0.0040564,0.096431,1.7999,2.1523,0.1112,0.43005,0.43405,0.12029,0.44846,0.40335,0.11891,0.44849,0.40662,9.3473,3.4724,22163,56509,54248,0.074823,0.072157,0.060844,0.15293,0.14856,0.06478,0.22839,0.22671,0.067278,0.29798,0.29973,0.068752,0.36862,0.37352,0.071187,0.00116,0.0010564,0.0096467,-0.0066848,-0.01891,-0.011636,0.0045864,0.0041636,0.018152,-0.0042602,-0.017595,-0.020244,0.011582,0.010557,0.027082,0.0011039,-0.011093,-0.028856,0.0003208,0.00030684,0.006669,-0.0050794,-0.014068,-0.0030437,0.0016142,0.0015028,0.015425,-0.0037708,-0.014647,-0.0094425,0.004868,0.0046052,0.026907,0.00063589,-0.0096565,-0.011738,1.7873e-05,1.4904e-05,0.00026767,-0.0078056,-0.018032,-0.0065134,0.00037369,0.00031672,0.0027647,-0.0094868,-0.021802,-0.012189,0.0015376,0.0013074,0.0068822,-0.0097511,-0.022818,-0.018803,0.00082134,0.00073471,0.15289,0.013267,0.019483,-0.01137,0.0026002,0.0023458,0.1538,0.020138,0.030156,-0.015286,0.0052394,0.0047033,0.1527,0.026977,0.040013,-0.021488,0.81216,746,"1"
-0.00098662,0.16647,0.16544,-0.91342,0.16544,-0.91026,-0.0034602,0.01054,2.3068,-0.004114,3.1887,0.00058406,2.0983,5.0491,0.17224,6.8872,0.009307,0.91373,4.4212e+16,4.4212e+16,4.4212e+16,4.4212e+16,NA,NA,0.38106,0.17127,0.38106,0.1677,0.18239,0.10153,NA,NA,249,71.386,10809,509560,13.995,207.64,86472,23488,9496,0.91209,0.93738,0.13694,0.09506,0.097265,0.44795,2276.7,1232.5,0.016698,0.0028265,0.022643,0.023011,0.0055668,0.0021,0.011663,0.0028644,3.2323,4.6627,1.3735,0.11346,0.42004,0.43674,0.12735,0.42282,0.40465,0.13035,0.41684,0.40731,4.8796,3.4939,14012,32946,29604,0.086956,0.083894,0.065779,0.17384,0.16751,0.068505,0.25323,0.24515,0.069395,0.32651,0.31538,0.070082,0.38407,0.36856,0.068999,0.00062109,0.0005773,0.0048049,-0.0082549,-0.021057,-0.0088364,0.003562,0.0034871,0.013115,-0.00635,-0.019899,-0.0050758,0.011271,0.011193,0.024519,0.0005542,-0.011712,-0.0026938,0.00037903,0.00038394,0.0073302,-0.0045811,-0.014063,0.0012458,0.002018,0.0021169,0.017941,-0.0022507,-0.01352,0.0087399,0.0060939,0.0063057,0.031334,0.0037108,-0.007529,0.0098386,7.8578e-05,6.4493e-05,0.0010947,-0.007251,-0.018414,-0.01163,0.00091426,0.00086715,0.0062924,-0.0075378,-0.021225,-0.0070549,0.0037547,0.0037583,0.015634,-0.0044053,-0.019549,0.00021873,0.00016348,0.00012887,0.02831,0.00048845,0.0091403,-0.012558,0.00064148,0.00051239,0.035297,0.0018729,0.015984,-0.019009,0.0015736,0.0012634,0.042663,0.0041499,0.024174,-0.02772,0.93691,746,"1"
-0.0025938,0.09658,0.099445,-0.94891,0.088508,-1.2636,0.33164,-0.49775,3.5437,-0.12273,3.1317,8.6774e-05,1.3096,4.1324,0.10017,5.4955,0.0074264,0.9498,4.0262e+16,4.0262e+16,4.0262e+16,4.0262e+16,NA,NA,0.32782,0.12202,0.32782,0.22002,0.48124,0.14538,NA,NA,215,109.1,11291,1071800,10.247,106.37,90328,81840,1960,0.90797,0.92804,0.23097,0.17507,0.12529,0.60214,4934.7,2149.5,0.018496,0.0026912,0.032029,0.027018,0.00071142,0.0079756,0.00015302,0.014319,0.96544,0.98575,0.59865,0.11023,0.4338,0.43191,0.11583,0.44833,0.40893,0.1143,0.45667,0.4049,10.435,3.4553,24141,82153,80009,0.08706,0.086092,0.082206,0.17443,0.172,0.085802,0.25866,0.25732,0.088479,0.34206,0.3429,0.091644,0.41739,0.42009,0.093598,0.00053168,0.00047661,0.0051343,-0.0095876,-0.019323,-0.0078063,0.0026769,0.0024089,0.012302,-0.0092893,-0.019469,-0.014545,0.0081901,0.0075612,0.022239,-0.0050447,-0.013968,-0.017814,0.00024729,0.00019667,0.0059697,-0.0059286,-0.013307,-0.01093,0.0015137,0.0013907,0.016798,-0.004457,-0.012997,-0.0093453,0.0051607,0.0050854,0.033123,0.0015156,-0.0066248,-0.0027315,0.00026333,0.00026419,0.0045793,-0.0072043,-0.01602,0.00016534,0.0010151,0.00090966,0.0087208,-0.0081115,-0.019145,-0.0086155,0.002459,0.002049,0.012781,-0.0082059,-0.020296,-0.020103,2.1059e-05,1.5754e-05,0.0045521,-0.0024353,0.0061065,-0.0047274,0.000148,0.00010861,0.010165,-0.0028513,0.010193,-0.0095846,0.00057893,0.00043246,0.019592,-0.0019924,0.01537,-0.016598,0.81736,746,"1"
-0.0033717,0.090151,0.0931,-0.95225,0.080236,-1.3062,0.37172,-0.087229,2.6804,-0.06695,3.1868,0.00013485,1.5112,5.1295,0.086581,6.8491,0.0092556,0.95648,3.9617e+16,3.9617e+16,3.9617e+16,3.9617e+16,NA,NA,0.12699,0.11331,0.12699,0.30903,0.39907,0.20018,NA,NA,183,119.69,10106,939710,9.3986,90.888,80848,66952,7608,0.90939,0.92827,0.25492,0.19772,0.13008,0.64586,5208.9,2131.1,0.018932,0.0030131,0.040742,0.027991,0.00073812,0.011714,0.0021812,0.015459,1.3119,3.4908,2.2672,0.11213,0.42605,0.43883,0.12235,0.44375,0.4094,0.1206,0.43743,0.42092,10.431,3.5106,39038,129850,128440,0.087087,0.083275,0.074769,0.17618,0.16967,0.078796,0.26475,0.25805,0.082343,0.34835,0.33994,0.084859,0.42273,0.41142,0.086192,0.00087444,0.00070975,0.0076778,-0.0078988,-0.017543,-0.016337,0.0038499,0.0030958,0.016088,-0.0061026,-0.016883,-0.029332,0.010305,0.0083622,0.025441,-0.0011013,-0.011437,-0.042793,0.00026291,0.00021772,0.0057707,-0.0055553,-0.012809,-0.0093303,0.0016693,0.0014032,0.016843,-0.0036756,-0.013074,-0.016947,0.0053134,0.004563,0.031008,0.001855,-0.0084357,-0.023515,1.9298e-05,1.3704e-05,0.00030514,-0.0080202,-0.016298,-0.0070134,0.0002941,0.00020131,0.0022973,-0.010007,-0.019926,-0.016677,0.001569,0.0011189,0.0074149,-0.0099513,-0.02065,-0.028176,0.00059223,0.00047833,0.1164,0.0090716,0.015425,-0.012929,0.0018905,0.001494,0.11806,0.013927,0.023388,-0.020184,0.0034941,0.0027346,0.10751,0.016641,0.030129,-0.026697,0.77,746,"1"
-0.055933,0.86131,0.79411,-0.45257,0.72676,-0.58438,0.29124,0.12342,2.2678,0.031465,3.2102,0.00061222,3.1879,3.0473,1.0915,3.8762,0.0052381,0.45301,6.0189e+16,6.0189e+16,6.0189e+16,6.0189e+16,NA,NA,0.10675,0.058983,0.10675,0.11673,0.18116,0.084048,NA,NA,299,37.214,6002,125870,15.985,267.57,48016,6808,6616,0.91402,0.93985,0.076279,0.053565,0.036064,0.36274,1770.1,929.55,0.0098336,0.0015462,0.028824,0.028478,0.0049473,0.0046812,0.0074914,0.003587,1.1316,2.874,1.5384,0.11881,0.42399,0.42691,0.14611,0.43344,0.37074,0.15423,0.43196,0.36066,5.3337,3.4153,16837,33701,31830,0.051111,0.047541,0.027573,0.10909,0.10231,0.030658,0.17385,0.16412,0.033976,0.24179,0.23014,0.037011,0.31409,0.30397,0.040241,0.0009635,0.00094805,0.0053158,-0.0059767,-0.020243,-0.0018953,0.0041709,0.0041907,0.010952,-0.0042206,-0.019298,0.00097693,0.011079,0.011103,0.017187,0.00020113,-0.012879,0.00068591,0.00024549,0.00026951,0.0033858,-0.00446,-0.014534,0.007628,0.0019041,0.0021053,0.012072,-0.0022221,-0.014092,0.016662,0.0063915,0.0067528,0.023437,0.0037559,-0.0077744,0.013692,3.4308e-05,2.6518e-05,0.00034086,-0.0062681,-0.018304,-0.0077124,0.00030255,0.0002401,0.001485,-0.0078703,-0.022437,-0.01336,0.0013303,0.0011204,0.0039502,-0.0083003,-0.023414,-0.019126,0.00068371,0.00065202,0.084438,0.0085935,0.014843,-0.0042501,0.0019754,0.0018531,0.077515,0.011623,0.023625,-0.0078055,0.0034508,0.0032979,0.06672,0.012906,0.030536,-0.0070579,0.88696,746,"0"
-0.00121,0.11682,0.11597,-0.94015,0.11528,-1.0126,0.077021,-0.64929,2.935,-0.18726,3.106,9.9349e-05,2.45,7.2088,0.11519,9.7785,0.013214,0.9422,3.9074e+16,3.9074e+16,3.9074e+16,3.9074e+16,NA,NA,0.49712,0.31951,0.49712,0.26004,0.8441,0.19721,NA,NA,261,60.192,11004,472260,15.557,247.48,88032,12192,3840,0.91452,0.93909,0.038559,0.026462,0.029091,0.14616,1504.5,933.14,0.0099114,0.0015758,0.025273,0.02129,0.001257,0.012624,0.0040709,0.02167,0.68836,1.176,0.52002,0.11623,0.42225,0.43494,0.1358,0.42859,0.40292,0.14318,0.42601,0.3956,4.3178,3.4795,14276,32318,29475,0.085964,0.082114,0.060894,0.16871,0.16057,0.062255,0.24107,0.22768,0.061861,0.30782,0.28943,0.06187,0.35787,0.33543,0.060203,0.00066892,0.00058498,0.0048459,-0.0078264,-0.020862,-0.013911,0.0033204,0.0032106,0.011448,-0.0066512,-0.020463,-0.0074706,0.010265,0.01026,0.02091,-0.0010608,-0.013354,-0.00018073,0.0001289,0.00012289,0.0023344,-0.0057319,-0.014966,-0.003324,0.0013995,0.001428,0.01165,-0.0042242,-0.015335,0.0034024,0.0050693,0.0051713,0.024408,0.0010844,-0.0098913,0.0051317,0.00025263,0.00022262,0.0032957,-0.0062623,-0.018167,-0.0076468,0.0010376,0.0010244,0.0066871,-0.0069346,-0.021592,-0.001556,0.0034186,0.003573,0.01333,-0.0049915,-0.020749,0.0096019,0.00028739,0.00023947,0.046604,0.0027116,0.012327,-0.011369,0.00090731,0.00078857,0.046751,0.0041117,0.01966,-0.013729,0.0020512,0.0018334,0.052076,0.0067651,0.027627,-0.016025,1.0564,746,"1"
-0.0020322,0.085181,0.085101,-0.95644,0.081171,-1.162,0.21491,0.047782,2.7397,0.093462,3.1753,0.00016539,1.2641,4.3022,0.086103,5.6775,0.0076722,0.95687,3.8771e+16,3.8771e+16,3.8771e+16,3.8771e+16,NA,NA,0.10428,0.20668,0.20668,0.19297,0.20167,0.1145,NA,NA,200,91.49,8343,418860,11.252,137.44,66744,29288,6112,0.91006,0.93126,0.21997,0.16959,0.10493,0.60954,4237,1773.3,0.016165,0.0023695,0.03765,0.032678,0.0045838,0.0032338,0.0064044,0.005256,3.8201,3.6423,0.28973,0.10575,0.44048,0.42841,0.1063,0.46279,0.39866,0.1018,0.47366,0.39639,13.056,3.4273,26578,79573,78233,0.081839,0.085175,0.061421,0.17376,0.17918,0.067934,0.27214,0.27725,0.073988,0.36746,0.3778,0.07825,0.45703,0.47821,0.08146,0.00044803,0.00039297,0.0034388,-0.0088015,-0.018428,-0.0086697,0.0023102,0.0020418,0.0084388,-0.0090559,-0.018512,-0.013666,0.0066151,0.0058031,0.014277,-0.0070575,-0.014317,-0.022755,0.00019331,0.00021834,0.0037091,-0.0055585,-0.012617,0.0059247,0.0011372,0.0012149,0.010031,-0.0052454,-0.013021,0.0058309,0.0037836,0.0037699,0.019302,-0.0021191,-0.0093123,-0.0005227,7.0939e-06,5.1055e-06,9.8052e-05,-0.0075387,-0.01654,-0.0041514,0.00010385,7.1217e-05,0.00070912,-0.0099014,-0.020579,-0.0095325,0.00053494,0.00036975,0.0022099,-0.011606,-0.022246,-0.018095,0.00024763,0.00016953,0.042545,0.002053,0.010866,-0.016567,0.0010842,0.00076655,0.05919,0.0058121,0.018637,-0.022628,0.002364,0.0017116,0.063586,0.0088242,0.025992,-0.02864,0.75003,746,"1"
-0.0022091,0.076526,0.078924,-0.95967,0.069562,-1.2902,0.34441,-0.42939,2.2296,-0.22211,3.1221,0.00089506,0.90391,3.2574,0.076797,4.1446,0.0056008,0.96148,3.8363e+16,3.8363e+16,3.8363e+16,3.8363e+16,NA,NA,0.33098,0.10699,0.33098,0.4298,0.48769,0.17817,NA,NA,235,41.013,6388,175070,14.879,225.66,51104,3600,3536,0.91278,0.93859,0.14398,0.11482,0.03241,0.52919,4693.8,1153,0.018136,0.0019885,0.054044,0.032486,0.0023947,0.017271,0.0038812,0.024257,0.86117,3.0505,2.2923,0.11656,0.43006,0.42703,0.14511,0.45049,0.36522,0.14428,0.45084,0.37462,6.7404,3.4163,74639,199920,199090,0.075005,0.06476,0.035553,0.15277,0.12926,0.037722,0.23209,0.19216,0.039853,0.30089,0.24585,0.040468,0.34863,0.28115,0.039245,0.00079114,0.00053399,0.0038351,-0.006054,-0.017446,-0.019961,0.0042324,0.0031076,0.0097643,-0.0038463,-0.016775,-0.031952,0.012055,0.0093889,0.016431,0.0014498,-0.011049,-0.039875,0.00043282,0.00030662,0.0052451,-0.0033816,-0.011971,-0.014911,0.0029016,0.0022486,0.016164,0.00061063,-0.011047,-0.023314,0.0091122,0.0074463,0.029359,0.0089353,-0.004753,-0.028951,0.00028092,0.00017372,0.0024523,-0.0050044,-0.014908,-0.011339,0.00075684,0.00047004,0.003264,-0.0063079,-0.018222,-0.016633,0.0016238,0.0010421,0.0042368,-0.0072518,-0.019485,-0.023033,7.7404e-05,5.366e-05,0.0083992,-0.00088273,0.0072283,-0.010495,0.00057387,0.00038895,0.019787,0.00099903,0.01358,-0.014538,0.0013352,0.00091052,0.022684,0.0021507,0.020077,-0.018107,0.69837,746,"1"
-0.0016797,0.34903,0.34851,-0.80686,0.34543,-0.73102,-0.093996,-2.4812,14.539,-0.10481,2.9051,0.007566,4.8643,8.0043,0.36835,13.604,0.018383,0.814,5.5179e+16,5.5179e+16,5.5179e+16,5.5179e+16,NA,NA,0.3223,0.50863,0.50863,0.32224,0.52362,0.17024,NA,NA,261,46.51,7689,233860,15.241,239.93,61512,11216,2776,0.91388,0.93877,0.027368,0.019137,0.007631,0.11203,1353.1,815.34,0.01066,0.0018317,0.042559,0.041018,0.0039358,0.010042,0.0090462,0.025132,0.42014,0.031079,0.33221,0.10921,0.42489,0.43213,0.11342,0.43675,0.38873,0.11373,0.43445,0.38514,5.3619,3.457,20454,40588,38474,0.086602,0.09669,0.048804,0.1954,0.21607,0.057363,0.31395,0.3437,0.064091,0.42168,0.45738,0.067427,0.50808,0.54576,0.067999,0.00044375,0.00039265,0.0025575,-0.0076159,-0.020706,-0.011042,0.0024765,0.0022948,0.0067927,-0.0075105,-0.020861,-0.012833,0.0072581,0.0069615,0.011762,-0.0051896,-0.015989,-0.011121,0.00026468,0.00024087,0.0038133,-0.0044716,-0.014225,-0.0072846,0.0017117,0.001656,0.011336,-0.0028391,-0.014255,-0.0048622,0.0054326,0.0054439,0.02081,0.001755,-0.008833,0.00049727,6.3193e-05,5.3998e-05,0.00065586,-0.0062984,-0.018083,-0.006725,0.00047053,0.00040024,0.0024126,-0.007618,-0.021776,-0.011917,0.0014502,0.0012159,0.0044987,-0.0082537,-0.022873,-0.019477,0.00011588,9.7782e-05,0.01495,-0.00034506,0.010268,-0.0060939,0.00033287,0.00026774,0.013645,-0.00076533,0.015783,-0.010771,0.00050256,0.00039675,0.01015,-0.0019214,0.020543,-0.012904,0.88956,746,"0"
-0.011814,0.53831,0.52769,-0.68673,0.52265,-0.61955,-0.09782,-0.48631,5.2256,-0.017449,3.0675,0.0014225,4.9311,6.2509,0.62064,9.0018,0.012165,0.68847,6.0008e+16,6.0008e+16,6.0008e+16,6.0008e+16,NA,NA,0.20681,0.1166,0.20681,0.24801,0.30716,0.14799,NA,NA,265,62.849,7303,262180,12.103,160.75,58424,29272,11568,0.91419,0.93928,0.093053,0.063469,0.060322,0.35479,1508,956.66,0.011408,0.0016663,0.024317,0.028998,0.0051304,0.019583,0.0094488,0.036057,0.60025,0.62586,1.0802,0.11079,0.42497,0.43625,0.11962,0.43736,0.40265,0.11994,0.4327,0.4061,4.9256,3.49,11599,25632,22207,0.066646,0.068298,0.047295,0.14334,0.14543,0.052987,0.22289,0.22491,0.057298,0.30016,0.30218,0.060437,0.37469,0.37446,0.063147,0.00054179,0.00048644,0.0039319,-0.0082478,-0.021473,-0.011978,0.0029237,0.0026844,0.010098,-0.0074991,-0.021352,-0.018566,0.008913,0.0085014,0.018188,-0.0032089,-0.015322,-0.01656,5.3451e-05,4.3994e-05,0.00096972,-0.0061303,-0.015243,-0.011523,0.00071128,0.00065025,0.0059318,-0.0065089,-0.016525,-0.011341,0.0030466,0.0029847,0.014695,-0.003862,-0.012957,-0.0045303,0.00022029,0.0001882,0.0028791,-0.0064077,-0.018466,-0.012034,0.0012356,0.0011086,0.0079778,-0.0063724,-0.021646,-0.014944,0.0037829,0.0035329,0.014777,-0.0042026,-0.020686,-0.015381,0.00026804,0.00025425,0.043545,0.0023643,0.011146,-0.0037467,0.0010132,0.00095943,0.052301,0.0050333,0.019202,-0.0066295,0.0023529,0.0022598,0.059841,0.0085106,0.027136,-0.0068861,1.0326,746,"0"
-0.010577,0.81908,0.81064,-0.43391,0.80091,-0.48143,0.10951,0.071841,3.4618,0.04972,3.1449,9.9548e-06,4.2356,3.9789,1.1302,5.0775,0.0068615,0.43402,7.0286e+16,7.0286e+16,7.0286e+16,7.0286e+16,NA,NA,0.12903,0.1254,0.12903,0.36543,0.37932,0.15506,NA,NA,245,66.102,13895,787140,15.521,242.27,111160,3224,1536,0.91316,0.93532,0.13855,0.10022,0.073817,0.48715,2704.2,1425.9,0.010363,0.0017042,0.044232,0.040906,0.0003211,0.016919,0.0013987,0.023603,3.9033,3.464,0.28464,0.11435,0.42017,0.44246,0.12953,0.42574,0.42234,0.12778,0.42906,0.42265,10.554,3.5397,23475,57200,55647,0.086591,0.09359,0.059972,0.17993,0.19451,0.064916,0.26931,0.28604,0.067568,0.35271,0.36746,0.069313,0.41969,0.43132,0.06903,0.00089148,0.00086121,0.0063143,-0.007021,-0.019078,-0.0036279,0.0033295,0.0030237,0.011224,-0.0065561,-0.018843,-0.016233,0.0084022,0.0075617,0.016734,-0.0039705,-0.014114,-0.026443,5.0553e-05,4.4401e-05,0.00089511,-0.0060692,-0.014433,-0.0060823,0.00075701,0.00071523,0.0061615,-0.0062786,-0.015537,-0.0060097,0.0035348,0.0034047,0.016641,-0.0026346,-0.01123,-0.0069508,5.3659e-05,3.8622e-05,0.00068442,-0.0070375,-0.017436,-0.0095517,0.00032557,0.00024551,0.0020515,-0.0088737,-0.021354,-0.014639,0.0010326,0.00079351,0.0039367,-0.010068,-0.023067,-0.022164,0.00078727,0.00077819,0.12482,0.011611,0.017312,-0.0011164,0.0022735,0.0020846,0.11454,0.015754,0.026112,-0.01133,0.0039968,0.0034914,0.099207,0.017769,0.033587,-0.021311,0.81324,746,"0"
-0.0037145,0.10481,0.1087,-0.94401,0.093632,-1.2954,0.37227,1.0355,5.8902,0.14962,3.0545,0.0016108,1.2969,3.9057,0.10996,5.0662,0.0068462,0.9449,4.1896e+16,4.1896e+16,4.1896e+16,4.1896e+16,NA,NA,0.2316,0.14929,0.2316,0.20735,0.41838,0.14106,NA,NA,228,74.452,13704,823140,14.935,224.69,109630,4320,1896,0.9101,0.93253,0.2376,0.18148,0.12478,0.67721,3957.1,1844.1,0.014023,0.0028479,0.032532,0.029668,0.00089362,0.00165,0.0013983,0.00037301,0.071839,0.0098439,0.49477,0.113,0.42222,0.44385,0.12447,0.43245,0.42578,0.12455,0.43027,0.43168,8.8928,3.5508,33455,95072,93868,0.076327,0.068669,0.055208,0.14921,0.13275,0.056223,0.22043,0.19541,0.057757,0.28685,0.25508,0.05887,0.34357,0.30955,0.059018,0.0026658,0.0032281,0.019719,-0.0013436,-0.013177,0.031265,0.0095042,0.011071,0.033459,0.0065198,-0.0067496,0.038902,0.021738,0.02417,0.045216,0.017329,0.0045197,0.038268,0.00019517,0.00014507,0.003609,-0.0054448,-0.013473,-0.01172,0.0010833,0.00084463,0.0092081,-0.0053279,-0.014433,-0.019749,0.0041938,0.0036706,0.020619,-0.0010662,-0.0095192,-0.020692,0.00011128,8.217e-05,0.0014823,-0.0069448,-0.016497,-0.012874,0.0009937,0.00077107,0.0065394,-0.0071366,-0.019298,-0.019888,0.0032929,0.0026859,0.01311,-0.0053213,-0.018874,-0.025614,0.0023593,0.0030009,0.39066,0.040584,0.042831,0.037008,0.0074438,0.0094679,0.39164,0.061339,0.066518,0.054916,0.014432,0.017954,0.37411,0.078951,0.086281,0.065283,0.74821,746,"1"
-0.041141,0.61894,0.65611,-0.58567,0.47173,-0.2752,-0.53011,-0.12901,2.3794,-0.079145,3.1933,0.00045065,3.3261,3.6559,0.82547,4.5917,0.006205,0.58628,5.2772e+16,5.2772e+16,5.2772e+16,5.2772e+16,NA,NA,0.32835,0.097295,0.32835,0.13406,0.2929,0.10011,NA,NA,345,33.82,3296,40271,13.135,204.24,26368,8808,5792,0.91578,0.94278,0.080051,0.052792,0.068004,0.31778,1665.3,987.85,0.010379,0.001493,0.021374,0.02238,0.0012384,0.010533,0.0035459,0.020416,0.89698,3.1682,1.8107,0.11731,0.42278,0.42714,0.14595,0.43839,0.35435,0.15404,0.43801,0.34044,5.845,3.4172,10043,19238,16698,0.066002,0.06431,0.038658,0.14102,0.13795,0.043028,0.21879,0.2142,0.046423,0.29871,0.29347,0.049642,0.37582,0.37039,0.052275,0.001274,0.0012916,0.0076313,-0.0053161,-0.020485,0.0026935,0.0052273,0.005472,0.014901,-0.0023699,-0.018596,0.016031,0.014008,0.015156,0.023594,0.0044275,-0.01027,0.04297,0.00034735,0.00035357,0.0052011,-0.0041696,-0.01499,0.0022543,0.0022205,0.0024054,0.015284,-0.0013667,-0.014125,0.02028,0.0074048,0.0084152,0.02948,0.0061635,-0.0062214,0.053864,0.00035405,0.00035951,0.0038191,-0.0052867,-0.018589,0.0015225,0.001327,0.0013018,0.0070715,-0.0055401,-0.021795,-0.0031975,0.0034059,0.0033028,0.01098,-0.0045551,-0.02191,-0.0076824,0.00057262,0.0005785,0.076778,0.0071383,0.016281,0.0012506,0.0016855,0.0017697,0.071809,0.0098434,0.024454,0.0089192,0.0032894,0.0035261,0.06905,0.012614,0.032159,0.017158,0.87655,746,"0"
-0.014309,0.68529,0.67388,-0.57027,0.66253,-0.6443,0.12981,0.21993,3.4366,0.04195,3.1533,9.561e-06,3.2204,3.4871,0.85058,4.3679,0.0059025,0.57249,6.5496e+16,6.5496e+16,6.5496e+16,6.5496e+16,NA,NA,0.2595,0.11386,0.2595,0.16835,0.20172,0.12214,NA,NA,253,63.182,11965,568280,15.616,246.8,95720,4896,4464,0.91318,0.93824,0.16848,0.11716,0.12278,0.53725,2379.6,1302.9,0.010827,0.0015655,0.029173,0.030785,0.0003473,0.0050978,0.0022631,0.014237,0.042538,0.40629,0.11094,0.11506,0.42349,0.43706,0.13509,0.43519,0.40076,0.13868,0.44029,0.3935,7.5205,3.4965,15479,34543,31251,0.079691,0.078815,0.05546,0.15835,0.15424,0.057408,0.2268,0.21907,0.057177,0.29049,0.27772,0.05736,0.34794,0.33063,0.057506,0.00058543,0.00056912,0.0041666,-0.0080248,-0.021334,-0.0029453,0.002833,0.0027825,0.0095959,-0.0076152,-0.021366,-0.0037452,0.009039,0.0088601,0.018089,-0.0029789,-0.014854,-0.0068565,0.00031419,0.00033281,0.00559,-0.0047241,-0.014496,0.0048597,0.0017153,0.0017838,0.014029,-0.0031499,-0.014608,0.0065987,0.005449,0.0055655,0.025776,0.0019942,-0.0089213,0.0057098,1.7958e-05,1.3448e-05,0.00023017,-0.0072074,-0.018598,-0.0083122,0.00030162,0.00024952,0.0019098,-0.0089638,-0.022822,-0.014945,0.0017391,0.0015665,0.0066621,-0.0085693,-0.023522,-0.01656,0.00025328,0.00022286,0.040352,0.0020764,0.0098892,-0.007678,0.00082474,0.00075786,0.04175,0.0033665,0.017662,-0.0084833,0.001994,0.0018588,0.049734,0.0063768,0.02656,-0.010549,0.88918,746,"0"
-0.00079346,0.17905,0.17827,-0.90636,0.17788,-0.86407,-0.046661,0.075041,3.6292,0.045199,3.1204,0.00019887,2.747,6.3551,0.18634,9.3522,0.012638,0.90667,4.4786e+16,4.4786e+16,4.4786e+16,4.4786e+16,NA,NA,0.27262,0.42916,0.42916,0.29297,0.34286,0.17127,NA,NA,325,42.24,7392,177610,16.46,285.16,59136,10328,8592,0.91547,0.94333,0.010012,0.0065171,0.0082424,0.028921,1953.8,1030.1,0.011184,0.0016913,0.027551,0.030684,0.0019382,0.0018347,0.011636,0.0066159,2.9704,3.0761,0.044748,0.10562,0.4234,0.44161,0.10271,0.43622,0.41432,0.10181,0.4388,0.40937,5.6157,3.5329,8075.5,16492,12773,0.073606,0.073285,0.048434,0.15606,0.15705,0.053493,0.23697,0.23964,0.056486,0.32021,0.32445,0.059785,0.40447,0.41003,0.063207,0.00067228,0.00060875,0.0045241,-0.0075267,-0.02176,-0.01674,0.0033455,0.0031051,0.010715,-0.0063548,-0.021424,-0.021781,0.0084506,0.00792,0.01599,-0.0037942,-0.016293,-0.026788,0.0002334,0.00022726,0.0039263,-0.0049961,-0.015293,-0.0027862,0.0013596,0.001309,0.010514,-0.0041951,-0.015891,-0.0074417,0.0039706,0.0038196,0.017759,-0.0015413,-0.011733,-0.011369,4.6671e-05,4.4512e-05,0.00056559,-0.0068846,-0.019497,-0.0035804,0.0005477,0.0005058,0.003279,-0.0080319,-0.023432,-0.010505,0.0020509,0.0018904,0.0074282,-0.0076736,-0.023956,-0.017681,0.00039221,0.00033698,0.059081,0.0044357,0.014067,-0.018219,0.0014535,0.0013028,0.06957,0.0085121,0.022507,-0.019428,0.0025227,0.00229,0.059493,0.0091312,0.028842,-0.019694,0.922,746,"1"
-0.0089398,0.83162,0.82561,-0.41627,0.81829,-0.37705,-0.0942,0.20161,4.1383,-0.051564,3.1381,0.00022026,6.2909,5.8228,1.1641,7.833,0.010585,0.41665,6.8024e+16,6.8024e+16,6.8024e+16,6.8024e+16,NA,NA,0.26958,0.10959,0.26958,0.19576,0.38752,0.14637,NA,NA,218,74.312,12603,737550,14.329,209.12,100820,11352,5992,0.9118,0.93495,0.15145,0.10957,0.090002,0.47964,3755.9,1419.3,0.012655,0.0019907,0.036007,0.032243,0.0011565,0.010715,0.0027271,0.013738,0.4683,1.7373,0.92712,0.10322,0.42705,0.44415,0.10198,0.44265,0.42539,0.094976,0.44454,0.43357,12.373,3.5532,30397,71855,70076,0.072655,0.072689,0.049705,0.16321,0.16487,0.058165,0.2563,0.26262,0.063518,0.34648,0.35737,0.067257,0.43004,0.44359,0.069868,0.00027383,0.00023888,0.0019158,-0.0089516,-0.020908,-0.0083718,0.0015122,0.0012919,0.0050351,-0.010298,-0.022442,-0.018857,0.0047434,0.0040494,0.0093317,-0.0096493,-0.019418,-0.030484,0.00020654,0.00019136,0.0036125,-0.0052337,-0.014052,-0.0041876,0.0011244,0.00099426,0.0090403,-0.0050445,-0.015021,-0.012859,0.0033776,0.0029442,0.015706,-0.0029958,-0.011784,-0.022382,8.0843e-06,6.1102e-06,0.00010186,-0.0071868,-0.017767,-0.0075091,0.0001381,0.00010897,0.00085958,-0.0093462,-0.021833,-0.010347,0.00076082,0.00062374,0.002865,-0.010586,-0.02341,-0.016275,5.9198e-05,4.1408e-05,0.0092712,-0.0013873,0.0072201,-0.0086663,0.00024985,0.0001888,0.012433,-0.0015506,0.011455,-0.011922,0.00063257,0.00050137,0.01551,-0.0013851,0.016293,-0.015122,0.80693,746,"0"
-0.00019151,0.076941,0.076856,-0.96075,0.07669,-0.91605,-0.046524,-0.17901,3.1008,-0.055011,3.1159,0.00011141,1.6337,6.1071,0.071377,8.5925,0.011612,0.96415,3.4737e+16,3.4737e+16,3.4737e+16,3.4737e+16,NA,NA,0.27672,0.2004,0.27672,0.33946,0.34909,0.17895,NA,NA,243,67.597,11778,573830,15.267,236.25,94224,6768,4256,0.91287,0.93863,0.0015213,0.0010527,0.0086735,0.0092465,1409.5,821.28,0.013096,0.0018628,0.024701,0.024953,0.0065703,0.011003,0.011167,0.018855,0.58308,0.14024,0.38084,0.11305,0.43,0.42146,0.12684,0.4536,0.35987,0.13075,0.45397,0.34616,3.7237,3.3717,29488,67305,65264,0.089373,0.090833,0.063734,0.18693,0.19044,0.069443,0.27467,0.28077,0.070958,0.3556,0.36381,0.071953,0.43004,0.43995,0.07283,0.00057613,0.00058133,0.0042018,-0.0081565,-0.021271,0.00095714,0.0030403,0.0030492,0.010553,-0.00727,-0.021334,0.0005837,0.0087694,0.0087245,0.017983,-0.0034458,-0.015911,-0.001575,0.00040878,0.00043493,0.0074527,-0.0042893,-0.013969,0.005683,0.0021666,0.002274,0.018158,-0.0016902,-0.013205,0.0083337,0.0061987,0.0064288,0.030047,0.0038578,-0.0073203,0.0095931,9.9526e-05,8.6424e-05,0.0013071,-0.006945,-0.018289,-0.0069707,0.00066755,0.00060189,0.0043312,-0.0080235,-0.021932,-0.0097677,0.0022383,0.002035,0.0087861,-0.0075863,-0.022402,-0.014363,6.7824e-05,5.9973e-05,0.011072,-0.0012606,0.0071147,-0.0036393,0.00025784,0.00022527,0.013375,-0.0015147,0.011673,-0.0068952,0.00056277,0.00048629,0.014383,-0.0018185,0.016304,-0.0099556,1.0349,746,"1"
-0.007744,0.29236,0.28413,-0.84587,0.28382,-0.81793,-0.033027,0.18629,3.1456,0.021706,3.1443,3.8305e-05,2.6845,4.835,0.30743,6.464,0.0087352,0.84605,4.8232e+16,4.8232e+16,4.8232e+16,4.8232e+16,NA,NA,0.39711,0.19892,0.39711,0.34462,0.46798,0.18802,NA,NA,294,32.408,3460,45656,14.222,224.75,27680,5992,4456,0.91381,0.9412,0.033278,0.022544,0.022971,0.11952,1316.3,833.91,0.015114,0.0021013,0.021944,0.023512,0.0064884,0.0069393,0.015011,0.0086259,0.29825,0.41964,0.5058,0.11211,0.42201,0.42751,0.13445,0.43076,0.35296,0.13346,0.43176,0.34014,5.418,3.4201,14785,26139,23562,0.083862,0.08694,0.041099,0.18058,0.18685,0.046103,0.27419,0.28116,0.048679,0.35011,0.35629,0.048684,0.41028,0.41575,0.047751,0.00082262,0.00098033,0.0041229,-0.0060726,-0.020711,0.025407,0.0043362,0.0048121,0.010343,-0.0037293,-0.018912,0.028645,0.012522,0.013358,0.017647,0.0020893,-0.010819,0.026593,0.00021235,0.00017796,0.0026605,-0.0043907,-0.014874,-0.012395,0.0015431,0.0013641,0.0088872,-0.0031071,-0.015255,-0.019062,0.0049995,0.0046167,0.016654,0.00075759,-0.010169,-0.019731,0.00044222,0.00066953,0.0039913,-0.0045139,-0.017491,0.048526,0.0021882,0.0029308,0.0097568,-0.0030129,-0.019061,0.061608,0.0061577,0.0074928,0.016611,0.00080424,-0.016959,0.059804,0.00016805,0.00013284,0.018853,0.00045999,0.010008,-0.011778,0.00062313,0.00053221,0.022213,0.0013694,0.018038,-0.013717,0.0015828,0.0014523,0.027801,0.0033699,0.026943,-0.011421,0.80989,746,"1"
-0.0035389,0.44241,0.43947,-0.74829,0.4385,-0.71313,-0.046993,1.5591,10.773,0.078121,3.0476,0.0024489,6.548,9.2406,0.50079,15.732,0.02126,0.74902,5.6333e+16,5.6333e+16,5.6333e+16,5.6333e+16,NA,NA,0.27653,0.26526,0.27653,0.23235,0.33521,0.13963,NA,NA,274,59.869,13347,649540,16.414,270.95,106780,2536,2144,0.9147,0.94194,0.1345,0.088592,0.11215,0.43722,2630.8,1356,0.011721,0.0018603,0.024329,0.025641,0.0013413,0.00092897,1.653e-05,0.010891,4.1389,3.0846,1.0375,0.10798,0.42411,0.44074,0.10534,0.44164,0.41288,0.10485,0.44131,0.41259,8.2805,3.5259,11405,24153,18792,0.076423,0.077503,0.054402,0.15378,0.15583,0.057025,0.2391,0.24194,0.061659,0.32362,0.32634,0.065365,0.39787,0.4003,0.067262,0.00041353,0.00039842,0.0030105,-0.0086794,-0.022963,-0.005238,0.0024249,0.0025389,0.0084017,-0.008571,-0.023522,0.012559,0.0076602,0.0082058,0.015681,-0.0052071,-0.017935,0.030342,0.00025038,0.00025633,0.0045566,-0.0051122,-0.015481,0.0027575,0.0015823,0.0017922,0.013237,-0.0036283,-0.01551,0.028912,0.0053206,0.0060931,0.025745,0.0017029,-0.0092784,0.052014,2.6047e-05,2.2002e-05,0.00034148,-0.0072565,-0.01955,-0.0066545,0.00024666,0.00021509,0.0015975,-0.0092271,-0.024131,-0.01197,0.0010725,0.0010078,0.0042024,-0.010124,-0.02588,-0.010019,0.0001371,0.00012009,0.022342,-4.3769e-06,0.0082469,-0.0093767,0.00059615,0.00053176,0.030869,0.0014223,0.014978,-0.013478,0.0013178,0.001158,0.03362,0.002545,0.02183,-0.020067,0.8373,746,"1"
-0.0004998,0.15929,0.15912,-0.91688,0.15818,-0.98765,0.077187,-0.24431,3.8747,0.024075,3.1277,0.00040767,2.5043,6.2536,0.15994,9.2838,0.012546,0.91969,4.569e+16,4.569e+16,4.569e+16,4.569e+16,NA,NA,0.30325,0.16741,0.30325,0.22716,0.27219,0.13104,NA,NA,240,59.517,8031,279430,14.399,216.39,64248,10016,7768,0.91277,0.93702,0.17936,0.1287,0.11704,0.58497,3170.5,1374.1,0.012996,0.0018284,0.030898,0.028158,0.0014617,0.015686,0.0058381,0.036577,0.27561,0.60334,0.17991,0.11009,0.43279,0.42898,0.11807,0.45372,0.38535,0.11506,0.46576,0.37932,8.5845,3.4318,25514,55963,53733,0.082771,0.085621,0.051997,0.17556,0.18223,0.057453,0.269,0.27852,0.061217,0.37131,0.38353,0.066184,0.46746,0.48133,0.069741,0.00054084,0.00045131,0.0034747,-0.007753,-0.020343,-0.016281,0.002922,0.0024952,0.0089341,-0.0070499,-0.020153,-0.026228,0.0090027,0.00779,0.016263,-0.0028813,-0.014322,-0.037761,0.00016819,0.00015698,0.0027012,-0.0051987,-0.014469,-0.0042132,0.0012534,0.001172,0.0092535,-0.0044279,-0.01503,-0.0081963,0.0049325,0.004538,0.021062,0.00070555,-0.0095177,-0.017469,5.8271e-05,4.239e-05,0.00067417,-0.0066772,-0.017771,-0.0091994,0.00045787,0.0003645,0.002617,-0.0080862,-0.021541,-0.015358,0.0018291,0.0014927,0.0063247,-0.0079488,-0.022361,-0.023561,0.00031438,0.00025194,0.045211,0.0030093,0.011828,-0.01389,0.0012107,0.00095866,0.055323,0.0063369,0.019972,-0.022099,0.0022791,0.0017893,0.051313,0.0075974,0.026896,-0.027117,0.77609,746,"1"
-0.08948,1.0487,0.99828,-0.019591,0.97056,-0.016327,-0.16662,-0.11673,2.4516,-0.070814,3.2022,0.00036867,3.5802,2.5581,1.9536,2.9348,0.0039659,0.019634,6.4486e+16,6.4486e+16,6.4486e+16,6.4486e+16,NA,NA,0.28852,0.12589,0.28852,0.24328,0.39795,0.16443,NA,NA,292,35.113,6337,144530,15.797,259.57,50696,11808,2560,0.91311,0.93929,0.092093,0.066563,0.040396,0.41117,1500.4,851.46,0.010101,0.001863,0.026011,0.025421,0.00021741,0.017145,0.00075174,0.034771,0.45146,0.32818,0.23506,0.11969,0.42308,0.42138,0.15041,0.4237,0.36385,0.15548,0.42279,0.34266,6.5302,3.371,31314,63334,61905,0.037709,0.033853,0.018869,0.090366,0.082595,0.023556,0.15138,0.14041,0.027441,0.2171,0.20483,0.030824,0.29274,0.28756,0.034789,0.00094089,0.0010134,0.004815,-0.0058149,-0.019133,0.0074625,0.0035572,0.0036845,0.0086636,-0.0051519,-0.018841,0.0057196,0.0087814,0.0086522,0.012636,-0.0028603,-0.014125,-0.0034639,0.00014162,0.0001479,0.0018117,-0.004746,-0.014348,0.0021505,0.00087138,0.00087127,0.0051243,-0.0050032,-0.015803,-1.0837e-05,0.00305,0.0028644,0.010374,-0.0032249,-0.013,-0.0090465,0.00033093,0.00033887,0.0030498,-0.0049632,-0.016816,0.0014786,0.001361,0.0013893,0.0061963,-0.0050326,-0.019454,0.0020768,0.0032463,0.0032031,0.0089417,-0.0044954,-0.019373,-0.0018689,0.00046834,0.00052665,0.05365,0.0050108,0.014113,0.0077103,0.0013473,0.0014423,0.04904,0.0066341,0.021062,0.0065615,0.0025967,0.0026775,0.04657,0.0082994,0.027778,0.003768,0.83492,746,"0"
-0.012703,0.65556,0.64976,-0.59107,0.63741,-0.50956,-0.13791,-0.10371,2.9278,-0.035324,3.1759,4.5256e-05,3.6346,4.0218,0.8145,5.1902,0.0070138,0.59174,6.146e+16,6.146e+16,6.146e+16,6.146e+16,NA,NA,0.18872,0.080744,0.18872,0.17112,0.21108,0.10468,NA,NA,256,43.914,5857,145560,14.076,211.68,46856,11840,5960,0.91322,0.94004,0.12013,0.084588,0.069664,0.47515,2801.2,1102.5,0.011721,0.0017637,0.032461,0.030978,0.0031416,0.0014285,0.0082422,0.0047793,1.4018,0.087869,1.0702,0.10599,0.42176,0.44351,0.10353,0.42411,0.42586,0.098234,0.4302,0.42758,11.893,3.5481,31350,60667,58384,0.062291,0.060436,0.032522,0.14498,0.1422,0.039432,0.23371,0.23283,0.044204,0.31928,0.32226,0.047298,0.40371,0.4125,0.050057,0.00053103,0.0004694,0.0028354,-0.0070832,-0.021324,-0.011792,0.002558,0.0022904,0.0065003,-0.007076,-0.022003,-0.017783,0.006657,0.0060237,0.0099947,-0.005808,-0.017806,-0.024028,0.00034855,0.00031288,0.0046523,-0.0039275,-0.014157,-0.0088285,0.0017782,0.001618,0.010911,-0.0025425,-0.01427,-0.012895,0.0047233,0.0043377,0.016762,0.00020444,-0.010086,-0.017347,6.9528e-05,5.8835e-05,0.00066855,-0.0060351,-0.018189,-0.006289,0.00043394,0.0003703,0.0020613,-0.0074181,-0.022102,-0.010819,0.0012854,0.0011087,0.0036941,-0.008246,-0.023543,-0.015801,0.00011296,9.769e-05,0.013501,-0.00037721,0.0070507,-0.0053567,0.00035837,0.00031233,0.01361,-0.00054725,0.012025,-0.00746,0.00072587,0.0006388,0.013583,-0.00074676,0.01832,-0.0095692,0.71675,746,"0"
-0.0029284,0.11425,0.11323,-0.9416,0.10919,-1.1195,0.18888,-0.71135,3.261,-0.13612,3.0965,2.928e-05,1.7084,5.0733,0.11309,6.5627,0.0088685,0.94328,4.1066e+16,4.1066e+16,4.1066e+16,4.1066e+16,NA,NA,0.17067,0.24568,0.24568,0.22072,0.2758,0.12146,NA,NA,220,70.495,10742,538880,14.087,204.31,85936,14512,5640,0.91184,0.93342,0.21406,0.16812,0.092574,0.63888,4012,1531.4,0.015981,0.0030027,0.044587,0.031539,0.0019693,0.027193,0.0044484,0.04051,1.1216,1.9631,1.1255,0.1104,0.42497,0.44218,0.11546,0.43805,0.42274,0.1163,0.43532,0.43115,7.9607,3.5374,41202,122320,121360,0.089012,0.085893,0.058376,0.17375,0.16492,0.059361,0.24616,0.22806,0.058483,0.30929,0.27939,0.057553,0.36751,0.3247,0.057239,0.0011738,0.00092426,0.0078724,-0.0059447,-0.016928,-0.018585,0.0048079,0.0041528,0.015347,-0.0033649,-0.015296,-0.020305,0.013228,0.012722,0.024947,0.0034999,-0.006929,-0.0090277,0.00015039,0.00011603,0.0025216,-0.0054027,-0.012642,-0.0077725,0.00097372,0.00078967,0.0075048,-0.0054161,-0.013552,-0.013981,0.0038832,0.0033461,0.01731,-0.001744,-0.0095627,-0.01889,0.00033664,0.00028017,0.0040661,-0.0056726,-0.015119,-0.0086412,0.0018995,0.0018819,0.011334,-0.0042908,-0.016263,-0.00094788,0.0061488,0.0070003,0.022197,0.00091436,-0.01168,0.022631,0.00068671,0.00052806,0.1031,0.0095446,0.013319,-0.014595,0.0019686,0.0015154,0.09391,0.012783,0.020384,-0.01975,0.0035143,0.0027036,0.082602,0.014608,0.026785,-0.025887,0.74262,746,"1"
-0.031642,0.89645,0.89664,-0.31962,0.79729,-0.21322,-0.33288,0.045207,3.3348,-0.023127,3.1693,4.9817e-06,5.5237,4.737,1.3561,5.9938,0.0080998,0.32007,6.5944e+16,6.5944e+16,6.5944e+16,6.5944e+16,NA,NA,0.19858,0.16379,0.19858,0.14613,0.18143,0.1006,NA,NA,290,41.748,3256,69717,9.6801,105.6,26048,20504,8872,0.9147,0.94101,0.1536,0.1052,0.10668,0.54103,2417.6,1249.7,0.010673,0.0018742,0.037201,0.035196,0.0020326,0.0084759,0.0023015,0.0081447,0.46208,1.2858,1.5338,0.10943,0.4335,0.42886,0.11769,0.46269,0.37505,0.11406,0.47207,0.37114,9.1083,3.4309,24028,46362,44106,0.053733,0.051273,0.030503,0.12223,0.11698,0.036147,0.19413,0.18566,0.039921,0.27592,0.26498,0.044443,0.36093,0.35028,0.048658,0.0009427,0.0010009,0.0054728,-0.0061943,-0.020218,0.0086969,0.0041888,0.0041389,0.011573,-0.0042975,-0.019184,-0.0030467,0.010895,0.010542,0.017785,-5.4788e-05,-0.013014,-0.011948,0.00021444,0.00018952,0.0031122,-0.0047215,-0.015087,-0.0095272,0.0016163,0.0014707,0.010783,-0.0031317,-0.015281,-0.016021,0.0053445,0.0049379,0.020622,0.0015693,-0.010115,-0.02039,9.2394e-05,8.8303e-05,0.00096594,-0.0062097,-0.018527,-0.0031319,0.00069317,0.0006473,0.0035801,-0.0070764,-0.021973,-0.0071766,0.0020148,0.001841,0.0062955,-0.0071864,-0.022692,-0.013614,0.00063586,0.00072309,0.082632,0.0080468,0.017842,0.014476,0.0018794,0.0020209,0.077602,0.011187,0.02575,0.011697,0.0035543,0.0037839,0.072311,0.013778,0.033652,0.012901,0.77704,746,"0"
-0.02626,0.71946,0.68785,-0.55787,0.66761,-0.46216,-0.17157,0.28301,3.4323,0.063204,3.1254,0.00012845,4.5539,4.8473,0.88024,6.4259,0.0086836,0.55867,6.1008e+16,6.1008e+16,6.1008e+16,6.1008e+16,NA,NA,0.3297,0.18108,0.3297,0.38169,0.45792,0.17922,NA,NA,327,36.734,7075,162870,16.47,284.17,56600,13976,3960,0.91521,0.94077,0.10965,0.074205,0.083029,0.4163,1575.6,873.81,0.010165,0.0013509,0.024886,0.026065,0.0020479,0.0037644,0.0085869,0.006303,1.3829,2.1061,0.45717,0.11351,0.42446,0.43039,0.13128,0.43801,0.37468,0.13467,0.43372,0.37237,5.4876,3.4431,9719.8,18956,15005,0.070194,0.072954,0.041279,0.15775,0.16368,0.048326,0.24743,0.25402,0.052711,0.32991,0.33487,0.055048,0.40836,0.41215,0.057031,0.00087459,0.00088358,0.0052598,-0.0065087,-0.02095,0.0014477,0.0033766,0.0035096,0.0096645,-0.005941,-0.020925,0.0096833,0.0089949,0.0092884,0.015211,-0.002797,-0.015295,0.012162,0.00024357,0.00029632,0.0036619,-0.0046696,-0.014931,0.018708,0.001578,0.0018257,0.010905,-0.0033042,-0.01504,0.028771,0.0052294,0.0058252,0.020903,0.001342,-0.009524,0.033392,0.00024347,0.00022421,0.0026369,-0.0057313,-0.018525,-0.0056082,0.00075661,0.00070176,0.0040482,-0.0070392,-0.022416,-0.0080157,0.0018855,0.0016848,0.0061032,-0.0075735,-0.023563,-0.017767,0.00038755,0.00036305,0.052173,0.0041119,0.013214,-0.0056338,0.001042,0.00098215,0.044572,0.0047992,0.019237,-0.0072296,0.0018804,0.0017786,0.039631,0.0052569,0.025842,-0.0085905,0.8867,746,"0"
-0.00073581,0.28676,0.28636,-0.84454,0.28456,-0.77757,-0.079302,0.13522,3.0756,0.074029,3.1765,2.7796e-05,2.8128,5.0415,0.31044,6.9266,0.0093602,0.84457,5.1224e+16,5.1224e+16,5.1224e+16,5.1224e+16,NA,NA,0.16587,0.12253,0.16587,0.36833,0.37729,0.16139,NA,NA,335,33.91,4399,72605,13.782,211.54,35192,14208,10472,0.91583,0.94331,0.11464,0.075395,0.087735,0.45747,1896.8,1172.1,0.011807,0.0019436,0.02265,0.024303,0.0032892,0.00031164,0.0052065,0.0085392,0.98814,1.537,0.44083,0.10934,0.41995,0.44736,0.11862,0.41913,0.43795,0.1191,0.42066,0.43695,7.4164,3.5789,11482,21532,17694,0.087893,0.091884,0.05021,0.17028,0.17595,0.050674,0.24797,0.25161,0.051316,0.31631,0.31668,0.051271,0.37774,0.37539,0.051247,0.001542,0.0015067,0.0090088,-0.0044676,-0.019496,-0.0051344,0.0060026,0.0059781,0.01669,-0.00086801,-0.01678,-0.0015121,0.014873,0.015147,0.024433,0.0056022,-0.0086751,0.010074,0.00052963,0.00055421,0.007735,-0.0032666,-0.014549,0.0063086,0.0025223,0.0026289,0.016934,-0.00045401,-0.013843,0.010584,0.006732,0.0069744,0.02614,0.0046127,-0.0081692,0.013352,5.466e-05,5.5836e-05,0.00057507,-0.0063751,-0.019348,0.0020562,0.00089057,0.00090048,0.0046287,-0.0065919,-0.022485,0.0020079,0.0038399,0.004015,0.012074,-0.0036506,-0.021181,0.01355,0.00095774,0.00089664,0.12525,0.013286,0.023413,-0.010806,0.002591,0.0024498,0.10767,0.016743,0.03324,-0.012005,0.0043706,0.0042174,0.089483,0.018038,0.040623,-0.0096719,0.77647,746,"0"
